{
  "type": "FeatureCollection",
  "crs": {
    "type": "name",
    "properties": {
      "name": "urn:ogc:def:crs:OGC:1.3:CRS84"
    }
  },
  "features": [
    {
      "type": "Feature",
      "properties": {
        "NM_LOCALIDADE": "Serra do Navio",
        "CD_LOCALIDADE": 1600055.0,
        "SIGLA_UF": "AP",
        "NM_UF": "Amapá",
        "CD_UF": 16,
        "NM_MUN": "Serra do Navio",
        "CD_MUN": 1600055,
        "CT_LOCALIDADE": "Cidade",
        "SCT_LOCALIDADE": "Sede Municipal",
        "NM_RGINT": "Oiapoque - Porto Grande",
        "CD_RGINT": 1602,
        "NM_RGI": "Porto Grande",
        "CD_RGI": 160004,
        "LAT_LOCALIDADE": 0.901199996471405,
        "LONG_LOCALIDADE": -52.0026016235352,
        "CATEGORIA_MAPA": "Sede",
        "DIST_MUNICIPIO": 0.0,
        "DIST_INFOVIA": 142.37
      },
      "geometry": {
        "type": "Point",
        "coordinates": [
          -52.002592,
          0.901233999970333
        ]
      }
    },
    {
      "type": "Feature",
      "properties": {
        "NM_LOCALIDADE": "Amapá",
        "CD_LOCALIDADE": 1600105.0,
        "SIGLA_UF": "AP",
        "NM_UF": "Amapá",
        "CD_UF": 16,
        "NM_MUN": "Amapá",
        "CD_MUN": 1600105,
        "CT_LOCALIDADE": "Cidade",
        "SCT_LOCALIDADE": "Sede Municipal",
        "NM_RGINT": "Oiapoque - Porto Grande",
        "CD_RGINT": 1602,
        "NM_RGI": "Oiapoque",
        "CD_RGI": 160003,
        "LAT_LOCALIDADE": 2.05019998550415,
        "LONG_LOCALIDADE": -50.7916984558105,
        "CATEGORIA_MAPA": "Sede",
        "DIST_MUNICIPIO": 0.0,
        "DIST_INFOVIA": 225.54
      },
      "geometry": {
        "type": "Point",
        "coordinates": [
          -50.791659,
          2.050229999932557
        ]
      }
    },
    {
      "type": "Feature",
      "properties": {
        "NM_LOCALIDADE": "Pedra Branca do Amapari",
        "CD_LOCALIDADE": 1600154.0,
        "SIGLA_UF": "AP",
        "NM_UF": "Amapá",
        "CD_UF": 16,
        "NM_MUN": "Pedra Branca do Amapari",
        "CD_MUN": 1600154,
        "CT_LOCALIDADE": "Cidade",
        "SCT_LOCALIDADE": "Sede Municipal",
        "NM_RGINT": "Oiapoque - Porto Grande",
        "CD_RGINT": 1602,
        "NM_RGI": "Porto Grande",
        "CD_RGI": 160004,
        "LAT_LOCALIDADE": 0.777499973773956,
        "LONG_LOCALIDADE": -51.9524993896484,
        "CATEGORIA_MAPA": "Sede",
        "DIST_MUNICIPIO": 0.0,
        "DIST_INFOVIA": 129.14
      },
      "geometry": {
        "type": "Point",
        "coordinates": [
          -51.952512,
          0.777460999974406
        ]
      }
    },
    {
      "type": "Feature",
      "properties": {
        "NM_LOCALIDADE": "Calçoene",
        "CD_LOCALIDADE": 1600204.0,
        "SIGLA_UF": "AP",
        "NM_UF": "Amapá",
        "CD_UF": 16,
        "NM_MUN": "Calçoene",
        "CD_MUN": 1600204,
        "CT_LOCALIDADE": "Cidade",
        "SCT_LOCALIDADE": "Sede Municipal",
        "NM_RGINT": "Oiapoque - Porto Grande",
        "CD_RGINT": 1602,
        "NM_RGI": "Oiapoque",
        "CD_RGI": 160003,
        "LAT_LOCALIDADE": 2.49279999732971,
        "LONG_LOCALIDADE": -50.9505004882812,
        "CATEGORIA_MAPA": "Sede",
        "DIST_MUNICIPIO": 0.0,
        "DIST_INFOVIA": 273.08
      },
      "geometry": {
        "type": "Point",
        "coordinates": [
          -50.95049,
          2.492761999918033
        ]
      }
    },
    {
      "type": "Feature",
      "properties": {
        "NM_LOCALIDADE": "Cutias",
        "CD_LOCALIDADE": 1600212.0,
        "SIGLA_UF": "AP",
        "NM_UF": "Amapá",
        "CD_UF": 16,
        "NM_MUN": "Cutias",
        "CD_MUN": 1600212,
        "CT_LOCALIDADE": "Cidade",
        "SCT_LOCALIDADE": "Sede Municipal",
        "NM_RGINT": "Oiapoque - Porto Grande",
        "CD_RGINT": 1602,
        "NM_RGI": "Oiapoque",
        "CD_RGI": 160003,
        "LAT_LOCALIDADE": 0.972400009632111,
        "LONG_LOCALIDADE": -50.7995986938477,
        "CATEGORIA_MAPA": "Sede",
        "DIST_MUNICIPIO": 0.0,
        "DIST_INFOVIA": 107.61
      },
      "geometry": {
        "type": "Point",
        "coordinates": [
          -50.799587,
          0.972365999967992
        ]
      }
    },
    {
      "type": "Feature",
      "properties": {
        "NM_LOCALIDADE": "Ferreira Gomes",
        "CD_LOCALIDADE": 1600238.0,
        "SIGLA_UF": "AP",
        "NM_UF": "Amapá",
        "CD_UF": 16,
        "NM_MUN": "Ferreira Gomes",
        "CD_MUN": 1600238,
        "CT_LOCALIDADE": "Cidade",
        "SCT_LOCALIDADE": "Sede Municipal",
        "NM_RGINT": "Oiapoque - Porto Grande",
        "CD_RGINT": 1602,
        "NM_RGI": "Porto Grande",
        "CD_RGI": 160004,
        "LAT_LOCALIDADE": 0.860300004482269,
        "LONG_LOCALIDADE": -51.1806983947754,
        "CATEGORIA_MAPA": "Sede",
        "DIST_MUNICIPIO": 0.0,
        "DIST_INFOVIA": 92.36
      },
      "geometry": {
        "type": "Point",
        "coordinates": [
          -51.180674,
          0.860348999971678
        ]
      }
    },
    {
      "type": "Feature",
      "properties": {
        "NM_LOCALIDADE": "Itaubal",
        "CD_LOCALIDADE": 1600253.0,
        "SIGLA_UF": "AP",
        "NM_UF": "Amapá",
        "CD_UF": 16,
        "NM_MUN": "Itaubal",
        "CD_MUN": 1600253,
        "CT_LOCALIDADE": "Cidade",
        "SCT_LOCALIDADE": "Sede Municipal",
        "NM_RGINT": "Macapá",
        "CD_RGINT": 1601,
        "NM_RGI": "Macapá",
        "CD_RGI": 160001,
        "LAT_LOCALIDADE": 0.603200018405914,
        "LONG_LOCALIDADE": -50.6988983154297,
        "CATEGORIA_MAPA": "Sede",
        "DIST_MUNICIPIO": 0.0,
        "DIST_INFOVIA": 74.22
      },
      "geometry": {
        "type": "Point",
        "coordinates": [
          -50.698934,
          0.603188999980142
        ]
      }
    },
    {
      "type": "Feature",
      "properties": {
        "NM_LOCALIDADE": "Laranjal do Jari",
        "CD_LOCALIDADE": 1600279.0,
        "SIGLA_UF": "AP",
        "NM_UF": "Amapá",
        "CD_UF": 16,
        "NM_MUN": "Laranjal do Jari",
        "CD_MUN": 1600279,
        "CT_LOCALIDADE": "Cidade",
        "SCT_LOCALIDADE": "Sede Municipal",
        "NM_RGINT": "Macapá",
        "CD_RGINT": 1601,
        "NM_RGI": "Laranjal do Jari",
        "CD_RGI": 160002,
        "LAT_LOCALIDADE": -0.841300010681152,
        "LONG_LOCALIDADE": -52.5201988220215,
        "CATEGORIA_MAPA": "Sede",
        "DIST_MUNICIPIO": 0.0,
        "DIST_INFOVIA": 76.88
      },
      "geometry": {
        "type": "Point",
        "coordinates": [
          -52.520238,
          -0.841265999972306
        ]
      }
    },
    {
      "type": "Feature",
      "properties": {
        "NM_LOCALIDADE": "Macapá",
        "CD_LOCALIDADE": 1600303.0,
        "SIGLA_UF": "AP",
        "NM_UF": "Amapá",
        "CD_UF": 16,
        "NM_MUN": "Macapá",
        "CD_MUN": 1600303,
        "CT_LOCALIDADE": "Cidade",
        "SCT_LOCALIDADE": "Capital Estadual",
        "NM_RGINT": "Macapá",
        "CD_RGINT": 1601,
        "NM_RGI": "Macapá",
        "CD_RGI": 160001,
        "LAT_LOCALIDADE": 0.0406999997794628,
        "LONG_LOCALIDADE": -51.0573997497559,
        "CATEGORIA_MAPA": "Sede",
        "DIST_MUNICIPIO": 0.0,
        "DIST_INFOVIA": 0.24
      },
      "geometry": {
        "type": "Point",
        "coordinates": [
          -51.057374,
          0.040740999998659
        ]
      }
    },
    {
      "type": "Feature",
      "properties": {
        "NM_LOCALIDADE": "Macapá",
        "CD_LOCALIDADE": 1600303.0,
        "SIGLA_UF": "AP",
        "NM_UF": "Amapá",
        "CD_UF": 16,
        "NM_MUN": "Macapá",
        "CD_MUN": 1600303,
        "CT_LOCALIDADE": "Cidade",
        "SCT_LOCALIDADE": "Sede Municipal",
        "NM_RGINT": "Macapá",
        "CD_RGINT": 1601,
        "NM_RGI": "Macapá",
        "CD_RGI": 160001,
        "LAT_LOCALIDADE": 0.0406999997794628,
        "LONG_LOCALIDADE": -51.0573997497559,
        "CATEGORIA_MAPA": "Sede",
        "DIST_MUNICIPIO": 0.0,
        "DIST_INFOVIA": 0.24
      },
      "geometry": {
        "type": "Point",
        "coordinates": [
          -51.057374,
          0.040740999998659
        ]
      }
    },
    {
      "type": "Feature",
      "properties": {
        "NM_LOCALIDADE": "Mazagão",
        "CD_LOCALIDADE": 1600402.0,
        "SIGLA_UF": "AP",
        "NM_UF": "Amapá",
        "CD_UF": 16,
        "NM_MUN": "Mazagão",
        "CD_MUN": 1600402,
        "CT_LOCALIDADE": "Cidade",
        "SCT_LOCALIDADE": "Sede Municipal",
        "NM_RGINT": "Macapá",
        "CD_RGINT": 1601,
        "NM_RGI": "Macapá",
        "CD_RGI": 160001,
        "LAT_LOCALIDADE": -0.115900002419949,
        "LONG_LOCALIDADE": -51.2840003967285,
        "CATEGORIA_MAPA": "Sede",
        "DIST_MUNICIPIO": 0.0,
        "DIST_INFOVIA": 8.0
      },
      "geometry": {
        "type": "Point",
        "coordinates": [
          -51.283959,
          -0.115932999996183
        ]
      }
    },
    {
      "type": "Feature",
      "properties": {
        "NM_LOCALIDADE": "Oiapoque",
        "CD_LOCALIDADE": 1600501.0,
        "SIGLA_UF": "AP",
        "NM_UF": "Amapá",
        "CD_UF": 16,
        "NM_MUN": "Oiapoque",
        "CD_MUN": 1600501,
        "CT_LOCALIDADE": "Cidade",
        "SCT_LOCALIDADE": "Sede Municipal",
        "NM_RGINT": "Oiapoque - Porto Grande",
        "CD_RGINT": 1602,
        "NM_RGI": "Oiapoque",
        "CD_RGI": 160003,
        "LAT_LOCALIDADE": 3.84699988365173,
        "LONG_LOCALIDADE": -51.837100982666,
        "CATEGORIA_MAPA": "Sede",
        "DIST_MUNICIPIO": 0.0,
        "DIST_INFOVIA": 432.21
      },
      "geometry": {
        "type": "Point",
        "coordinates": [
          -51.8371,
          3.846964999873725
        ]
      }
    },
    {
      "type": "Feature",
      "properties": {
        "NM_LOCALIDADE": "Porto Grande",
        "CD_LOCALIDADE": 1600535.0,
        "SIGLA_UF": "AP",
        "NM_UF": "Amapá",
        "CD_UF": 16,
        "NM_MUN": "Porto Grande",
        "CD_MUN": 1600535,
        "CT_LOCALIDADE": "Cidade",
        "SCT_LOCALIDADE": "Sede Municipal",
        "NM_RGINT": "Oiapoque - Porto Grande",
        "CD_RGINT": 1602,
        "NM_RGI": "Porto Grande",
        "CD_RGI": 160004,
        "LAT_LOCALIDADE": 0.705399990081787,
        "LONG_LOCALIDADE": -51.4094009399414,
        "CATEGORIA_MAPA": "Sede",
        "DIST_MUNICIPIO": 0.0,
        "DIST_INFOVIA": 83.86
      },
      "geometry": {
        "type": "Point",
        "coordinates": [
          -51.409355,
          0.705402999976778
        ]
      }
    },
    {
      "type": "Feature",
      "properties": {
        "NM_LOCALIDADE": "Pracuúba",
        "CD_LOCALIDADE": 1600550.0,
        "SIGLA_UF": "AP",
        "NM_UF": "Amapá",
        "CD_UF": 16,
        "NM_MUN": "Pracuúba",
        "CD_MUN": 1600550,
        "CT_LOCALIDADE": "Cidade",
        "SCT_LOCALIDADE": "Sede Municipal",
        "NM_RGINT": "Oiapoque - Porto Grande",
        "CD_RGINT": 1602,
        "NM_RGI": "Oiapoque",
        "CD_RGI": 160003,
        "LAT_LOCALIDADE": 1.74619996547699,
        "LONG_LOCALIDADE": -50.7832984924316,
        "CATEGORIA_MAPA": "Sede",
        "DIST_MUNICIPIO": 0.0,
        "DIST_INFOVIA": 192.22
      },
      "geometry": {
        "type": "Point",
        "coordinates": [
          -50.783302,
          1.746172999942545
        ]
      }
    },
    {
      "type": "Feature",
      "properties": {
        "NM_LOCALIDADE": "Santana",
        "CD_LOCALIDADE": 1600600.0,
        "SIGLA_UF": "AP",
        "NM_UF": "Amapá",
        "CD_UF": 16,
        "NM_MUN": "Santana",
        "CD_MUN": 1600600,
        "CT_LOCALIDADE": "Cidade",
        "SCT_LOCALIDADE": "Sede Municipal",
        "NM_RGINT": "Macapá",
        "CD_RGINT": 1601,
        "NM_RGI": "Macapá",
        "CD_RGI": 160001,
        "LAT_LOCALIDADE": -0.030799999833107,
        "LONG_LOCALIDADE": -51.1780014038086,
        "CATEGORIA_MAPA": "Sede",
        "DIST_MUNICIPIO": 0.0,
        "DIST_INFOVIA": 8.02
      },
      "geometry": {
        "type": "Point",
        "coordinates": [
          -51.178037,
          -0.030766999998987
        ]
      }
    },
    {
      "type": "Feature",
      "properties": {
        "NM_LOCALIDADE": "Tartarugalzinho",
        "CD_LOCALIDADE": 1600709.0,
        "SIGLA_UF": "AP",
        "NM_UF": "Amapá",
        "CD_UF": 16,
        "NM_MUN": "Tartarugalzinho",
        "CD_MUN": 1600709,
        "CT_LOCALIDADE": "Cidade",
        "SCT_LOCALIDADE": "Sede Municipal",
        "NM_RGINT": "Oiapoque - Porto Grande",
        "CD_RGINT": 1602,
        "NM_RGI": "Oiapoque",
        "CD_RGI": 160003,
        "LAT_LOCALIDADE": 1.50600004196167,
        "LONG_LOCALIDADE": -50.910400390625,
        "CATEGORIA_MAPA": "Sede",
        "DIST_MUNICIPIO": 0.0,
        "DIST_INFOVIA": 163.91
      },
      "geometry": {
        "type": "Point",
        "coordinates": [
          -50.910408,
          1.506039999950439
        ]
      }
    },
    {
      "type": "Feature",
      "properties": {
        "NM_LOCALIDADE": "Vitória do Jari",
        "CD_LOCALIDADE": 1600808.0,
        "SIGLA_UF": "AP",
        "NM_UF": "Amapá",
        "CD_UF": 16,
        "NM_MUN": "Vitória do Jari",
        "CD_MUN": 1600808,
        "CT_LOCALIDADE": "Cidade",
        "SCT_LOCALIDADE": "Sede Municipal",
        "NM_RGINT": "Macapá",
        "CD_RGINT": 1601,
        "NM_RGI": "Laranjal do Jari",
        "CD_RGI": 160002,
        "LAT_LOCALIDADE": -0.928900003433228,
        "LONG_LOCALIDADE": -52.4283981323242,
        "CATEGORIA_MAPA": "Sede",
        "DIST_MUNICIPIO": 0.0,
        "DIST_INFOVIA": 65.31
      },
      "geometry": {
        "type": "Point",
        "coordinates": [
          -52.428353,
          -0.928897999969423
        ]
      }
    },
    {
      "type": "Feature",
      "properties": {
        "NM_LOCALIDADE": "Cachaço",
        "CD_LOCALIDADE": 160005510.0,
        "SIGLA_UF": "AP",
        "NM_UF": "Amapá",
        "CD_UF": 16,
        "NM_MUN": "Serra do Navio",
        "CD_MUN": 1600055,
        "CT_LOCALIDADE": "Vila",
        "SCT_LOCALIDADE": "",
        "NM_RGINT": "Oiapoque - Porto Grande",
        "CD_RGINT": 1602,
        "NM_RGI": "Porto Grande",
        "CD_RGI": 160004,
        "LAT_LOCALIDADE": 0.882499992847443,
        "LONG_LOCALIDADE": -52.0181999206543,
        "CATEGORIA_MAPA": "Vila",
        "DIST_MUNICIPIO": 2.71,
        "DIST_INFOVIA": 142.28
      },
      "geometry": {
        "type": "Point",
        "coordinates": [
          -52.018222,
          0.882516999970949
        ]
      }
    },
    {
      "type": "Feature",
      "properties": {
        "NM_LOCALIDADE": "Sucuriju",
        "CD_LOCALIDADE": 160010515.0,
        "SIGLA_UF": "AP",
        "NM_UF": "Amapá",
        "CD_UF": 16,
        "NM_MUN": "Amapá",
        "CD_MUN": 1600105,
        "CT_LOCALIDADE": "Vila",
        "SCT_LOCALIDADE": "",
        "NM_RGINT": "Oiapoque - Porto Grande",
        "CD_RGINT": 1602,
        "NM_RGI": "Oiapoque",
        "CD_RGI": 160003,
        "LAT_LOCALIDADE": 1.67739999294281,
        "LONG_LOCALIDADE": -49.9333000183105,
        "CATEGORIA_MAPA": "Vila",
        "DIST_MUNICIPIO": 104.01,
        "DIST_INFOVIA": 220.74
      },
      "geometry": {
        "type": "Point",
        "coordinates": [
          -49.933304,
          1.677409999944805
        ]
      }
    },
    {
      "type": "Feature",
      "properties": {
        "NM_LOCALIDADE": "Cunani",
        "CD_LOCALIDADE": 160020410.0,
        "SIGLA_UF": "AP",
        "NM_UF": "Amapá",
        "CD_UF": 16,
        "NM_MUN": "Calçoene",
        "CD_MUN": 1600204,
        "CT_LOCALIDADE": "Vila",
        "SCT_LOCALIDADE": "",
        "NM_RGINT": "Oiapoque - Porto Grande",
        "CD_RGINT": 1602,
        "NM_RGI": "Oiapoque",
        "CD_RGI": 160003,
        "LAT_LOCALIDADE": 2.85500001907349,
        "LONG_LOCALIDADE": -51.1268997192383,
        "CATEGORIA_MAPA": "Vila",
        "DIST_MUNICIPIO": 44.79,
        "DIST_INFOVIA": 313.2
      },
      "geometry": {
        "type": "Point",
        "coordinates": [
          -51.126857,
          2.854965999906161
        ]
      }
    },
    {
      "type": "Feature",
      "properties": {
        "NM_LOCALIDADE": "Lourenço",
        "CD_LOCALIDADE": 160020415.0,
        "SIGLA_UF": "AP",
        "NM_UF": "Amapá",
        "CD_UF": 16,
        "NM_MUN": "Calçoene",
        "CD_MUN": 1600204,
        "CT_LOCALIDADE": "Vila",
        "SCT_LOCALIDADE": "",
        "NM_RGINT": "Oiapoque - Porto Grande",
        "CD_RGINT": 1602,
        "NM_RGI": "Oiapoque",
        "CD_RGI": 160003,
        "LAT_LOCALIDADE": 2.31150007247925,
        "LONG_LOCALIDADE": -51.6320991516113,
        "CATEGORIA_MAPA": "Vila",
        "DIST_MUNICIPIO": 78.36,
        "DIST_INFOVIA": 260.67
      },
      "geometry": {
        "type": "Point",
        "coordinates": [
          -51.632109,
          2.311514999923979
        ]
      }
    },
    {
      "type": "Feature",
      "properties": {
        "NM_LOCALIDADE": "Bailique",
        "CD_LOCALIDADE": 160030310.0,
        "SIGLA_UF": "AP",
        "NM_UF": "Amapá",
        "CD_UF": 16,
        "NM_MUN": "Macapá",
        "CD_MUN": 1600303,
        "CT_LOCALIDADE": "Vila",
        "SCT_LOCALIDADE": "",
        "NM_RGINT": "Macapá",
        "CD_RGINT": 1601,
        "NM_RGI": "Macapá",
        "CD_RGI": 160001,
        "LAT_LOCALIDADE": 0.871399998664856,
        "LONG_LOCALIDADE": -50.048900604248,
        "CATEGORIA_MAPA": "Vila",
        "DIST_MUNICIPIO": 145.27,
        "DIST_INFOVIA": 143.48
      },
      "geometry": {
        "type": "Point",
        "coordinates": [
          -50.048909,
          0.871381999971315
        ]
      }
    },
    {
      "type": "Feature",
      "properties": {
        "NM_LOCALIDADE": "Carapanantuba",
        "CD_LOCALIDADE": 160030311.0,
        "SIGLA_UF": "AP",
        "NM_UF": "Amapá",
        "CD_UF": 16,
        "NM_MUN": "Macapá",
        "CD_MUN": 1600303,
        "CT_LOCALIDADE": "Vila",
        "SCT_LOCALIDADE": "",
        "NM_RGINT": "Macapá",
        "CD_RGINT": 1601,
        "NM_RGI": "Macapá",
        "CD_RGI": 160001,
        "LAT_LOCALIDADE": 0.188299998641014,
        "LONG_LOCALIDADE": -50.8558006286621,
        "CATEGORIA_MAPA": "Vila",
        "DIST_MUNICIPIO": 27.78,
        "DIST_INFOVIA": 26.27
      },
      "geometry": {
        "type": "Point",
        "coordinates": [
          -50.855785,
          0.1883199999938
        ]
      }
    },
    {
      "type": "Feature",
      "properties": {
        "NM_LOCALIDADE": "Fazendinha",
        "CD_LOCALIDADE": 160030312.0,
        "SIGLA_UF": "AP",
        "NM_UF": "Amapá",
        "CD_UF": 16,
        "NM_MUN": "Macapá",
        "CD_MUN": 1600303,
        "CT_LOCALIDADE": "Vila",
        "SCT_LOCALIDADE": "",
        "NM_RGINT": "Macapá",
        "CD_RGINT": 1601,
        "NM_RGI": "Macapá",
        "CD_RGI": 160001,
        "LAT_LOCALIDADE": -0.0546999983489513,
        "LONG_LOCALIDADE": -51.1155014038086,
        "CATEGORIA_MAPA": "Vila",
        "DIST_MUNICIPIO": 12.42,
        "DIST_INFOVIA": 0.59
      },
      "geometry": {
        "type": "Point",
        "coordinates": [
          -51.115528,
          -0.0546609999982
        ]
      }
    },
    {
      "type": "Feature",
      "properties": {
        "NM_LOCALIDADE": "São Joaquim do Pacuí",
        "CD_LOCALIDADE": 160030324.0,
        "SIGLA_UF": "AP",
        "NM_UF": "Amapá",
        "CD_UF": 16,
        "NM_MUN": "Macapá",
        "CD_MUN": 1600303,
        "CT_LOCALIDADE": "Vila",
        "SCT_LOCALIDADE": "",
        "NM_RGINT": "Macapá",
        "CD_RGINT": 1601,
        "NM_RGI": "Macapá",
        "CD_RGI": 160001,
        "LAT_LOCALIDADE": 0.807500004768372,
        "LONG_LOCALIDADE": -50.7523002624512,
        "CATEGORIA_MAPA": "Vila",
        "DIST_MUNICIPIO": 91.76,
        "DIST_INFOVIA": 91.86
      },
      "geometry": {
        "type": "Point",
        "coordinates": [
          -50.752263,
          0.807475999973418
        ]
      }
    },
    {
      "type": "Feature",
      "properties": {
        "NM_LOCALIDADE": "Carvão",
        "CD_LOCALIDADE": 160040208.0,
        "SIGLA_UF": "AP",
        "NM_UF": "Amapá",
        "CD_UF": 16,
        "NM_MUN": "Mazagão",
        "CD_MUN": 1600402,
        "CT_LOCALIDADE": "Vila",
        "SCT_LOCALIDADE": "",
        "NM_RGINT": "Macapá",
        "CD_RGINT": 1601,
        "NM_RGI": "Macapá",
        "CD_RGI": 160001,
        "LAT_LOCALIDADE": -0.186599999666214,
        "LONG_LOCALIDADE": -51.3541984558105,
        "CATEGORIA_MAPA": "Vila",
        "DIST_MUNICIPIO": 11.08,
        "DIST_INFOVIA": 7.33
      },
      "geometry": {
        "type": "Point",
        "coordinates": [
          -51.354232,
          -0.186556999993858
        ]
      }
    },
    {
      "type": "Feature",
      "properties": {
        "NM_LOCALIDADE": "Mazagão Velho",
        "CD_LOCALIDADE": 160040215.0,
        "SIGLA_UF": "AP",
        "NM_UF": "Amapá",
        "CD_UF": 16,
        "NM_MUN": "Mazagão",
        "CD_MUN": 1600402,
        "CT_LOCALIDADE": "Vila",
        "SCT_LOCALIDADE": "",
        "NM_RGINT": "Macapá",
        "CD_RGINT": 1601,
        "NM_RGI": "Macapá",
        "CD_RGI": 160001,
        "LAT_LOCALIDADE": -0.221699997782707,
        "LONG_LOCALIDADE": -51.4314994812012,
        "CATEGORIA_MAPA": "Vila",
        "DIST_MUNICIPIO": 20.19,
        "DIST_INFOVIA": 11.88
      },
      "geometry": {
        "type": "Point",
        "coordinates": [
          -51.431529,
          -0.2217139999927
        ]
      }
    },
    {
      "type": "Feature",
      "properties": {
        "NM_LOCALIDADE": "Clevelândia do Norte",
        "CD_LOCALIDADE": 160050110.0,
        "SIGLA_UF": "AP",
        "NM_UF": "Amapá",
        "CD_UF": 16,
        "NM_MUN": "Oiapoque",
        "CD_MUN": 1600501,
        "CT_LOCALIDADE": "Vila",
        "SCT_LOCALIDADE": "",
        "NM_RGINT": "Oiapoque - Porto Grande",
        "CD_RGINT": 1602,
        "NM_RGI": "Oiapoque",
        "CD_RGI": 160003,
        "LAT_LOCALIDADE": 3.81459999084473,
        "LONG_LOCALIDADE": -51.8648986816406,
        "CATEGORIA_MAPA": "Vila",
        "DIST_MUNICIPIO": 4.74,
        "DIST_INFOVIA": 429.32
      },
      "geometry": {
        "type": "Point",
        "coordinates": [
          -51.864911,
          3.814571999874784
        ]
      }
    },
    {
      "type": "Feature",
      "properties": {
        "NM_LOCALIDADE": "Vila Velha",
        "CD_LOCALIDADE": 160050115.0,
        "SIGLA_UF": "AP",
        "NM_UF": "Amapá",
        "CD_UF": 16,
        "NM_MUN": "Oiapoque",
        "CD_MUN": 1600501,
        "CT_LOCALIDADE": "Vila",
        "SCT_LOCALIDADE": "",
        "NM_RGINT": "Oiapoque - Porto Grande",
        "CD_RGINT": 1602,
        "NM_RGI": "Oiapoque",
        "CD_RGI": 160003,
        "LAT_LOCALIDADE": 3.21119999885559,
        "LONG_LOCALIDADE": -51.2285003662109,
        "CATEGORIA_MAPA": "Vila",
        "DIST_MUNICIPIO": 97.78,
        "DIST_INFOVIA": 353.24
      },
      "geometry": {
        "type": "Point",
        "coordinates": [
          -51.228468,
          3.211221999894497
        ]
      }
    },
    {
      "type": "Feature",
      "properties": {
        "NM_LOCALIDADE": "Vila Brasil",
        "CD_LOCALIDADE": 160050120.0,
        "SIGLA_UF": "AP",
        "NM_UF": "Amapá",
        "CD_UF": 16,
        "NM_MUN": "Oiapoque",
        "CD_MUN": 1600501,
        "CT_LOCALIDADE": "Vila",
        "SCT_LOCALIDADE": "",
        "NM_RGINT": "Oiapoque - Porto Grande",
        "CD_RGINT": 1602,
        "NM_RGI": "Oiapoque",
        "CD_RGI": 160003,
        "LAT_LOCALIDADE": 3.17079997062683,
        "LONG_LOCALIDADE": -52.3294982910156,
        "CATEGORIA_MAPA": "Vila",
        "DIST_MUNICIPIO": 92.94,
        "DIST_INFOVIA": 375.89
      },
      "geometry": {
        "type": "Point",
        "coordinates": [
          -52.329467,
          3.170828999895818
        ]
      }
    },
    {
      "type": "Feature",
      "properties": {
        "NM_LOCALIDADE": "Anauerapucu",
        "CD_LOCALIDADE": 160060007.0,
        "SIGLA_UF": "AP",
        "NM_UF": "Amapá",
        "CD_UF": 16,
        "NM_MUN": "Santana",
        "CD_MUN": 1600600,
        "CT_LOCALIDADE": "Vila",
        "SCT_LOCALIDADE": "",
        "NM_RGINT": "Macapá",
        "CD_RGINT": 1601,
        "NM_RGI": "Macapá",
        "CD_RGI": 160001,
        "LAT_LOCALIDADE": -0.0680999979376793,
        "LONG_LOCALIDADE": -51.257999420166,
        "CATEGORIA_MAPA": "Vila",
        "DIST_MUNICIPIO": 9.81,
        "DIST_INFOVIA": 9.41
      },
      "geometry": {
        "type": "Point",
        "coordinates": [
          -51.258016,
          -0.068055999997759
        ]
      }
    },
    {
      "type": "Feature",
      "properties": {
        "NM_LOCALIDADE": "Igarapé do Lago",
        "CD_LOCALIDADE": 160060010.0,
        "SIGLA_UF": "AP",
        "NM_UF": "Amapá",
        "CD_UF": 16,
        "NM_MUN": "Santana",
        "CD_MUN": 1600600,
        "CT_LOCALIDADE": "Vila",
        "SCT_LOCALIDADE": "",
        "NM_RGINT": "Macapá",
        "CD_RGINT": 1601,
        "NM_RGI": "Macapá",
        "CD_RGI": 160001,
        "LAT_LOCALIDADE": 0.0725999996066093,
        "LONG_LOCALIDADE": -51.4412994384766,
        "CATEGORIA_MAPA": "Vila",
        "DIST_MUNICIPIO": 31.45,
        "DIST_INFOVIA": 35.01
      },
      "geometry": {
        "type": "Point",
        "coordinates": [
          -51.441298,
          0.072611999997609
        ]
      }
    },
    {
      "type": "Feature",
      "properties": {
        "NM_LOCALIDADE": "Ilha de Santana",
        "CD_LOCALIDADE": 160060015.0,
        "SIGLA_UF": "AP",
        "NM_UF": "Amapá",
        "CD_UF": 16,
        "NM_MUN": "Santana",
        "CD_MUN": 1600600,
        "CT_LOCALIDADE": "Vila",
        "SCT_LOCALIDADE": "",
        "NM_RGINT": "Macapá",
        "CD_RGINT": 1601,
        "NM_RGI": "Macapá",
        "CD_RGI": 160001,
        "LAT_LOCALIDADE": -0.0658000037074089,
        "LONG_LOCALIDADE": -51.1730003356934,
        "CATEGORIA_MAPA": "Vila",
        "DIST_MUNICIPIO": 3.94,
        "DIST_INFOVIA": 5.15
      },
      "geometry": {
        "type": "Point",
        "coordinates": [
          -51.173027,
          -0.065836999997832
        ]
      }
    },
    {
      "type": "Feature",
      "properties": {
        "NM_LOCALIDADE": "Piaçacá",
        "CD_LOCALIDADE": 160060020.0,
        "SIGLA_UF": "AP",
        "NM_UF": "Amapá",
        "CD_UF": 16,
        "NM_MUN": "Santana",
        "CD_MUN": 1600600,
        "CT_LOCALIDADE": "Vila",
        "SCT_LOCALIDADE": "",
        "NM_RGINT": "Macapá",
        "CD_RGINT": 1601,
        "NM_RGI": "Macapá",
        "CD_RGI": 160001,
        "LAT_LOCALIDADE": 0.29339998960495,
        "LONG_LOCALIDADE": -51.4943008422852,
        "CATEGORIA_MAPA": "Vila",
        "DIST_MUNICIPIO": 50.36,
        "DIST_INFOVIA": 56.35
      },
      "geometry": {
        "type": "Point",
        "coordinates": [
          -51.494325,
          0.293360999990342
        ]
      }
    },
    {
      "type": "Feature",
      "properties": {
        "NM_LOCALIDADE": "Pirativa",
        "CD_LOCALIDADE": 160060023.0,
        "SIGLA_UF": "AP",
        "NM_UF": "Amapá",
        "CD_UF": 16,
        "NM_MUN": "Santana",
        "CD_MUN": 1600600,
        "CT_LOCALIDADE": "Vila",
        "SCT_LOCALIDADE": "",
        "NM_RGINT": "Macapá",
        "CD_RGINT": 1601,
        "NM_RGI": "Macapá",
        "CD_RGI": 160001,
        "LAT_LOCALIDADE": 0.0603000000119209,
        "LONG_LOCALIDADE": -51.2999992370605,
        "CATEGORIA_MAPA": "Vila",
        "DIST_MUNICIPIO": 16.92,
        "DIST_INFOVIA": 23.45
      },
      "geometry": {
        "type": "Point",
        "coordinates": [
          -51.299964,
          0.060307999998014
        ]
      }
    },
    {
      "type": "Feature",
      "properties": {
        "NM_LOCALIDADE": "Água Branca",
        "CD_LOCALIDADE": 160005500002.0,
        "SIGLA_UF": "AP",
        "NM_UF": "Amapá",
        "CD_UF": 16,
        "NM_MUN": "Serra do Navio",
        "CD_MUN": 1600055,
        "CT_LOCALIDADE": "Povoado",
        "SCT_LOCALIDADE": "",
        "NM_RGINT": "Oiapoque - Porto Grande",
        "CD_RGINT": 1602,
        "NM_RGI": "Porto Grande",
        "CD_RGI": 160004,
        "LAT_LOCALIDADE": 0.938700020313263,
        "LONG_LOCALIDADE": -51.9952011108398,
        "CATEGORIA_MAPA": "Rural",
        "DIST_MUNICIPIO": 4.25,
        "DIST_INFOVIA": 144.61
      },
      "geometry": {
        "type": "Point",
        "coordinates": [
          -51.995219905775,
          0.93874152276545
        ]
      }
    },
    {
      "type": "Feature",
      "properties": {
        "NM_LOCALIDADE": "Nossa Senhora do Perpétuo Socorro",
        "CD_LOCALIDADE": 160005500003.0,
        "SIGLA_UF": "AP",
        "NM_UF": "Amapá",
        "CD_UF": 16,
        "NM_MUN": "Serra do Navio",
        "CD_MUN": 1600055,
        "CT_LOCALIDADE": "Povoado",
        "SCT_LOCALIDADE": "",
        "NM_RGINT": "Oiapoque - Porto Grande",
        "CD_RGINT": 1602,
        "NM_RGI": "Porto Grande",
        "CD_RGI": 160004,
        "LAT_LOCALIDADE": 0.947399973869324,
        "LONG_LOCALIDADE": -51.996898651123,
        "CATEGORIA_MAPA": "Rural",
        "DIST_MUNICIPIO": 5.18,
        "DIST_INFOVIA": 145.42
      },
      "geometry": {
        "type": "Point",
        "coordinates": [
          -51.99688973,
          0.947437789968812
        ]
      }
    },
    {
      "type": "Feature",
      "properties": {
        "NM_LOCALIDADE": "Silvestre",
        "CD_LOCALIDADE": 160005500004.0,
        "SIGLA_UF": "AP",
        "NM_UF": "Amapá",
        "CD_UF": 16,
        "NM_MUN": "Serra do Navio",
        "CD_MUN": 1600055,
        "CT_LOCALIDADE": "Povoado",
        "SCT_LOCALIDADE": "",
        "NM_RGINT": "Oiapoque - Porto Grande",
        "CD_RGINT": 1602,
        "NM_RGI": "Porto Grande",
        "CD_RGI": 160004,
        "LAT_LOCALIDADE": 0.935599982738495,
        "LONG_LOCALIDADE": -51.934398651123,
        "CATEGORIA_MAPA": "Rural",
        "DIST_MUNICIPIO": 8.49,
        "DIST_INFOVIA": 139.56
      },
      "geometry": {
        "type": "Point",
        "coordinates": [
          -51.9343704130434,
          0.935620065186593
        ]
      }
    },
    {
      "type": "Feature",
      "properties": {
        "NM_LOCALIDADE": "Isolados do Rio Amapari / Alto Oiapoque",
        "CD_LOCALIDADE": 160005500005.0,
        "SIGLA_UF": "AP",
        "NM_UF": "Amapá",
        "CD_UF": 16,
        "NM_MUN": "Serra do Navio",
        "CD_MUN": 1600055,
        "CT_LOCALIDADE": "Localidade Indígena",
        "SCT_LOCALIDADE": "Outras Localidades Indígenas",
        "NM_RGINT": "Oiapoque - Porto Grande",
        "CD_RGINT": 1602,
        "NM_RGI": "Porto Grande",
        "CD_RGI": 160004,
        "LAT_LOCALIDADE": 1.95019996166229,
        "LONG_LOCALIDADE": -52.3923988342285,
        "CATEGORIA_MAPA": "Rural",
        "DIST_MUNICIPIO": 124.42,
        "DIST_INFOVIA": 259.29
      },
      "geometry": {
        "type": "Point",
        "coordinates": [
          -52.3923508844237,
          1.950179123525322
        ]
      }
    },
    {
      "type": "Feature",
      "properties": {
        "NM_LOCALIDADE": "Agrovila do PA Piquiá do Amapá",
        "CD_LOCALIDADE": 160010500002.0,
        "SIGLA_UF": "AP",
        "NM_UF": "Amapá",
        "CD_UF": 16,
        "NM_MUN": "Amapá",
        "CD_MUN": 1600105,
        "CT_LOCALIDADE": "Povoado",
        "SCT_LOCALIDADE": "",
        "NM_RGINT": "Oiapoque - Porto Grande",
        "CD_RGINT": 1602,
        "NM_RGI": "Oiapoque",
        "CD_RGI": 160003,
        "LAT_LOCALIDADE": 1.86989998817444,
        "LONG_LOCALIDADE": -50.9267997741699,
        "CATEGORIA_MAPA": "Rural",
        "DIST_MUNICIPIO": 25.06,
        "DIST_INFOVIA": 204.07
      },
      "geometry": {
        "type": "Point",
        "coordinates": [
          -50.9268174347826,
          1.869850478199342
        ]
      }
    },
    {
      "type": "Feature",
      "properties": {
        "NM_LOCALIDADE": "Agrovila do PA Piquiá do Amapá",
        "CD_LOCALIDADE": 160010500002.0,
        "SIGLA_UF": "AP",
        "NM_UF": "Amapá",
        "CD_UF": 16,
        "NM_MUN": "Amapá",
        "CD_MUN": 1600105,
        "CT_LOCALIDADE": "Agrovila do PA",
        "SCT_LOCALIDADE": "",
        "NM_RGINT": "Oiapoque - Porto Grande",
        "CD_RGINT": 1602,
        "NM_RGI": "Oiapoque",
        "CD_RGI": 160003,
        "LAT_LOCALIDADE": 1.86989998817444,
        "LONG_LOCALIDADE": -50.9267997741699,
        "CATEGORIA_MAPA": "Rural",
        "DIST_MUNICIPIO": 25.06,
        "DIST_INFOVIA": 204.07
      },
      "geometry": {
        "type": "Point",
        "coordinates": [
          -50.9268174347826,
          1.869850478199342
        ]
      }
    },
    {
      "type": "Feature",
      "properties": {
        "NM_LOCALIDADE": "Calafate",
        "CD_LOCALIDADE": 160010500003.0,
        "SIGLA_UF": "AP",
        "NM_UF": "Amapá",
        "CD_UF": 16,
        "NM_MUN": "Amapá",
        "CD_MUN": 1600105,
        "CT_LOCALIDADE": "Povoado",
        "SCT_LOCALIDADE": "",
        "NM_RGINT": "Oiapoque - Porto Grande",
        "CD_RGINT": 1602,
        "NM_RGI": "Oiapoque",
        "CD_RGI": 160003,
        "LAT_LOCALIDADE": 2.15310001373291,
        "LONG_LOCALIDADE": -50.8970985412598,
        "CATEGORIA_MAPA": "Rural",
        "DIST_MUNICIPIO": 16.38,
        "DIST_INFOVIA": 235.73
      },
      "geometry": {
        "type": "Point",
        "coordinates": [
          -50.89709875675669,
          2.153126999929178
        ]
      }
    },
    {
      "type": "Feature",
      "properties": {
        "NM_LOCALIDADE": "Assentamento Cruzeiro",
        "CD_LOCALIDADE": 160010500004.0,
        "SIGLA_UF": "AP",
        "NM_UF": "Amapá",
        "CD_UF": 16,
        "NM_MUN": "Amapá",
        "CD_MUN": 1600105,
        "CT_LOCALIDADE": "Outras Localidades",
        "SCT_LOCALIDADE": "",
        "NM_RGINT": "Oiapoque - Porto Grande",
        "CD_RGINT": 1602,
        "NM_RGI": "Oiapoque",
        "CD_RGI": 160003,
        "LAT_LOCALIDADE": 1.99960005283356,
        "LONG_LOCALIDADE": -50.9612998962402,
        "CATEGORIA_MAPA": "Rural",
        "DIST_MUNICIPIO": 19.67,
        "DIST_INFOVIA": 218.25
      },
      "geometry": {
        "type": "Point",
        "coordinates": [
          -50.9612579,
          1.999635899934219
        ]
      }
    },
    {
      "type": "Feature",
      "properties": {
        "NM_LOCALIDADE": "Araquiçaua",
        "CD_LOCALIDADE": 160010500005.0,
        "SIGLA_UF": "AP",
        "NM_UF": "Amapá",
        "CD_UF": 16,
        "NM_MUN": "Amapá",
        "CD_MUN": 1600105,
        "CT_LOCALIDADE": "Outras Localidades",
        "SCT_LOCALIDADE": "",
        "NM_RGINT": "Oiapoque - Porto Grande",
        "CD_RGINT": 1602,
        "NM_RGI": "Oiapoque",
        "CD_RGI": 160003,
        "LAT_LOCALIDADE": 1.39320003986359,
        "LONG_LOCALIDADE": -49.907299041748,
        "CATEGORIA_MAPA": "Rural",
        "DIST_MUNICIPIO": 122.46,
        "DIST_INFOVIA": 196.76
      },
      "geometry": {
        "type": "Point",
        "coordinates": [
          -49.9073354,
          1.393241199954147
        ]
      }
    },
    {
      "type": "Feature",
      "properties": {
        "NM_LOCALIDADE": "Aldeia Indígena Mariry",
        "CD_LOCALIDADE": 160015400001.0,
        "SIGLA_UF": "AP",
        "NM_UF": "Amapá",
        "CD_UF": 16,
        "NM_MUN": "Pedra Branca do Amapari",
        "CD_MUN": 1600154,
        "CT_LOCALIDADE": "Lugarejo",
        "SCT_LOCALIDADE": "",
        "NM_RGINT": "Oiapoque - Porto Grande",
        "CD_RGINT": 1602,
        "NM_RGI": "Porto Grande",
        "CD_RGI": 160004,
        "LAT_LOCALIDADE": 1.1842999458313,
        "LONG_LOCALIDADE": -52.8912010192871,
        "CATEGORIA_MAPA": "Rural",
        "DIST_MUNICIPIO": 113.75,
        "DIST_INFOVIA": 236.32
      },
      "geometry": {
        "type": "Point",
        "coordinates": [
          -52.8912095,
          1.184308124961019
        ]
      }
    },
    {
      "type": "Feature",
      "properties": {
        "NM_LOCALIDADE": "Aldeia Indígena Mariry",
        "CD_LOCALIDADE": 160015400001.0,
        "SIGLA_UF": "AP",
        "NM_UF": "Amapá",
        "CD_UF": 16,
        "NM_MUN": "Pedra Branca do Amapari",
        "CD_MUN": 1600154,
        "CT_LOCALIDADE": "Localidade Indígena",
        "SCT_LOCALIDADE": "Agrupamento Indígena",
        "NM_RGINT": "Oiapoque - Porto Grande",
        "CD_RGINT": 1602,
        "NM_RGI": "Porto Grande",
        "CD_RGI": 160004,
        "LAT_LOCALIDADE": 1.1842999458313,
        "LONG_LOCALIDADE": -52.8912010192871,
        "CATEGORIA_MAPA": "Rural",
        "DIST_MUNICIPIO": 113.75,
        "DIST_INFOVIA": 236.32
      },
      "geometry": {
        "type": "Point",
        "coordinates": [
          -52.8912095,
          1.184308124961019
        ]
      }
    },
    {
      "type": "Feature",
      "properties": {
        "NM_LOCALIDADE": "Aldeia Indígena Aramira",
        "CD_LOCALIDADE": 160015400002.0,
        "SIGLA_UF": "AP",
        "NM_UF": "Amapá",
        "CD_UF": 16,
        "NM_MUN": "Pedra Branca do Amapari",
        "CD_MUN": 1600154,
        "CT_LOCALIDADE": "Localidade Indígena",
        "SCT_LOCALIDADE": "Agrupamento Indígena",
        "NM_RGINT": "Oiapoque - Porto Grande",
        "CD_RGINT": 1602,
        "NM_RGI": "Porto Grande",
        "CD_RGI": 160004,
        "LAT_LOCALIDADE": 1.11199998855591,
        "LONG_LOCALIDADE": -52.5806999206543,
        "CATEGORIA_MAPA": "Rural",
        "DIST_MUNICIPIO": 79.13,
        "DIST_INFOVIA": 205.84
      },
      "geometry": {
        "type": "Point",
        "coordinates": [
          -52.5806932222222,
          1.111991999963388
        ]
      }
    },
    {
      "type": "Feature",
      "properties": {
        "NM_LOCALIDADE": "Aldeia Indígena Aramira",
        "CD_LOCALIDADE": 160015400002.0,
        "SIGLA_UF": "AP",
        "NM_UF": "Amapá",
        "CD_UF": 16,
        "NM_MUN": "Pedra Branca do Amapari",
        "CD_MUN": 1600154,
        "CT_LOCALIDADE": "Povoado",
        "SCT_LOCALIDADE": "",
        "NM_RGINT": "Oiapoque - Porto Grande",
        "CD_RGINT": 1602,
        "NM_RGI": "Porto Grande",
        "CD_RGI": 160004,
        "LAT_LOCALIDADE": 1.11199998855591,
        "LONG_LOCALIDADE": -52.5806999206543,
        "CATEGORIA_MAPA": "Rural",
        "DIST_MUNICIPIO": 79.13,
        "DIST_INFOVIA": 205.84
      },
      "geometry": {
        "type": "Point",
        "coordinates": [
          -52.5806932222222,
          1.111991999963388
        ]
      }
    },
    {
      "type": "Feature",
      "properties": {
        "NM_LOCALIDADE": "Aldeia Indígena Ytuwasu - Tajaywyry",
        "CD_LOCALIDADE": 160015400003.0,
        "SIGLA_UF": "AP",
        "NM_UF": "Amapá",
        "CD_UF": 16,
        "NM_MUN": "Pedra Branca do Amapari",
        "CD_MUN": 1600154,
        "CT_LOCALIDADE": "Povoado",
        "SCT_LOCALIDADE": "",
        "NM_RGINT": "Oiapoque - Porto Grande",
        "CD_RGINT": 1602,
        "NM_RGI": "Porto Grande",
        "CD_RGI": 160004,
        "LAT_LOCALIDADE": 1.03989994525909,
        "LONG_LOCALIDADE": -52.6013984680176,
        "CATEGORIA_MAPA": "Rural",
        "DIST_MUNICIPIO": 77.83,
        "DIST_INFOVIA": 201.78
      },
      "geometry": {
        "type": "Point",
        "coordinates": [
          -52.60144893333331,
          1.039853466632432
        ]
      }
    },
    {
      "type": "Feature",
      "properties": {
        "NM_LOCALIDADE": "Aldeia Indígena Ytuwasu - Tajaywyry",
        "CD_LOCALIDADE": 160015400003.0,
        "SIGLA_UF": "AP",
        "NM_UF": "Amapá",
        "CD_UF": 16,
        "NM_MUN": "Pedra Branca do Amapari",
        "CD_MUN": 1600154,
        "CT_LOCALIDADE": "Localidade Indígena",
        "SCT_LOCALIDADE": "Agrupamento Indígena",
        "NM_RGINT": "Oiapoque - Porto Grande",
        "CD_RGINT": 1602,
        "NM_RGI": "Porto Grande",
        "CD_RGI": 160004,
        "LAT_LOCALIDADE": 1.03989994525909,
        "LONG_LOCALIDADE": -52.6013984680176,
        "CATEGORIA_MAPA": "Rural",
        "DIST_MUNICIPIO": 77.83,
        "DIST_INFOVIA": 201.78
      },
      "geometry": {
        "type": "Point",
        "coordinates": [
          -52.60144893333331,
          1.039853466632432
        ]
      }
    },
    {
      "type": "Feature",
      "properties": {
        "NM_LOCALIDADE": "Aldeia Indígena Taitetuwa",
        "CD_LOCALIDADE": 160015400004.0,
        "SIGLA_UF": "AP",
        "NM_UF": "Amapá",
        "CD_UF": 16,
        "NM_MUN": "Pedra Branca do Amapari",
        "CD_MUN": 1600154,
        "CT_LOCALIDADE": "Localidade Indígena",
        "SCT_LOCALIDADE": "Agrupamento Indígena",
        "NM_RGINT": "Oiapoque - Porto Grande",
        "CD_RGINT": 1602,
        "NM_RGI": "Porto Grande",
        "CD_RGI": 160004,
        "LAT_LOCALIDADE": 0.972800016403198,
        "LONG_LOCALIDADE": -52.6599006652832,
        "CATEGORIA_MAPA": "Rural",
        "DIST_MUNICIPIO": 81.6,
        "DIST_INFOVIA": 201.48
      },
      "geometry": {
        "type": "Point",
        "coordinates": [
          -52.6599348999999,
          0.972798999967978
        ]
      }
    },
    {
      "type": "Feature",
      "properties": {
        "NM_LOCALIDADE": "Aldeia Indígena Taitetuwa",
        "CD_LOCALIDADE": 160015400004.0,
        "SIGLA_UF": "AP",
        "NM_UF": "Amapá",
        "CD_UF": 16,
        "NM_MUN": "Pedra Branca do Amapari",
        "CD_MUN": 1600154,
        "CT_LOCALIDADE": "Lugarejo",
        "SCT_LOCALIDADE": "",
        "NM_RGINT": "Oiapoque - Porto Grande",
        "CD_RGINT": 1602,
        "NM_RGI": "Porto Grande",
        "CD_RGI": 160004,
        "LAT_LOCALIDADE": 0.972800016403198,
        "LONG_LOCALIDADE": -52.6599006652832,
        "CATEGORIA_MAPA": "Rural",
        "DIST_MUNICIPIO": 81.6,
        "DIST_INFOVIA": 201.48
      },
      "geometry": {
        "type": "Point",
        "coordinates": [
          -52.6599348999999,
          0.972798999967978
        ]
      }
    },
    {
      "type": "Feature",
      "properties": {
        "NM_LOCALIDADE": "Aldeia Indígena Pinoty",
        "CD_LOCALIDADE": 160015400006.0,
        "SIGLA_UF": "AP",
        "NM_UF": "Amapá",
        "CD_UF": 16,
        "NM_MUN": "Pedra Branca do Amapari",
        "CD_MUN": 1600154,
        "CT_LOCALIDADE": "Localidade Indígena",
        "SCT_LOCALIDADE": "Agrupamento Indígena",
        "NM_RGINT": "Oiapoque - Porto Grande",
        "CD_RGINT": 1602,
        "NM_RGI": "Porto Grande",
        "CD_RGI": 160004,
        "LAT_LOCALIDADE": 1.06079995632172,
        "LONG_LOCALIDADE": -52.4981002807617,
        "CATEGORIA_MAPA": "Rural",
        "DIST_MUNICIPIO": 68.36,
        "DIST_INFOVIA": 195.39
      },
      "geometry": {
        "type": "Point",
        "coordinates": [
          -52.4981283333333,
          1.060823333298411
        ]
      }
    },
    {
      "type": "Feature",
      "properties": {
        "NM_LOCALIDADE": "Aldeia Indígena Pinoty",
        "CD_LOCALIDADE": 160015400006.0,
        "SIGLA_UF": "AP",
        "NM_UF": "Amapá",
        "CD_UF": 16,
        "NM_MUN": "Pedra Branca do Amapari",
        "CD_MUN": 1600154,
        "CT_LOCALIDADE": "Lugarejo",
        "SCT_LOCALIDADE": "",
        "NM_RGINT": "Oiapoque - Porto Grande",
        "CD_RGINT": 1602,
        "NM_RGI": "Porto Grande",
        "CD_RGI": 160004,
        "LAT_LOCALIDADE": 1.06079995632172,
        "LONG_LOCALIDADE": -52.4981002807617,
        "CATEGORIA_MAPA": "Rural",
        "DIST_MUNICIPIO": 68.36,
        "DIST_INFOVIA": 195.39
      },
      "geometry": {
        "type": "Point",
        "coordinates": [
          -52.4981283333333,
          1.060823333298411
        ]
      }
    },
    {
      "type": "Feature",
      "properties": {
        "NM_LOCALIDADE": "Riozinho",
        "CD_LOCALIDADE": 160015400008.0,
        "SIGLA_UF": "AP",
        "NM_UF": "Amapá",
        "CD_UF": 16,
        "NM_MUN": "Pedra Branca do Amapari",
        "CD_MUN": 1600154,
        "CT_LOCALIDADE": "Povoado",
        "SCT_LOCALIDADE": "",
        "NM_RGINT": "Oiapoque - Porto Grande",
        "CD_RGINT": 1602,
        "NM_RGI": "Porto Grande",
        "CD_RGI": 160004,
        "LAT_LOCALIDADE": 1.01259994506836,
        "LONG_LOCALIDADE": -52.244701385498,
        "CATEGORIA_MAPA": "Rural",
        "DIST_MUNICIPIO": 41.7,
        "DIST_INFOVIA": 170.84
      },
      "geometry": {
        "type": "Point",
        "coordinates": [
          -52.2446594827586,
          1.012608908012638
        ]
      }
    },
    {
      "type": "Feature",
      "properties": {
        "NM_LOCALIDADE": "Sete Ilhas",
        "CD_LOCALIDADE": 160015400009.0,
        "SIGLA_UF": "AP",
        "NM_UF": "Amapá",
        "CD_UF": 16,
        "NM_MUN": "Pedra Branca do Amapari",
        "CD_MUN": 1600154,
        "CT_LOCALIDADE": "Povoado",
        "SCT_LOCALIDADE": "",
        "NM_RGINT": "Oiapoque - Porto Grande",
        "CD_RGINT": 1602,
        "NM_RGI": "Porto Grande",
        "CD_RGI": 160004,
        "LAT_LOCALIDADE": 1.05350005626678,
        "LONG_LOCALIDADE": -52.3075981140137,
        "CATEGORIA_MAPA": "Rural",
        "DIST_MUNICIPIO": 50.01,
        "DIST_INFOVIA": 179.14
      },
      "geometry": {
        "type": "Point",
        "coordinates": [
          -52.3075855795454,
          1.053510619283503
        ]
      }
    },
    {
      "type": "Feature",
      "properties": {
        "NM_LOCALIDADE": "Tucano II",
        "CD_LOCALIDADE": 160015400010.0,
        "SIGLA_UF": "AP",
        "NM_UF": "Amapá",
        "CD_UF": 16,
        "NM_MUN": "Pedra Branca do Amapari",
        "CD_MUN": 1600154,
        "CT_LOCALIDADE": "Povoado",
        "SCT_LOCALIDADE": "",
        "NM_RGINT": "Oiapoque - Porto Grande",
        "CD_RGINT": 1602,
        "NM_RGI": "Porto Grande",
        "CD_RGI": 160004,
        "LAT_LOCALIDADE": 1.09590005874634,
        "LONG_LOCALIDADE": -52.4576988220215,
        "CATEGORIA_MAPA": "Rural",
        "DIST_MUNICIPIO": 66.4,
        "DIST_INFOVIA": 195.2
      },
      "geometry": {
        "type": "Point",
        "coordinates": [
          -52.4577406395348,
          1.095917755777877
        ]
      }
    },
    {
      "type": "Feature",
      "properties": {
        "NM_LOCALIDADE": "Aldeia Indígena Aruwaity",
        "CD_LOCALIDADE": 160015400011.0,
        "SIGLA_UF": "AP",
        "NM_UF": "Amapá",
        "CD_UF": 16,
        "NM_MUN": "Pedra Branca do Amapari",
        "CD_MUN": 1600154,
        "CT_LOCALIDADE": "Localidade Indígena",
        "SCT_LOCALIDADE": "Agrupamento Indígena",
        "NM_RGINT": "Oiapoque - Porto Grande",
        "CD_RGINT": 1602,
        "NM_RGI": "Porto Grande",
        "CD_RGI": 160004,
        "LAT_LOCALIDADE": 1.36360001564026,
        "LONG_LOCALIDADE": -52.7258987426758,
        "CATEGORIA_MAPA": "Rural",
        "DIST_MUNICIPIO": 107.89,
        "DIST_INFOVIA": 236.99
      },
      "geometry": {
        "type": "Point",
        "coordinates": [
          -52.7259082142857,
          1.363590928526543
        ]
      }
    },
    {
      "type": "Feature",
      "properties": {
        "NM_LOCALIDADE": "Aldeia Indígena Aruwaity",
        "CD_LOCALIDADE": 160015400011.0,
        "SIGLA_UF": "AP",
        "NM_UF": "Amapá",
        "CD_UF": 16,
        "NM_MUN": "Pedra Branca do Amapari",
        "CD_MUN": 1600154,
        "CT_LOCALIDADE": "Povoado",
        "SCT_LOCALIDADE": "",
        "NM_RGINT": "Oiapoque - Porto Grande",
        "CD_RGINT": 1602,
        "NM_RGI": "Porto Grande",
        "CD_RGI": 160004,
        "LAT_LOCALIDADE": 1.36360001564026,
        "LONG_LOCALIDADE": -52.7258987426758,
        "CATEGORIA_MAPA": "Rural",
        "DIST_MUNICIPIO": 107.89,
        "DIST_INFOVIA": 236.99
      },
      "geometry": {
        "type": "Point",
        "coordinates": [
          -52.7259082142857,
          1.363590928526543
        ]
      }
    },
    {
      "type": "Feature",
      "properties": {
        "NM_LOCALIDADE": "Aldeia Indígena Cachoeirinha - Ytumiti",
        "CD_LOCALIDADE": 160015400012.0,
        "SIGLA_UF": "AP",
        "NM_UF": "Amapá",
        "CD_UF": 16,
        "NM_MUN": "Pedra Branca do Amapari",
        "CD_MUN": 1600154,
        "CT_LOCALIDADE": "Localidade Indígena",
        "SCT_LOCALIDADE": "Agrupamento Indígena",
        "NM_RGINT": "Oiapoque - Porto Grande",
        "CD_RGINT": 1602,
        "NM_RGI": "Porto Grande",
        "CD_RGI": 160004,
        "LAT_LOCALIDADE": 1.14999997615814,
        "LONG_LOCALIDADE": -52.6837005615234,
        "CATEGORIA_MAPA": "Rural",
        "DIST_MUNICIPIO": 91.24,
        "DIST_INFOVIA": 216.88
      },
      "geometry": {
        "type": "Point",
        "coordinates": [
          -52.683664,
          1.150006666628808
        ]
      }
    },
    {
      "type": "Feature",
      "properties": {
        "NM_LOCALIDADE": "Aldeia Indígena Cinco Minutos",
        "CD_LOCALIDADE": 160015400013.0,
        "SIGLA_UF": "AP",
        "NM_UF": "Amapá",
        "CD_UF": 16,
        "NM_MUN": "Pedra Branca do Amapari",
        "CD_MUN": 1600154,
        "CT_LOCALIDADE": "Lugarejo",
        "SCT_LOCALIDADE": "",
        "NM_RGINT": "Oiapoque - Porto Grande",
        "CD_RGINT": 1602,
        "NM_RGI": "Porto Grande",
        "CD_RGI": 160004,
        "LAT_LOCALIDADE": 1.14939999580383,
        "LONG_LOCALIDADE": -52.6666984558105,
        "CATEGORIA_MAPA": "Rural",
        "DIST_MUNICIPIO": 89.53,
        "DIST_INFOVIA": 215.5
      },
      "geometry": {
        "type": "Point",
        "coordinates": [
          -52.6666809999999,
          1.149445111073276
        ]
      }
    },
    {
      "type": "Feature",
      "properties": {
        "NM_LOCALIDADE": "Aldeia Indígena Cinco Minutos",
        "CD_LOCALIDADE": 160015400013.0,
        "SIGLA_UF": "AP",
        "NM_UF": "Amapá",
        "CD_UF": 16,
        "NM_MUN": "Pedra Branca do Amapari",
        "CD_MUN": 1600154,
        "CT_LOCALIDADE": "Localidade Indígena",
        "SCT_LOCALIDADE": "Agrupamento Indígena",
        "NM_RGINT": "Oiapoque - Porto Grande",
        "CD_RGINT": 1602,
        "NM_RGI": "Porto Grande",
        "CD_RGI": 160004,
        "LAT_LOCALIDADE": 1.14939999580383,
        "LONG_LOCALIDADE": -52.6666984558105,
        "CATEGORIA_MAPA": "Rural",
        "DIST_MUNICIPIO": 89.53,
        "DIST_INFOVIA": 215.5
      },
      "geometry": {
        "type": "Point",
        "coordinates": [
          -52.6666809999999,
          1.149445111073276
        ]
      }
    },
    {
      "type": "Feature",
      "properties": {
        "NM_LOCALIDADE": "Aldeia Indígena CTA",
        "CD_LOCALIDADE": 160015400014.0,
        "SIGLA_UF": "AP",
        "NM_UF": "Amapá",
        "CD_UF": 16,
        "NM_MUN": "Pedra Branca do Amapari",
        "CD_MUN": 1600154,
        "CT_LOCALIDADE": "Localidade Indígena",
        "SCT_LOCALIDADE": "Agrupamento Indígena",
        "NM_RGINT": "Oiapoque - Porto Grande",
        "CD_RGINT": 1602,
        "NM_RGI": "Porto Grande",
        "CD_RGI": 160004,
        "LAT_LOCALIDADE": 1.146399974823,
        "LONG_LOCALIDADE": -52.6918983459473,
        "CATEGORIA_MAPA": "Rural",
        "DIST_MUNICIPIO": 91.88,
        "DIST_INFOVIA": 217.26
      },
      "geometry": {
        "type": "Point",
        "coordinates": [
          -52.691935875,
          1.146437374962255
        ]
      }
    },
    {
      "type": "Feature",
      "properties": {
        "NM_LOCALIDADE": "Aldeia Indígena CTA",
        "CD_LOCALIDADE": 160015400014.0,
        "SIGLA_UF": "AP",
        "NM_UF": "Amapá",
        "CD_UF": 16,
        "NM_MUN": "Pedra Branca do Amapari",
        "CD_MUN": 1600154,
        "CT_LOCALIDADE": "Povoado",
        "SCT_LOCALIDADE": "",
        "NM_RGINT": "Oiapoque - Porto Grande",
        "CD_RGINT": 1602,
        "NM_RGI": "Porto Grande",
        "CD_RGI": 160004,
        "LAT_LOCALIDADE": 1.146399974823,
        "LONG_LOCALIDADE": -52.6918983459473,
        "CATEGORIA_MAPA": "Rural",
        "DIST_MUNICIPIO": 91.88,
        "DIST_INFOVIA": 217.26
      },
      "geometry": {
        "type": "Point",
        "coordinates": [
          -52.691935875,
          1.146437374962255
        ]
      }
    },
    {
      "type": "Feature",
      "properties": {
        "NM_LOCALIDADE": "Aldeia Indígena Jakare - Peke'a",
        "CD_LOCALIDADE": 160015400015.0,
        "SIGLA_UF": "AP",
        "NM_UF": "Amapá",
        "CD_UF": 16,
        "NM_MUN": "Pedra Branca do Amapari",
        "CD_MUN": 1600154,
        "CT_LOCALIDADE": "Localidade Indígena",
        "SCT_LOCALIDADE": "Agrupamento Indígena",
        "NM_RGINT": "Oiapoque - Porto Grande",
        "CD_RGINT": 1602,
        "NM_RGI": "Porto Grande",
        "CD_RGI": 160004,
        "LAT_LOCALIDADE": 1.17879998683929,
        "LONG_LOCALIDADE": -52.7711982727051,
        "CATEGORIA_MAPA": "Rural",
        "DIST_MUNICIPIO": 101.37,
        "DIST_INFOVIA": 226.09
      },
      "geometry": {
        "type": "Point",
        "coordinates": [
          -52.771171,
          1.178776999961191
        ]
      }
    },
    {
      "type": "Feature",
      "properties": {
        "NM_LOCALIDADE": "Aldeia Indígena Jakare - Peke'a",
        "CD_LOCALIDADE": 160015400015.0,
        "SIGLA_UF": "AP",
        "NM_UF": "Amapá",
        "CD_UF": 16,
        "NM_MUN": "Pedra Branca do Amapari",
        "CD_MUN": 1600154,
        "CT_LOCALIDADE": "Povoado",
        "SCT_LOCALIDADE": "",
        "NM_RGINT": "Oiapoque - Porto Grande",
        "CD_RGINT": 1602,
        "NM_RGI": "Porto Grande",
        "CD_RGI": 160004,
        "LAT_LOCALIDADE": 1.17879998683929,
        "LONG_LOCALIDADE": -52.7711982727051,
        "CATEGORIA_MAPA": "Rural",
        "DIST_MUNICIPIO": 101.37,
        "DIST_INFOVIA": 226.09
      },
      "geometry": {
        "type": "Point",
        "coordinates": [
          -52.771171,
          1.178776999961191
        ]
      }
    },
    {
      "type": "Feature",
      "properties": {
        "NM_LOCALIDADE": "Aldeia Indígena Jakare´akãgoka",
        "CD_LOCALIDADE": 160015400016.0,
        "SIGLA_UF": "AP",
        "NM_UF": "Amapá",
        "CD_UF": 16,
        "NM_MUN": "Pedra Branca do Amapari",
        "CD_MUN": 1600154,
        "CT_LOCALIDADE": "Localidade Indígena",
        "SCT_LOCALIDADE": "Agrupamento Indígena",
        "NM_RGINT": "Oiapoque - Porto Grande",
        "CD_RGINT": 1602,
        "NM_RGI": "Porto Grande",
        "CD_RGI": 160004,
        "LAT_LOCALIDADE": 0.952899992465973,
        "LONG_LOCALIDADE": -52.4075012207031,
        "CATEGORIA_MAPA": "Rural",
        "DIST_MUNICIPIO": 54.22,
        "DIST_INFOVIA": 179.75
      },
      "geometry": {
        "type": "Point",
        "coordinates": [
          -52.40748928571419,
          0.952925999968631
        ]
      }
    },
    {
      "type": "Feature",
      "properties": {
        "NM_LOCALIDADE": "Aldeia Indígena Kwapo´ywyry - Aramirã II",
        "CD_LOCALIDADE": 160015400017.0,
        "SIGLA_UF": "AP",
        "NM_UF": "Amapá",
        "CD_UF": 16,
        "NM_MUN": "Pedra Branca do Amapari",
        "CD_MUN": 1600154,
        "CT_LOCALIDADE": "Lugarejo",
        "SCT_LOCALIDADE": "",
        "NM_RGINT": "Oiapoque - Porto Grande",
        "CD_RGINT": 1602,
        "NM_RGI": "Porto Grande",
        "CD_RGI": 160004,
        "LAT_LOCALIDADE": 1.10959994792938,
        "LONG_LOCALIDADE": -52.5778007507324,
        "CATEGORIA_MAPA": "Rural",
        "DIST_MUNICIPIO": 78.72,
        "DIST_INFOVIA": 205.42
      },
      "geometry": {
        "type": "Point",
        "coordinates": [
          -52.5777501538461,
          1.109592999963477
        ]
      }
    },
    {
      "type": "Feature",
      "properties": {
        "NM_LOCALIDADE": "Aldeia Indígena Kwapo´ywyry - Aramirã II",
        "CD_LOCALIDADE": 160015400017.0,
        "SIGLA_UF": "AP",
        "NM_UF": "Amapá",
        "CD_UF": 16,
        "NM_MUN": "Pedra Branca do Amapari",
        "CD_MUN": 1600154,
        "CT_LOCALIDADE": "Localidade Indígena",
        "SCT_LOCALIDADE": "Agrupamento Indígena",
        "NM_RGINT": "Oiapoque - Porto Grande",
        "CD_RGINT": 1602,
        "NM_RGI": "Porto Grande",
        "CD_RGI": 160004,
        "LAT_LOCALIDADE": 1.10959994792938,
        "LONG_LOCALIDADE": -52.5778007507324,
        "CATEGORIA_MAPA": "Rural",
        "DIST_MUNICIPIO": 78.72,
        "DIST_INFOVIA": 205.42
      },
      "geometry": {
        "type": "Point",
        "coordinates": [
          -52.5777501538461,
          1.109592999963477
        ]
      }
    },
    {
      "type": "Feature",
      "properties": {
        "NM_LOCALIDADE": "Aldeia Indígena Manilha",
        "CD_LOCALIDADE": 160015400018.0,
        "SIGLA_UF": "AP",
        "NM_UF": "Amapá",
        "CD_UF": 16,
        "NM_MUN": "Pedra Branca do Amapari",
        "CD_MUN": 1600154,
        "CT_LOCALIDADE": "Localidade Indígena",
        "SCT_LOCALIDADE": "Agrupamento Indígena",
        "NM_RGINT": "Oiapoque - Porto Grande",
        "CD_RGINT": 1602,
        "NM_RGI": "Porto Grande",
        "CD_RGI": 160004,
        "LAT_LOCALIDADE": 1.15910005569458,
        "LONG_LOCALIDADE": -52.736198425293,
        "CATEGORIA_MAPA": "Rural",
        "DIST_MUNICIPIO": 96.91,
        "DIST_INFOVIA": 221.77
      },
      "geometry": {
        "type": "Point",
        "coordinates": [
          -52.736173111111114,
          1.15906133329518
        ]
      }
    },
    {
      "type": "Feature",
      "properties": {
        "NM_LOCALIDADE": "Aldeia Indígena Manilha",
        "CD_LOCALIDADE": 160015400018.0,
        "SIGLA_UF": "AP",
        "NM_UF": "Amapá",
        "CD_UF": 16,
        "NM_MUN": "Pedra Branca do Amapari",
        "CD_MUN": 1600154,
        "CT_LOCALIDADE": "Lugarejo",
        "SCT_LOCALIDADE": "",
        "NM_RGINT": "Oiapoque - Porto Grande",
        "CD_RGINT": 1602,
        "NM_RGI": "Porto Grande",
        "CD_RGI": 160004,
        "LAT_LOCALIDADE": 1.15910005569458,
        "LONG_LOCALIDADE": -52.736198425293,
        "CATEGORIA_MAPA": "Rural",
        "DIST_MUNICIPIO": 96.91,
        "DIST_INFOVIA": 221.77
      },
      "geometry": {
        "type": "Point",
        "coordinates": [
          -52.736173111111114,
          1.15906133329518
        ]
      }
    },
    {
      "type": "Feature",
      "properties": {
        "NM_LOCALIDADE": "Aldeia Indígena Okora´yry",
        "CD_LOCALIDADE": 160015400020.0,
        "SIGLA_UF": "AP",
        "NM_UF": "Amapá",
        "CD_UF": 16,
        "NM_MUN": "Pedra Branca do Amapari",
        "CD_MUN": 1600154,
        "CT_LOCALIDADE": "Lugarejo",
        "SCT_LOCALIDADE": "",
        "NM_RGINT": "Oiapoque - Porto Grande",
        "CD_RGINT": 1602,
        "NM_RGI": "Porto Grande",
        "CD_RGI": 160004,
        "LAT_LOCALIDADE": 1.0793000459671,
        "LONG_LOCALIDADE": -52.5525016784668,
        "CATEGORIA_MAPA": "Rural",
        "DIST_MUNICIPIO": 74.68,
        "DIST_INFOVIA": 201.05
      },
      "geometry": {
        "type": "Point",
        "coordinates": [
          -52.5525245714285,
          1.079310571393044
        ]
      }
    },
    {
      "type": "Feature",
      "properties": {
        "NM_LOCALIDADE": "Aldeia Indígena Okora´yry",
        "CD_LOCALIDADE": 160015400020.0,
        "SIGLA_UF": "AP",
        "NM_UF": "Amapá",
        "CD_UF": 16,
        "NM_MUN": "Pedra Branca do Amapari",
        "CD_MUN": 1600154,
        "CT_LOCALIDADE": "Localidade Indígena",
        "SCT_LOCALIDADE": "Agrupamento Indígena",
        "NM_RGINT": "Oiapoque - Porto Grande",
        "CD_RGINT": 1602,
        "NM_RGI": "Porto Grande",
        "CD_RGI": 160004,
        "LAT_LOCALIDADE": 1.0793000459671,
        "LONG_LOCALIDADE": -52.5525016784668,
        "CATEGORIA_MAPA": "Rural",
        "DIST_MUNICIPIO": 74.68,
        "DIST_INFOVIA": 201.05
      },
      "geometry": {
        "type": "Point",
        "coordinates": [
          -52.5525245714285,
          1.079310571393044
        ]
      }
    },
    {
      "type": "Feature",
      "properties": {
        "NM_LOCALIDADE": "Aldeia Indígena Pairakae",
        "CD_LOCALIDADE": 160015400021.0,
        "SIGLA_UF": "AP",
        "NM_UF": "Amapá",
        "CD_UF": 16,
        "NM_MUN": "Pedra Branca do Amapari",
        "CD_MUN": 1600154,
        "CT_LOCALIDADE": "Povoado",
        "SCT_LOCALIDADE": "",
        "NM_RGINT": "Oiapoque - Porto Grande",
        "CD_RGINT": 1602,
        "NM_RGI": "Porto Grande",
        "CD_RGI": 160004,
        "LAT_LOCALIDADE": 1.17700004577637,
        "LONG_LOCALIDADE": -52.4878997802734,
        "CATEGORIA_MAPA": "Rural",
        "DIST_MUNICIPIO": 74.27,
        "DIST_INFOVIA": 203.36
      },
      "geometry": {
        "type": "Point",
        "coordinates": [
          -52.487878,
          1.17697912496126
        ]
      }
    },
    {
      "type": "Feature",
      "properties": {
        "NM_LOCALIDADE": "Aldeia Indígena Pairakae",
        "CD_LOCALIDADE": 160015400021.0,
        "SIGLA_UF": "AP",
        "NM_UF": "Amapá",
        "CD_UF": 16,
        "NM_MUN": "Pedra Branca do Amapari",
        "CD_MUN": 1600154,
        "CT_LOCALIDADE": "Localidade Indígena",
        "SCT_LOCALIDADE": "Agrupamento Indígena",
        "NM_RGINT": "Oiapoque - Porto Grande",
        "CD_RGINT": 1602,
        "NM_RGI": "Porto Grande",
        "CD_RGI": 160004,
        "LAT_LOCALIDADE": 1.17700004577637,
        "LONG_LOCALIDADE": -52.4878997802734,
        "CATEGORIA_MAPA": "Rural",
        "DIST_MUNICIPIO": 74.27,
        "DIST_INFOVIA": 203.36
      },
      "geometry": {
        "type": "Point",
        "coordinates": [
          -52.487878,
          1.17697912496126
        ]
      }
    },
    {
      "type": "Feature",
      "properties": {
        "NM_LOCALIDADE": "Aldeia Indígena Yvyrareta",
        "CD_LOCALIDADE": 160015400022.0,
        "SIGLA_UF": "AP",
        "NM_UF": "Amapá",
        "CD_UF": 16,
        "NM_MUN": "Pedra Branca do Amapari",
        "CD_MUN": 1600154,
        "CT_LOCALIDADE": "Localidade Indígena",
        "SCT_LOCALIDADE": "Outras Localidades Indígenas",
        "NM_RGINT": "Oiapoque - Porto Grande",
        "CD_RGINT": 1602,
        "NM_RGI": "Porto Grande",
        "CD_RGI": 160004,
        "LAT_LOCALIDADE": 0.841300010681152,
        "LONG_LOCALIDADE": -52.5952987670898,
        "CATEGORIA_MAPA": "Rural",
        "DIST_MUNICIPIO": 71.82,
        "DIST_INFOVIA": 186.41
      },
      "geometry": {
        "type": "Point",
        "coordinates": [
          -52.595329,
          0.841289999972306
        ]
      }
    },
    {
      "type": "Feature",
      "properties": {
        "NM_LOCALIDADE": "Aldeia Indígena Akaju",
        "CD_LOCALIDADE": 160015400023.0,
        "SIGLA_UF": "AP",
        "NM_UF": "Amapá",
        "CD_UF": 16,
        "NM_MUN": "Pedra Branca do Amapari",
        "CD_MUN": 1600154,
        "CT_LOCALIDADE": "Localidade Indígena",
        "SCT_LOCALIDADE": "Agrupamento Indígena",
        "NM_RGINT": "Oiapoque - Porto Grande",
        "CD_RGINT": 1602,
        "NM_RGI": "Porto Grande",
        "CD_RGI": 160004,
        "LAT_LOCALIDADE": 0.935899972915649,
        "LONG_LOCALIDADE": -52.4412994384766,
        "CATEGORIA_MAPA": "Rural",
        "DIST_MUNICIPIO": 57.13,
        "DIST_INFOVIA": 181.0
      },
      "geometry": {
        "type": "Point",
        "coordinates": [
          -52.4412885,
          0.935894799969192
        ]
      }
    },
    {
      "type": "Feature",
      "properties": {
        "NM_LOCALIDADE": "Aldeia Indígena Tajau Ywyry",
        "CD_LOCALIDADE": 160015400024.0,
        "SIGLA_UF": "AP",
        "NM_UF": "Amapá",
        "CD_UF": 16,
        "NM_MUN": "Pedra Branca do Amapari",
        "CD_MUN": 1600154,
        "CT_LOCALIDADE": "Localidade Indígena",
        "SCT_LOCALIDADE": "Agrupamento Indígena",
        "NM_RGINT": "Oiapoque - Porto Grande",
        "CD_RGINT": 1602,
        "NM_RGI": "Porto Grande",
        "CD_RGI": 160004,
        "LAT_LOCALIDADE": 1.07179999351501,
        "LONG_LOCALIDADE": -52.5894012451172,
        "CATEGORIA_MAPA": "Rural",
        "DIST_MUNICIPIO": 78.0,
        "DIST_INFOVIA": 203.32
      },
      "geometry": {
        "type": "Point",
        "coordinates": [
          -52.5893661249999,
          1.07181506246471
        ]
      }
    },
    {
      "type": "Feature",
      "properties": {
        "NM_LOCALIDADE": "Aldeia Indígena Karapijuty",
        "CD_LOCALIDADE": 160015400025.0,
        "SIGLA_UF": "AP",
        "NM_UF": "Amapá",
        "CD_UF": 16,
        "NM_MUN": "Pedra Branca do Amapari",
        "CD_MUN": 1600154,
        "CT_LOCALIDADE": "Localidade Indígena",
        "SCT_LOCALIDADE": "Agrupamento Indígena",
        "NM_RGINT": "Oiapoque - Porto Grande",
        "CD_RGINT": 1602,
        "NM_RGI": "Porto Grande",
        "CD_RGI": 160004,
        "LAT_LOCALIDADE": 1.16180002689362,
        "LONG_LOCALIDADE": -52.8278999328613,
        "CATEGORIA_MAPA": "Rural",
        "DIST_MUNICIPIO": 106.3,
        "DIST_INFOVIA": 229.43
      },
      "geometry": {
        "type": "Point",
        "coordinates": [
          -52.827948875,
          1.16179312496176
        ]
      }
    },
    {
      "type": "Feature",
      "properties": {
        "NM_LOCALIDADE": "Aldeia Indígena Karapijuty",
        "CD_LOCALIDADE": 160015400025.0,
        "SIGLA_UF": "AP",
        "NM_UF": "Amapá",
        "CD_UF": 16,
        "NM_MUN": "Pedra Branca do Amapari",
        "CD_MUN": 1600154,
        "CT_LOCALIDADE": "Lugarejo",
        "SCT_LOCALIDADE": "",
        "NM_RGINT": "Oiapoque - Porto Grande",
        "CD_RGINT": 1602,
        "NM_RGI": "Porto Grande",
        "CD_RGI": 160004,
        "LAT_LOCALIDADE": 1.16180002689362,
        "LONG_LOCALIDADE": -52.8278999328613,
        "CATEGORIA_MAPA": "Rural",
        "DIST_MUNICIPIO": 106.3,
        "DIST_INFOVIA": 229.43
      },
      "geometry": {
        "type": "Point",
        "coordinates": [
          -52.827948875,
          1.16179312496176
        ]
      }
    },
    {
      "type": "Feature",
      "properties": {
        "NM_LOCALIDADE": "Aldeia Indígena Munu'y",
        "CD_LOCALIDADE": 160015400026.0,
        "SIGLA_UF": "AP",
        "NM_UF": "Amapá",
        "CD_UF": 16,
        "NM_MUN": "Pedra Branca do Amapari",
        "CD_MUN": 1600154,
        "CT_LOCALIDADE": "Localidade Indígena",
        "SCT_LOCALIDADE": "Agrupamento Indígena",
        "NM_RGINT": "Oiapoque - Porto Grande",
        "CD_RGINT": 1602,
        "NM_RGI": "Porto Grande",
        "CD_RGI": 160004,
        "LAT_LOCALIDADE": 1.07599997520447,
        "LONG_LOCALIDADE": -52.5481986999512,
        "CATEGORIA_MAPA": "Rural",
        "DIST_MUNICIPIO": 74.08,
        "DIST_INFOVIA": 200.45
      },
      "geometry": {
        "type": "Point",
        "coordinates": [
          -52.54817925000001,
          1.076041249964581
        ]
      }
    },
    {
      "type": "Feature",
      "properties": {
        "NM_LOCALIDADE": "Aldeia Indígena Jawarary",
        "CD_LOCALIDADE": 160015400027.0,
        "SIGLA_UF": "AP",
        "NM_UF": "Amapá",
        "CD_UF": 16,
        "NM_MUN": "Pedra Branca do Amapari",
        "CD_MUN": 1600154,
        "CT_LOCALIDADE": "Localidade Indígena",
        "SCT_LOCALIDADE": "Agrupamento Indígena",
        "NM_RGINT": "Oiapoque - Porto Grande",
        "CD_RGINT": 1602,
        "NM_RGI": "Porto Grande",
        "CD_RGI": 160004,
        "LAT_LOCALIDADE": 1.16820001602173,
        "LONG_LOCALIDADE": -52.8786010742188,
        "CATEGORIA_MAPA": "Rural",
        "DIST_MUNICIPIO": 111.76,
        "DIST_INFOVIA": 234.08
      },
      "geometry": {
        "type": "Point",
        "coordinates": [
          -52.878633,
          1.168214333294879
        ]
      }
    },
    {
      "type": "Feature",
      "properties": {
        "NM_LOCALIDADE": "Aldeia Indígena Kaisury",
        "CD_LOCALIDADE": 160015400028.0,
        "SIGLA_UF": "AP",
        "NM_UF": "Amapá",
        "CD_UF": 16,
        "NM_MUN": "Pedra Branca do Amapari",
        "CD_MUN": 1600154,
        "CT_LOCALIDADE": "Localidade Indígena",
        "SCT_LOCALIDADE": "Outras Localidades Indígenas",
        "NM_RGINT": "Oiapoque - Porto Grande",
        "CD_RGINT": 1602,
        "NM_RGI": "Porto Grande",
        "CD_RGI": 160004,
        "LAT_LOCALIDADE": 0.864400029182434,
        "LONG_LOCALIDADE": -52.5001983642578,
        "CATEGORIA_MAPA": "Rural",
        "DIST_MUNICIPIO": 61.66,
        "DIST_INFOVIA": 180.23
      },
      "geometry": {
        "type": "Point",
        "coordinates": [
          -52.5002421,
          0.864410699971545
        ]
      }
    },
    {
      "type": "Feature",
      "properties": {
        "NM_LOCALIDADE": "Aldeia Indígena Kuruaty",
        "CD_LOCALIDADE": 160015400029.0,
        "SIGLA_UF": "AP",
        "NM_UF": "Amapá",
        "CD_UF": 16,
        "NM_MUN": "Pedra Branca do Amapari",
        "CD_MUN": 1600154,
        "CT_LOCALIDADE": "Localidade Indígena",
        "SCT_LOCALIDADE": "Agrupamento Indígena",
        "NM_RGINT": "Oiapoque - Porto Grande",
        "CD_RGINT": 1602,
        "NM_RGI": "Porto Grande",
        "CD_RGI": 160004,
        "LAT_LOCALIDADE": 1.14909994602203,
        "LONG_LOCALIDADE": -52.662899017334,
        "CATEGORIA_MAPA": "Rural",
        "DIST_MUNICIPIO": 89.14,
        "DIST_INFOVIA": 215.18
      },
      "geometry": {
        "type": "Point",
        "coordinates": [
          -52.662896500000016,
          1.149106249962177
        ]
      }
    },
    {
      "type": "Feature",
      "properties": {
        "NM_LOCALIDADE": "Aldeia Indígena Marakae",
        "CD_LOCALIDADE": 160015400030.0,
        "SIGLA_UF": "AP",
        "NM_UF": "Amapá",
        "CD_UF": 16,
        "NM_MUN": "Pedra Branca do Amapari",
        "CD_MUN": 1600154,
        "CT_LOCALIDADE": "Localidade Indígena",
        "SCT_LOCALIDADE": "Outras Localidades Indígenas",
        "NM_RGINT": "Oiapoque - Porto Grande",
        "CD_RGINT": 1602,
        "NM_RGI": "Porto Grande",
        "CD_RGI": 160004,
        "LAT_LOCALIDADE": 1.06749999523163,
        "LONG_LOCALIDADE": -52.8768997192383,
        "CATEGORIA_MAPA": "Rural",
        "DIST_MUNICIPIO": 107.71,
        "DIST_INFOVIA": 226.56
      },
      "geometry": {
        "type": "Point",
        "coordinates": [
          -52.8768949,
          1.067465999964863
        ]
      }
    },
    {
      "type": "Feature",
      "properties": {
        "NM_LOCALIDADE": "Aldeia Indígena Mõgywyry - Piauí",
        "CD_LOCALIDADE": 160015400031.0,
        "SIGLA_UF": "AP",
        "NM_UF": "Amapá",
        "CD_UF": 16,
        "NM_MUN": "Pedra Branca do Amapari",
        "CD_MUN": 1600154,
        "CT_LOCALIDADE": "Localidade Indígena",
        "SCT_LOCALIDADE": "Agrupamento Indígena",
        "NM_RGINT": "Oiapoque - Porto Grande",
        "CD_RGINT": 1602,
        "NM_RGI": "Porto Grande",
        "CD_RGI": 160004,
        "LAT_LOCALIDADE": 1.12220001220703,
        "LONG_LOCALIDADE": -52.5736999511719,
        "CATEGORIA_MAPA": "Rural",
        "DIST_MUNICIPIO": 78.99,
        "DIST_INFOVIA": 206.12
      },
      "geometry": {
        "type": "Point",
        "coordinates": [
          -52.5736928333333,
          1.122182833296393
        ]
      }
    },
    {
      "type": "Feature",
      "properties": {
        "NM_LOCALIDADE": "Aldeia Indígena Pakuwa",
        "CD_LOCALIDADE": 160015400032.0,
        "SIGLA_UF": "AP",
        "NM_UF": "Amapá",
        "CD_UF": 16,
        "NM_MUN": "Pedra Branca do Amapari",
        "CD_MUN": 1600154,
        "CT_LOCALIDADE": "Localidade Indígena",
        "SCT_LOCALIDADE": "Agrupamento Indígena",
        "NM_RGINT": "Oiapoque - Porto Grande",
        "CD_RGINT": 1602,
        "NM_RGI": "Porto Grande",
        "CD_RGI": 160004,
        "LAT_LOCALIDADE": 0.941699981689453,
        "LONG_LOCALIDADE": -52.4306983947754,
        "CATEGORIA_MAPA": "Rural",
        "DIST_MUNICIPIO": 56.21,
        "DIST_INFOVIA": 180.63
      },
      "geometry": {
        "type": "Point",
        "coordinates": [
          -52.4306737142857,
          0.941665285683287
        ]
      }
    },
    {
      "type": "Feature",
      "properties": {
        "NM_LOCALIDADE": "Aldeia Indígena Rio Felício",
        "CD_LOCALIDADE": 160015400033.0,
        "SIGLA_UF": "AP",
        "NM_UF": "Amapá",
        "CD_UF": 16,
        "NM_MUN": "Pedra Branca do Amapari",
        "CD_MUN": 1600154,
        "CT_LOCALIDADE": "Localidade Indígena",
        "SCT_LOCALIDADE": "Agrupamento Indígena",
        "NM_RGINT": "Oiapoque - Porto Grande",
        "CD_RGINT": 1602,
        "NM_RGI": "Porto Grande",
        "CD_RGI": 160004,
        "LAT_LOCALIDADE": 1.13960003852844,
        "LONG_LOCALIDADE": -52.640998840332,
        "CATEGORIA_MAPA": "Rural",
        "DIST_MUNICIPIO": 86.49,
        "DIST_INFOVIA": 212.72
      },
      "geometry": {
        "type": "Point",
        "coordinates": [
          -52.641017,
          1.13961099996249
        ]
      }
    },
    {
      "type": "Feature",
      "properties": {
        "NM_LOCALIDADE": "Aldeia Indígena Sapukae",
        "CD_LOCALIDADE": 160015400034.0,
        "SIGLA_UF": "AP",
        "NM_UF": "Amapá",
        "CD_UF": 16,
        "NM_MUN": "Pedra Branca do Amapari",
        "CD_MUN": 1600154,
        "CT_LOCALIDADE": "Localidade Indígena",
        "SCT_LOCALIDADE": "Agrupamento Indígena",
        "NM_RGINT": "Oiapoque - Porto Grande",
        "CD_RGINT": 1602,
        "NM_RGI": "Porto Grande",
        "CD_RGI": 160004,
        "LAT_LOCALIDADE": 0.866599977016449,
        "LONG_LOCALIDADE": -52.4981002807617,
        "CATEGORIA_MAPA": "Rural",
        "DIST_MUNICIPIO": 61.47,
        "DIST_INFOVIA": 180.22
      },
      "geometry": {
        "type": "Point",
        "coordinates": [
          -52.4981084285714,
          0.8666294285429
        ]
      }
    },
    {
      "type": "Feature",
      "properties": {
        "NM_LOCALIDADE": "Aldeia Indígena Fronteira - Tamiti",
        "CD_LOCALIDADE": 160015400035.0,
        "SIGLA_UF": "AP",
        "NM_UF": "Amapá",
        "CD_UF": 16,
        "NM_MUN": "Pedra Branca do Amapari",
        "CD_MUN": 1600154,
        "CT_LOCALIDADE": "Localidade Indígena",
        "SCT_LOCALIDADE": "Agrupamento Indígena",
        "NM_RGINT": "Oiapoque - Porto Grande",
        "CD_RGINT": 1602,
        "NM_RGI": "Porto Grande",
        "CD_RGI": 160004,
        "LAT_LOCALIDADE": 1.05900001525879,
        "LONG_LOCALIDADE": -52.5060005187988,
        "CATEGORIA_MAPA": "Rural",
        "DIST_MUNICIPIO": 69.04,
        "DIST_INFOVIA": 195.85
      },
      "geometry": {
        "type": "Point",
        "coordinates": [
          -52.506,
          1.059003999965142
        ]
      }
    },
    {
      "type": "Feature",
      "properties": {
        "NM_LOCALIDADE": "Aldeia Indígena Ysigu",
        "CD_LOCALIDADE": 160015400036.0,
        "SIGLA_UF": "AP",
        "NM_UF": "Amapá",
        "CD_UF": 16,
        "NM_MUN": "Pedra Branca do Amapari",
        "CD_MUN": 1600154,
        "CT_LOCALIDADE": "Localidade Indígena",
        "SCT_LOCALIDADE": "Agrupamento Indígena",
        "NM_RGINT": "Oiapoque - Porto Grande",
        "CD_RGINT": 1602,
        "NM_RGI": "Porto Grande",
        "CD_RGI": 160004,
        "LAT_LOCALIDADE": 0.969900012016296,
        "LONG_LOCALIDADE": -52.4705009460449,
        "CATEGORIA_MAPA": "Rural",
        "DIST_MUNICIPIO": 61.44,
        "DIST_INFOVIA": 185.97
      },
      "geometry": {
        "type": "Point",
        "coordinates": [
          -52.47050475,
          0.969947249968072
        ]
      }
    },
    {
      "type": "Feature",
      "properties": {
        "NM_LOCALIDADE": "Aldeia Indígena Ytawa 2",
        "CD_LOCALIDADE": 160015400037.0,
        "SIGLA_UF": "AP",
        "NM_UF": "Amapá",
        "CD_UF": 16,
        "NM_MUN": "Pedra Branca do Amapari",
        "CD_MUN": 1600154,
        "CT_LOCALIDADE": "Localidade Indígena",
        "SCT_LOCALIDADE": "Outras Localidades Indígenas",
        "NM_RGINT": "Oiapoque - Porto Grande",
        "CD_RGINT": 1602,
        "NM_RGI": "Porto Grande",
        "CD_RGI": 160004,
        "LAT_LOCALIDADE": 1.18379998207092,
        "LONG_LOCALIDADE": -52.9029006958008,
        "CATEGORIA_MAPA": "Rural",
        "DIST_MUNICIPIO": 114.92,
        "DIST_INFOVIA": 237.25
      },
      "geometry": {
        "type": "Point",
        "coordinates": [
          -52.9028966,
          1.183828699961035
        ]
      }
    },
    {
      "type": "Feature",
      "properties": {
        "NM_LOCALIDADE": "Aldeia Indígena Yvytõtõ",
        "CD_LOCALIDADE": 160015400038.0,
        "SIGLA_UF": "AP",
        "NM_UF": "Amapá",
        "CD_UF": 16,
        "NM_MUN": "Pedra Branca do Amapari",
        "CD_MUN": 1600154,
        "CT_LOCALIDADE": "Localidade Indígena",
        "SCT_LOCALIDADE": "Agrupamento Indígena",
        "NM_RGINT": "Oiapoque - Porto Grande",
        "CD_RGINT": 1602,
        "NM_RGI": "Porto Grande",
        "CD_RGI": 160004,
        "LAT_LOCALIDADE": 1.19369995594025,
        "LONG_LOCALIDADE": -52.8945007324219,
        "CATEGORIA_MAPA": "Rural",
        "DIST_MUNICIPIO": 114.5,
        "DIST_INFOVIA": 237.3
      },
      "geometry": {
        "type": "Point",
        "coordinates": [
          -52.8945354285714,
          1.19371771424642
        ]
      }
    },
    {
      "type": "Feature",
      "properties": {
        "NM_LOCALIDADE": "Aldeia Indígena Anipasae",
        "CD_LOCALIDADE": 160015400040.0,
        "SIGLA_UF": "AP",
        "NM_UF": "Amapá",
        "CD_UF": 16,
        "NM_MUN": "Pedra Branca do Amapari",
        "CD_MUN": 1600154,
        "CT_LOCALIDADE": "Localidade Indígena",
        "SCT_LOCALIDADE": "Outras Localidades Indígenas",
        "NM_RGINT": "Oiapoque - Porto Grande",
        "CD_RGINT": 1602,
        "NM_RGI": "Porto Grande",
        "CD_RGI": 160004,
        "LAT_LOCALIDADE": 1.19770002365112,
        "LONG_LOCALIDADE": -52.8963012695312,
        "CATEGORIA_MAPA": "Rural",
        "DIST_MUNICIPIO": 114.86,
        "DIST_INFOVIA": 237.74
      },
      "geometry": {
        "type": "Point",
        "coordinates": [
          -52.896298,
          1.197690599960579
        ]
      }
    },
    {
      "type": "Feature",
      "properties": {
        "NM_LOCALIDADE": "Aldeia Indígena Ãsigatu",
        "CD_LOCALIDADE": 160015400041.0,
        "SIGLA_UF": "AP",
        "NM_UF": "Amapá",
        "CD_UF": 16,
        "NM_MUN": "Pedra Branca do Amapari",
        "CD_MUN": 1600154,
        "CT_LOCALIDADE": "Localidade Indígena",
        "SCT_LOCALIDADE": "Outras Localidades Indígenas",
        "NM_RGINT": "Oiapoque - Porto Grande",
        "CD_RGINT": 1602,
        "NM_RGI": "Porto Grande",
        "CD_RGI": 160004,
        "LAT_LOCALIDADE": 1.16939997673035,
        "LONG_LOCALIDADE": -52.8883018493652,
        "CATEGORIA_MAPA": "Rural",
        "DIST_MUNICIPIO": 112.8,
        "DIST_INFOVIA": 234.96
      },
      "geometry": {
        "type": "Point",
        "coordinates": [
          -52.88827890000001,
          1.169377499961511
        ]
      }
    },
    {
      "type": "Feature",
      "properties": {
        "NM_LOCALIDADE": "Aldeia Indígena Etëi",
        "CD_LOCALIDADE": 160015400042.0,
        "SIGLA_UF": "AP",
        "NM_UF": "Amapá",
        "CD_UF": 16,
        "NM_MUN": "Pedra Branca do Amapari",
        "CD_MUN": 1600154,
        "CT_LOCALIDADE": "Localidade Indígena",
        "SCT_LOCALIDADE": "Outras Localidades Indígenas",
        "NM_RGINT": "Oiapoque - Porto Grande",
        "CD_RGINT": 1602,
        "NM_RGI": "Porto Grande",
        "CD_RGI": 160004,
        "LAT_LOCALIDADE": 0.852100014686584,
        "LONG_LOCALIDADE": -52.5931015014648,
        "CATEGORIA_MAPA": "Rural",
        "DIST_MUNICIPIO": 71.71,
        "DIST_INFOVIA": 187.02
      },
      "geometry": {
        "type": "Point",
        "coordinates": [
          -52.5931269,
          0.852148699971948
        ]
      }
    },
    {
      "type": "Feature",
      "properties": {
        "NM_LOCALIDADE": "Aldeia Indígena Jããsiri",
        "CD_LOCALIDADE": 160015400043.0,
        "SIGLA_UF": "AP",
        "NM_UF": "Amapá",
        "CD_UF": 16,
        "NM_MUN": "Pedra Branca do Amapari",
        "CD_MUN": 1600154,
        "CT_LOCALIDADE": "Localidade Indígena",
        "SCT_LOCALIDADE": "Outras Localidades Indígenas",
        "NM_RGINT": "Oiapoque - Porto Grande",
        "CD_RGINT": 1602,
        "NM_RGI": "Porto Grande",
        "CD_RGI": 160004,
        "LAT_LOCALIDADE": 1.11459994316101,
        "LONG_LOCALIDADE": -52.5751991271973,
        "CATEGORIA_MAPA": "Rural",
        "DIST_MUNICIPIO": 78.73,
        "DIST_INFOVIA": 205.63
      },
      "geometry": {
        "type": "Point",
        "coordinates": [
          -52.57522989999999,
          1.114648099963311
        ]
      }
    },
    {
      "type": "Feature",
      "properties": {
        "NM_LOCALIDADE": "Aldeia Indígena Jããwyry",
        "CD_LOCALIDADE": 160015400044.0,
        "SIGLA_UF": "AP",
        "NM_UF": "Amapá",
        "CD_UF": 16,
        "NM_MUN": "Pedra Branca do Amapari",
        "CD_MUN": 1600154,
        "CT_LOCALIDADE": "Localidade Indígena",
        "SCT_LOCALIDADE": "Outras Localidades Indígenas",
        "NM_RGINT": "Oiapoque - Porto Grande",
        "CD_RGINT": 1602,
        "NM_RGI": "Porto Grande",
        "CD_RGI": 160004,
        "LAT_LOCALIDADE": 1.21850001811981,
        "LONG_LOCALIDADE": -52.9101982116699,
        "CATEGORIA_MAPA": "Rural",
        "DIST_MUNICIPIO": 117.23,
        "DIST_INFOVIA": 240.45
      },
      "geometry": {
        "type": "Point",
        "coordinates": [
          -52.9102314,
          1.218527999959894
        ]
      }
    },
    {
      "type": "Feature",
      "properties": {
        "NM_LOCALIDADE": "Aldeia Indígena Jãvikae",
        "CD_LOCALIDADE": 160015400045.0,
        "SIGLA_UF": "AP",
        "NM_UF": "Amapá",
        "CD_UF": 16,
        "NM_MUN": "Pedra Branca do Amapari",
        "CD_MUN": 1600154,
        "CT_LOCALIDADE": "Localidade Indígena",
        "SCT_LOCALIDADE": "Outras Localidades Indígenas",
        "NM_RGINT": "Oiapoque - Porto Grande",
        "CD_RGINT": 1602,
        "NM_RGI": "Porto Grande",
        "CD_RGI": 160004,
        "LAT_LOCALIDADE": 1.08589994907379,
        "LONG_LOCALIDADE": -52.5904006958008,
        "CATEGORIA_MAPA": "Rural",
        "DIST_MUNICIPIO": 78.78,
        "DIST_INFOVIA": 204.51
      },
      "geometry": {
        "type": "Point",
        "coordinates": [
          -52.5904325,
          1.085874699964257
        ]
      }
    },
    {
      "type": "Feature",
      "properties": {
        "NM_LOCALIDADE": "Aldeia Indígena Juperi",
        "CD_LOCALIDADE": 160015400046.0,
        "SIGLA_UF": "AP",
        "NM_UF": "Amapá",
        "CD_UF": 16,
        "NM_MUN": "Pedra Branca do Amapari",
        "CD_MUN": 1600154,
        "CT_LOCALIDADE": "Localidade Indígena",
        "SCT_LOCALIDADE": "Outras Localidades Indígenas",
        "NM_RGINT": "Oiapoque - Porto Grande",
        "CD_RGINT": 1602,
        "NM_RGI": "Porto Grande",
        "CD_RGI": 160004,
        "LAT_LOCALIDADE": 1.12689995765686,
        "LONG_LOCALIDADE": -52.6479988098145,
        "CATEGORIA_MAPA": "Rural",
        "DIST_MUNICIPIO": 86.54,
        "DIST_INFOVIA": 212.26
      },
      "geometry": {
        "type": "Point",
        "coordinates": [
          -52.6479932,
          1.126865399962909
        ]
      }
    },
    {
      "type": "Feature",
      "properties": {
        "NM_LOCALIDADE": "Aldeia Indígena Kanãã",
        "CD_LOCALIDADE": 160015400047.0,
        "SIGLA_UF": "AP",
        "NM_UF": "Amapá",
        "CD_UF": 16,
        "NM_MUN": "Pedra Branca do Amapari",
        "CD_MUN": 1600154,
        "CT_LOCALIDADE": "Localidade Indígena",
        "SCT_LOCALIDADE": "Outras Localidades Indígenas",
        "NM_RGINT": "Oiapoque - Porto Grande",
        "CD_RGINT": 1602,
        "NM_RGI": "Porto Grande",
        "CD_RGI": 160004,
        "LAT_LOCALIDADE": 0.845399975776672,
        "LONG_LOCALIDADE": -52.595401763916,
        "CATEGORIA_MAPA": "Rural",
        "DIST_MUNICIPIO": 71.88,
        "DIST_INFOVIA": 186.72
      },
      "geometry": {
        "type": "Point",
        "coordinates": [
          -52.5954497,
          0.84540419997217
        ]
      }
    },
    {
      "type": "Feature",
      "properties": {
        "NM_LOCALIDADE": "Aldeia Indígena Kanikãni",
        "CD_LOCALIDADE": 160015400048.0,
        "SIGLA_UF": "AP",
        "NM_UF": "Amapá",
        "CD_UF": 16,
        "NM_MUN": "Pedra Branca do Amapari",
        "CD_MUN": 1600154,
        "CT_LOCALIDADE": "Localidade Indígena",
        "SCT_LOCALIDADE": "Agrupamento Indígena",
        "NM_RGINT": "Oiapoque - Porto Grande",
        "CD_RGINT": 1602,
        "NM_RGI": "Porto Grande",
        "CD_RGI": 160004,
        "LAT_LOCALIDADE": 1.20869994163513,
        "LONG_LOCALIDADE": -52.9108009338379,
        "CATEGORIA_MAPA": "Rural",
        "DIST_MUNICIPIO": 116.83,
        "DIST_INFOVIA": 239.76
      },
      "geometry": {
        "type": "Point",
        "coordinates": [
          -52.9107778,
          1.208714199960216
        ]
      }
    },
    {
      "type": "Feature",
      "properties": {
        "NM_LOCALIDADE": "Aldeia Indígena Kasiriwa",
        "CD_LOCALIDADE": 160015400049.0,
        "SIGLA_UF": "AP",
        "NM_UF": "Amapá",
        "CD_UF": 16,
        "NM_MUN": "Pedra Branca do Amapari",
        "CD_MUN": 1600154,
        "CT_LOCALIDADE": "Localidade Indígena",
        "SCT_LOCALIDADE": "Outras Localidades Indígenas",
        "NM_RGINT": "Oiapoque - Porto Grande",
        "CD_RGINT": 1602,
        "NM_RGI": "Porto Grande",
        "CD_RGI": 160004,
        "LAT_LOCALIDADE": 1.12339997291565,
        "LONG_LOCALIDADE": -52.576099395752,
        "CATEGORIA_MAPA": "Rural",
        "DIST_MUNICIPIO": 79.29,
        "DIST_INFOVIA": 206.4
      },
      "geometry": {
        "type": "Point",
        "coordinates": [
          -52.5761087,
          1.123378799963024
        ]
      }
    },
    {
      "type": "Feature",
      "properties": {
        "NM_LOCALIDADE": "Aldeia Indígena Kenarã",
        "CD_LOCALIDADE": 160015400050.0,
        "SIGLA_UF": "AP",
        "NM_UF": "Amapá",
        "CD_UF": 16,
        "NM_MUN": "Pedra Branca do Amapari",
        "CD_MUN": 1600154,
        "CT_LOCALIDADE": "Localidade Indígena",
        "SCT_LOCALIDADE": "Outras Localidades Indígenas",
        "NM_RGINT": "Oiapoque - Porto Grande",
        "CD_RGINT": 1602,
        "NM_RGI": "Porto Grande",
        "CD_RGI": 160004,
        "LAT_LOCALIDADE": 0.846599996089935,
        "LONG_LOCALIDADE": -52.5868988037109,
        "CATEGORIA_MAPA": "Rural",
        "DIST_MUNICIPIO": 70.95,
        "DIST_INFOVIA": 186.09
      },
      "geometry": {
        "type": "Point",
        "coordinates": [
          -52.5868739,
          0.846645099972129
        ]
      }
    },
    {
      "type": "Feature",
      "properties": {
        "NM_LOCALIDADE": "Aldeia Indígena Kõmakawyry",
        "CD_LOCALIDADE": 160015400051.0,
        "SIGLA_UF": "AP",
        "NM_UF": "Amapá",
        "CD_UF": 16,
        "NM_MUN": "Pedra Branca do Amapari",
        "CD_MUN": 1600154,
        "CT_LOCALIDADE": "Localidade Indígena",
        "SCT_LOCALIDADE": "Outras Localidades Indígenas",
        "NM_RGINT": "Oiapoque - Porto Grande",
        "CD_RGINT": 1602,
        "NM_RGI": "Porto Grande",
        "CD_RGI": 160004,
        "LAT_LOCALIDADE": 1.18029999732971,
        "LONG_LOCALIDADE": -52.9197006225586,
        "CATEGORIA_MAPA": "Rural",
        "DIST_MUNICIPIO": 116.48,
        "DIST_INFOVIA": 238.37
      },
      "geometry": {
        "type": "Point",
        "coordinates": [
          -52.9196668,
          1.180271099961152
        ]
      }
    },
    {
      "type": "Feature",
      "properties": {
        "NM_LOCALIDADE": "Aldeia Indígena Kurity",
        "CD_LOCALIDADE": 160015400052.0,
        "SIGLA_UF": "AP",
        "NM_UF": "Amapá",
        "CD_UF": 16,
        "NM_MUN": "Pedra Branca do Amapari",
        "CD_MUN": 1600154,
        "CT_LOCALIDADE": "Localidade Indígena",
        "SCT_LOCALIDADE": "Outras Localidades Indígenas",
        "NM_RGINT": "Oiapoque - Porto Grande",
        "CD_RGINT": 1602,
        "NM_RGI": "Porto Grande",
        "CD_RGI": 160004,
        "LAT_LOCALIDADE": 1.18420004844666,
        "LONG_LOCALIDADE": -52.4850997924805,
        "CATEGORIA_MAPA": "Rural",
        "DIST_MUNICIPIO": 74.5,
        "DIST_INFOVIA": 203.62
      },
      "geometry": {
        "type": "Point",
        "coordinates": [
          -52.4850811,
          1.184163099961024
        ]
      }
    },
    {
      "type": "Feature",
      "properties": {
        "NM_LOCALIDADE": "Aldeia Indígena Kurumuripopy",
        "CD_LOCALIDADE": 160015400053.0,
        "SIGLA_UF": "AP",
        "NM_UF": "Amapá",
        "CD_UF": 16,
        "NM_MUN": "Pedra Branca do Amapari",
        "CD_MUN": 1600154,
        "CT_LOCALIDADE": "Localidade Indígena",
        "SCT_LOCALIDADE": "Outras Localidades Indígenas",
        "NM_RGINT": "Oiapoque - Porto Grande",
        "CD_RGINT": 1602,
        "NM_RGI": "Porto Grande",
        "CD_RGI": 160004,
        "LAT_LOCALIDADE": 0.982500016689301,
        "LONG_LOCALIDADE": -52.6722984313965,
        "CATEGORIA_MAPA": "Rural",
        "DIST_MUNICIPIO": 83.21,
        "DIST_INFOVIA": 203.21
      },
      "geometry": {
        "type": "Point",
        "coordinates": [
          -52.672282500000016,
          0.98246189996766
        ]
      }
    },
    {
      "type": "Feature",
      "properties": {
        "NM_LOCALIDADE": "Aldeia Indígena Kurumuriwyry",
        "CD_LOCALIDADE": 160015400054.0,
        "SIGLA_UF": "AP",
        "NM_UF": "Amapá",
        "CD_UF": 16,
        "NM_MUN": "Pedra Branca do Amapari",
        "CD_MUN": 1600154,
        "CT_LOCALIDADE": "Localidade Indígena",
        "SCT_LOCALIDADE": "Outras Localidades Indígenas",
        "NM_RGINT": "Oiapoque - Porto Grande",
        "CD_RGINT": 1602,
        "NM_RGI": "Porto Grande",
        "CD_RGI": 160004,
        "LAT_LOCALIDADE": 1.16229999065399,
        "LONG_LOCALIDADE": -52.7798004150391,
        "CATEGORIA_MAPA": "Rural",
        "DIST_MUNICIPIO": 101.45,
        "DIST_INFOVIA": 225.53
      },
      "geometry": {
        "type": "Point",
        "coordinates": [
          -52.7798236,
          1.162289999961744
        ]
      }
    },
    {
      "type": "Feature",
      "properties": {
        "NM_LOCALIDADE": "Aldeia Indígena Mãga'wyry",
        "CD_LOCALIDADE": 160015400055.0,
        "SIGLA_UF": "AP",
        "NM_UF": "Amapá",
        "CD_UF": 16,
        "NM_MUN": "Pedra Branca do Amapari",
        "CD_MUN": 1600154,
        "CT_LOCALIDADE": "Localidade Indígena",
        "SCT_LOCALIDADE": "Outras Localidades Indígenas",
        "NM_RGINT": "Oiapoque - Porto Grande",
        "CD_RGINT": 1602,
        "NM_RGI": "Porto Grande",
        "CD_RGI": 160004,
        "LAT_LOCALIDADE": 1.20910000801086,
        "LONG_LOCALIDADE": -52.5316009521484,
        "CATEGORIA_MAPA": "Rural",
        "DIST_MUNICIPIO": 80.3,
        "DIST_INFOVIA": 209.39
      },
      "geometry": {
        "type": "Point",
        "coordinates": [
          -52.5316025,
          1.209073399960205
        ]
      }
    },
    {
      "type": "Feature",
      "properties": {
        "NM_LOCALIDADE": "Aldeia Indígena Maita",
        "CD_LOCALIDADE": 160015400056.0,
        "SIGLA_UF": "AP",
        "NM_UF": "Amapá",
        "CD_UF": 16,
        "NM_MUN": "Pedra Branca do Amapari",
        "CD_MUN": 1600154,
        "CT_LOCALIDADE": "Localidade Indígena",
        "SCT_LOCALIDADE": "Outras Localidades Indígenas",
        "NM_RGINT": "Oiapoque - Porto Grande",
        "CD_RGINT": 1602,
        "NM_RGI": "Porto Grande",
        "CD_RGI": 160004,
        "LAT_LOCALIDADE": 1.14579999446869,
        "LONG_LOCALIDADE": -52.655101776123,
        "CATEGORIA_MAPA": "Rural",
        "DIST_MUNICIPIO": 88.2,
        "DIST_INFOVIA": 214.31
      },
      "geometry": {
        "type": "Point",
        "coordinates": [
          -52.655136800000015,
          1.145771299962287
        ]
      }
    },
    {
      "type": "Feature",
      "properties": {
        "NM_LOCALIDADE": "Aldeia Indígena Myrysity",
        "CD_LOCALIDADE": 160015400057.0,
        "SIGLA_UF": "AP",
        "NM_UF": "Amapá",
        "CD_UF": 16,
        "NM_MUN": "Pedra Branca do Amapari",
        "CD_MUN": 1600154,
        "CT_LOCALIDADE": "Localidade Indígena",
        "SCT_LOCALIDADE": "Outras Localidades Indígenas",
        "NM_RGINT": "Oiapoque - Porto Grande",
        "CD_RGINT": 1602,
        "NM_RGI": "Porto Grande",
        "CD_RGI": 160004,
        "LAT_LOCALIDADE": 1.10829997062683,
        "LONG_LOCALIDADE": -52.5814018249512,
        "CATEGORIA_MAPA": "Rural",
        "DIST_MUNICIPIO": 79.0,
        "DIST_INFOVIA": 205.59
      },
      "geometry": {
        "type": "Point",
        "coordinates": [
          -52.5813946,
          1.108263099963521
        ]
      }
    },
    {
      "type": "Feature",
      "properties": {
        "NM_LOCALIDADE": "Aldeia Indígena Owary",
        "CD_LOCALIDADE": 160015400058.0,
        "SIGLA_UF": "AP",
        "NM_UF": "Amapá",
        "CD_UF": 16,
        "NM_MUN": "Pedra Branca do Amapari",
        "CD_MUN": 1600154,
        "CT_LOCALIDADE": "Localidade Indígena",
        "SCT_LOCALIDADE": "Outras Localidades Indígenas",
        "NM_RGINT": "Oiapoque - Porto Grande",
        "CD_RGINT": 1602,
        "NM_RGI": "Porto Grande",
        "CD_RGI": 160004,
        "LAT_LOCALIDADE": 1.11479997634888,
        "LONG_LOCALIDADE": -52.5782012939453,
        "CATEGORIA_MAPA": "Rural",
        "DIST_MUNICIPIO": 79.03,
        "DIST_INFOVIA": 205.87
      },
      "geometry": {
        "type": "Point",
        "coordinates": [
          -52.5782006,
          1.114806899963306
        ]
      }
    },
    {
      "type": "Feature",
      "properties": {
        "NM_LOCALIDADE": "Aldeia Indígena Patawa",
        "CD_LOCALIDADE": 160015400059.0,
        "SIGLA_UF": "AP",
        "NM_UF": "Amapá",
        "CD_UF": 16,
        "NM_MUN": "Pedra Branca do Amapari",
        "CD_MUN": 1600154,
        "CT_LOCALIDADE": "Localidade Indígena",
        "SCT_LOCALIDADE": "Outras Localidades Indígenas",
        "NM_RGINT": "Oiapoque - Porto Grande",
        "CD_RGINT": 1602,
        "NM_RGI": "Porto Grande",
        "CD_RGI": 160004,
        "LAT_LOCALIDADE": 1.14429998397827,
        "LONG_LOCALIDADE": -52.6827011108398,
        "CATEGORIA_MAPA": "Rural",
        "DIST_MUNICIPIO": 90.86,
        "DIST_INFOVIA": 216.36
      },
      "geometry": {
        "type": "Point",
        "coordinates": [
          -52.6827069,
          1.144324499962335
        ]
      }
    },
    {
      "type": "Feature",
      "properties": {
        "NM_LOCALIDADE": "Aldeia Indígena Pyrekenopã",
        "CD_LOCALIDADE": 160015400060.0,
        "SIGLA_UF": "AP",
        "NM_UF": "Amapá",
        "CD_UF": 16,
        "NM_MUN": "Pedra Branca do Amapari",
        "CD_MUN": 1600154,
        "CT_LOCALIDADE": "Localidade Indígena",
        "SCT_LOCALIDADE": "Outras Localidades Indígenas",
        "NM_RGINT": "Oiapoque - Porto Grande",
        "CD_RGINT": 1602,
        "NM_RGI": "Porto Grande",
        "CD_RGI": 160004,
        "LAT_LOCALIDADE": 1.13349997997284,
        "LONG_LOCALIDADE": -52.5646018981934,
        "CATEGORIA_MAPA": "Rural",
        "DIST_MUNICIPIO": 78.73,
        "DIST_INFOVIA": 206.34
      },
      "geometry": {
        "type": "Point",
        "coordinates": [
          -52.564564,
          1.13352589996269
        ]
      }
    },
    {
      "type": "Feature",
      "properties": {
        "NM_LOCALIDADE": "Aldeia Indígena Sakuri",
        "CD_LOCALIDADE": 160015400061.0,
        "SIGLA_UF": "AP",
        "NM_UF": "Amapá",
        "CD_UF": 16,
        "NM_MUN": "Pedra Branca do Amapari",
        "CD_MUN": 1600154,
        "CT_LOCALIDADE": "Localidade Indígena",
        "SCT_LOCALIDADE": "Outras Localidades Indígenas",
        "NM_RGINT": "Oiapoque - Porto Grande",
        "CD_RGINT": 1602,
        "NM_RGI": "Porto Grande",
        "CD_RGI": 160004,
        "LAT_LOCALIDADE": 1.14999997615814,
        "LONG_LOCALIDADE": -52.6566009521484,
        "CATEGORIA_MAPA": "Rural",
        "DIST_MUNICIPIO": 88.56,
        "DIST_INFOVIA": 214.75
      },
      "geometry": {
        "type": "Point",
        "coordinates": [
          -52.6565848,
          1.149951799962149
        ]
      }
    },
    {
      "type": "Feature",
      "properties": {
        "NM_LOCALIDADE": "Aldeia Indígena Sovae",
        "CD_LOCALIDADE": 160015400062.0,
        "SIGLA_UF": "AP",
        "NM_UF": "Amapá",
        "CD_UF": 16,
        "NM_MUN": "Pedra Branca do Amapari",
        "CD_MUN": 1600154,
        "CT_LOCALIDADE": "Localidade Indígena",
        "SCT_LOCALIDADE": "Outras Localidades Indígenas",
        "NM_RGINT": "Oiapoque - Porto Grande",
        "CD_RGINT": 1602,
        "NM_RGI": "Porto Grande",
        "CD_RGI": 160004,
        "LAT_LOCALIDADE": 1.11249995231628,
        "LONG_LOCALIDADE": -52.5825004577637,
        "CATEGORIA_MAPA": "Rural",
        "DIST_MUNICIPIO": 79.33,
        "DIST_INFOVIA": 206.01
      },
      "geometry": {
        "type": "Point",
        "coordinates": [
          -52.5824772,
          1.112478699963382
        ]
      }
    },
    {
      "type": "Feature",
      "properties": {
        "NM_LOCALIDADE": "Aldeia Indígena Takuruserenyny",
        "CD_LOCALIDADE": 160015400063.0,
        "SIGLA_UF": "AP",
        "NM_UF": "Amapá",
        "CD_UF": 16,
        "NM_MUN": "Pedra Branca do Amapari",
        "CD_MUN": 1600154,
        "CT_LOCALIDADE": "Localidade Indígena",
        "SCT_LOCALIDADE": "Agrupamento Indígena",
        "NM_RGINT": "Oiapoque - Porto Grande",
        "CD_RGINT": 1602,
        "NM_RGI": "Porto Grande",
        "CD_RGI": 160004,
        "LAT_LOCALIDADE": 1.16939997673035,
        "LONG_LOCALIDADE": -52.88330078125,
        "CATEGORIA_MAPA": "Rural",
        "DIST_MUNICIPIO": 112.29,
        "DIST_INFOVIA": 234.56
      },
      "geometry": {
        "type": "Point",
        "coordinates": [
          -52.88331175,
          1.169382499961511
        ]
      }
    },
    {
      "type": "Feature",
      "properties": {
        "NM_LOCALIDADE": "Aldeia Indígena Tapi'ikãgwarãry",
        "CD_LOCALIDADE": 160015400064.0,
        "SIGLA_UF": "AP",
        "NM_UF": "Amapá",
        "CD_UF": 16,
        "NM_MUN": "Pedra Branca do Amapari",
        "CD_MUN": 1600154,
        "CT_LOCALIDADE": "Localidade Indígena",
        "SCT_LOCALIDADE": "Outras Localidades Indígenas",
        "NM_RGINT": "Oiapoque - Porto Grande",
        "CD_RGINT": 1602,
        "NM_RGI": "Porto Grande",
        "CD_RGI": 160004,
        "LAT_LOCALIDADE": 1.1952999830246,
        "LONG_LOCALIDADE": -52.9025001525879,
        "CATEGORIA_MAPA": "Rural",
        "DIST_MUNICIPIO": 115.39,
        "DIST_INFOVIA": 238.08
      },
      "geometry": {
        "type": "Point",
        "coordinates": [
          -52.9025439,
          1.195297099960658
        ]
      }
    },
    {
      "type": "Feature",
      "properties": {
        "NM_LOCALIDADE": "Aldeia Indígena Taraykary",
        "CD_LOCALIDADE": 160015400065.0,
        "SIGLA_UF": "AP",
        "NM_UF": "Amapá",
        "CD_UF": 16,
        "NM_MUN": "Pedra Branca do Amapari",
        "CD_MUN": 1600154,
        "CT_LOCALIDADE": "Localidade Indígena",
        "SCT_LOCALIDADE": "Outras Localidades Indígenas",
        "NM_RGINT": "Oiapoque - Porto Grande",
        "CD_RGINT": 1602,
        "NM_RGI": "Porto Grande",
        "CD_RGI": 160004,
        "LAT_LOCALIDADE": 1.33570003509521,
        "LONG_LOCALIDADE": -52.834400177002,
        "CATEGORIA_MAPA": "Rural",
        "DIST_MUNICIPIO": 116.05,
        "DIST_INFOVIA": 243.34
      },
      "geometry": {
        "type": "Point",
        "coordinates": [
          -52.8344489,
          1.335738399956039
        ]
      }
    },
    {
      "type": "Feature",
      "properties": {
        "NM_LOCALIDADE": "Aldeia Indígena Taraykaypykwerã",
        "CD_LOCALIDADE": 160015400066.0,
        "SIGLA_UF": "AP",
        "NM_UF": "Amapá",
        "CD_UF": 16,
        "NM_MUN": "Pedra Branca do Amapari",
        "CD_MUN": 1600154,
        "CT_LOCALIDADE": "Localidade Indígena",
        "SCT_LOCALIDADE": "Outras Localidades Indígenas",
        "NM_RGINT": "Oiapoque - Porto Grande",
        "CD_RGINT": 1602,
        "NM_RGI": "Porto Grande",
        "CD_RGI": 160004,
        "LAT_LOCALIDADE": 0.833999991416931,
        "LONG_LOCALIDADE": -52.6076011657715,
        "CATEGORIA_MAPA": "Rural",
        "DIST_MUNICIPIO": 73.1,
        "DIST_INFOVIA": 186.93
      },
      "geometry": {
        "type": "Point",
        "coordinates": [
          -52.6075643,
          0.834035399972544
        ]
      }
    },
    {
      "type": "Feature",
      "properties": {
        "NM_LOCALIDADE": "Aldeia Indígena Tawãikõpã",
        "CD_LOCALIDADE": 160015400067.0,
        "SIGLA_UF": "AP",
        "NM_UF": "Amapá",
        "CD_UF": 16,
        "NM_MUN": "Pedra Branca do Amapari",
        "CD_MUN": 1600154,
        "CT_LOCALIDADE": "Localidade Indígena",
        "SCT_LOCALIDADE": "Outras Localidades Indígenas",
        "NM_RGINT": "Oiapoque - Porto Grande",
        "CD_RGINT": 1602,
        "NM_RGI": "Porto Grande",
        "CD_RGI": 160004,
        "LAT_LOCALIDADE": 0.844900012016296,
        "LONG_LOCALIDADE": -52.5993995666504,
        "CATEGORIA_MAPA": "Rural",
        "DIST_MUNICIPIO": 72.32,
        "DIST_INFOVIA": 187.02
      },
      "geometry": {
        "type": "Point",
        "coordinates": [
          -52.5994494,
          0.844890199972187
        ]
      }
    },
    {
      "type": "Feature",
      "properties": {
        "NM_LOCALIDADE": "Aldeia Indígena Tekoapyau",
        "CD_LOCALIDADE": 160015400068.0,
        "SIGLA_UF": "AP",
        "NM_UF": "Amapá",
        "CD_UF": 16,
        "NM_MUN": "Pedra Branca do Amapari",
        "CD_MUN": 1600154,
        "CT_LOCALIDADE": "Localidade Indígena",
        "SCT_LOCALIDADE": "Agrupamento Indígena",
        "NM_RGINT": "Oiapoque - Porto Grande",
        "CD_RGINT": 1602,
        "NM_RGI": "Porto Grande",
        "CD_RGI": 160004,
        "LAT_LOCALIDADE": 1.17449998855591,
        "LONG_LOCALIDADE": -52.4921989440918,
        "CATEGORIA_MAPA": "Rural",
        "DIST_MUNICIPIO": 74.49,
        "DIST_INFOVIA": 203.57
      },
      "geometry": {
        "type": "Point",
        "coordinates": [
          -52.492193666666594,
          1.174517666628001
        ]
      }
    },
    {
      "type": "Feature",
      "properties": {
        "NM_LOCALIDADE": "Aldeia Indígena Tekowa",
        "CD_LOCALIDADE": 160015400069.0,
        "SIGLA_UF": "AP",
        "NM_UF": "Amapá",
        "CD_UF": 16,
        "NM_MUN": "Pedra Branca do Amapari",
        "CD_MUN": 1600154,
        "CT_LOCALIDADE": "Localidade Indígena",
        "SCT_LOCALIDADE": "Outras Localidades Indígenas",
        "NM_RGINT": "Oiapoque - Porto Grande",
        "CD_RGINT": 1602,
        "NM_RGI": "Porto Grande",
        "CD_RGI": 160004,
        "LAT_LOCALIDADE": 1.06630003452301,
        "LONG_LOCALIDADE": -52.5458984375,
        "CATEGORIA_MAPA": "Rural",
        "DIST_MUNICIPIO": 73.38,
        "DIST_INFOVIA": 199.5
      },
      "geometry": {
        "type": "Point",
        "coordinates": [
          -52.5459453888888,
          1.066287694375702
        ]
      }
    },
    {
      "type": "Feature",
      "properties": {
        "NM_LOCALIDADE": "Aldeia Indígena Tenaa",
        "CD_LOCALIDADE": 160015400070.0,
        "SIGLA_UF": "AP",
        "NM_UF": "Amapá",
        "CD_UF": 16,
        "NM_MUN": "Pedra Branca do Amapari",
        "CD_MUN": 1600154,
        "CT_LOCALIDADE": "Localidade Indígena",
        "SCT_LOCALIDADE": "Outras Localidades Indígenas",
        "NM_RGINT": "Oiapoque - Porto Grande",
        "CD_RGINT": 1602,
        "NM_RGI": "Porto Grande",
        "CD_RGI": 160004,
        "LAT_LOCALIDADE": 1.12220001220703,
        "LONG_LOCALIDADE": -52.5882987976074,
        "CATEGORIA_MAPA": "Rural",
        "DIST_MUNICIPIO": 80.41,
        "DIST_INFOVIA": 207.24
      },
      "geometry": {
        "type": "Point",
        "coordinates": [
          -52.5882567,
          1.122214199963062
        ]
      }
    },
    {
      "type": "Feature",
      "properties": {
        "NM_LOCALIDADE": "Aldeia Indígena Kurawary",
        "CD_LOCALIDADE": 160015400071.0,
        "SIGLA_UF": "AP",
        "NM_UF": "Amapá",
        "CD_UF": 16,
        "NM_MUN": "Pedra Branca do Amapari",
        "CD_MUN": 1600154,
        "CT_LOCALIDADE": "Localidade Indígena",
        "SCT_LOCALIDADE": "Outras Localidades Indígenas",
        "NM_RGINT": "Oiapoque - Porto Grande",
        "CD_RGINT": 1602,
        "NM_RGI": "Porto Grande",
        "CD_RGI": 160004,
        "LAT_LOCALIDADE": 1.18840003013611,
        "LONG_LOCALIDADE": -52.8950996398926,
        "CATEGORIA_MAPA": "Rural",
        "DIST_MUNICIPIO": 114.32,
        "DIST_INFOVIA": 236.95
      },
      "geometry": {
        "type": "Point",
        "coordinates": [
          -52.8950841,
          1.188409999960884
        ]
      }
    },
    {
      "type": "Feature",
      "properties": {
        "NM_LOCALIDADE": "Aldeia Indígena Vyvaty",
        "CD_LOCALIDADE": 160015400072.0,
        "SIGLA_UF": "AP",
        "NM_UF": "Amapá",
        "CD_UF": 16,
        "NM_MUN": "Pedra Branca do Amapari",
        "CD_MUN": 1600154,
        "CT_LOCALIDADE": "Localidade Indígena",
        "SCT_LOCALIDADE": "Agrupamento Indígena",
        "NM_RGINT": "Oiapoque - Porto Grande",
        "CD_RGINT": 1602,
        "NM_RGI": "Porto Grande",
        "CD_RGI": 160004,
        "LAT_LOCALIDADE": 1.18649995326996,
        "LONG_LOCALIDADE": -52.8928985595703,
        "CATEGORIA_MAPA": "Rural",
        "DIST_MUNICIPIO": 114.02,
        "DIST_INFOVIA": 236.63
      },
      "geometry": {
        "type": "Point",
        "coordinates": [
          -52.89289525,
          1.186542749960946
        ]
      }
    },
    {
      "type": "Feature",
      "properties": {
        "NM_LOCALIDADE": "Aldeia Indígena Wakapu",
        "CD_LOCALIDADE": 160015400073.0,
        "SIGLA_UF": "AP",
        "NM_UF": "Amapá",
        "CD_UF": 16,
        "NM_MUN": "Pedra Branca do Amapari",
        "CD_MUN": 1600154,
        "CT_LOCALIDADE": "Localidade Indígena",
        "SCT_LOCALIDADE": "Outras Localidades Indígenas",
        "NM_RGINT": "Oiapoque - Porto Grande",
        "CD_RGINT": 1602,
        "NM_RGI": "Porto Grande",
        "CD_RGI": 160004,
        "LAT_LOCALIDADE": 1.07669997215271,
        "LONG_LOCALIDADE": -52.5503997802734,
        "CATEGORIA_MAPA": "Rural",
        "DIST_MUNICIPIO": 74.34,
        "DIST_INFOVIA": 200.68
      },
      "geometry": {
        "type": "Point",
        "coordinates": [
          -52.5504325,
          1.07670349996456
        ]
      }
    },
    {
      "type": "Feature",
      "properties": {
        "NM_LOCALIDADE": "Aldeia Indígena Waseity",
        "CD_LOCALIDADE": 160015400075.0,
        "SIGLA_UF": "AP",
        "NM_UF": "Amapá",
        "CD_UF": 16,
        "NM_MUN": "Pedra Branca do Amapari",
        "CD_MUN": 1600154,
        "CT_LOCALIDADE": "Localidade Indígena",
        "SCT_LOCALIDADE": "Outras Localidades Indígenas",
        "NM_RGINT": "Oiapoque - Porto Grande",
        "CD_RGINT": 1602,
        "NM_RGI": "Porto Grande",
        "CD_RGI": 160004,
        "LAT_LOCALIDADE": 1.1878000497818,
        "LONG_LOCALIDADE": -52.8894996643066,
        "CATEGORIA_MAPA": "Rural",
        "DIST_MUNICIPIO": 113.72,
        "DIST_INFOVIA": 236.44
      },
      "geometry": {
        "type": "Point",
        "coordinates": [
          -52.8894638,
          1.187766799960906
        ]
      }
    },
    {
      "type": "Feature",
      "properties": {
        "NM_LOCALIDADE": "Aldeia Indígena Yurajikusiwa",
        "CD_LOCALIDADE": 160015400076.0,
        "SIGLA_UF": "AP",
        "NM_UF": "Amapá",
        "CD_UF": 16,
        "NM_MUN": "Pedra Branca do Amapari",
        "CD_MUN": 1600154,
        "CT_LOCALIDADE": "Localidade Indígena",
        "SCT_LOCALIDADE": "Outras Localidades Indígenas",
        "NM_RGINT": "Oiapoque - Porto Grande",
        "CD_RGINT": 1602,
        "NM_RGI": "Porto Grande",
        "CD_RGI": 160004,
        "LAT_LOCALIDADE": 1.06659996509552,
        "LONG_LOCALIDADE": -52.538501739502,
        "CATEGORIA_MAPA": "Rural",
        "DIST_MUNICIPIO": 72.66,
        "DIST_INFOVIA": 198.95
      },
      "geometry": {
        "type": "Point",
        "coordinates": [
          -52.5385483,
          1.066620099964891
        ]
      }
    },
    {
      "type": "Feature",
      "properties": {
        "NM_LOCALIDADE": "Aldeia Indígena Kõmakary",
        "CD_LOCALIDADE": 160015400077.0,
        "SIGLA_UF": "AP",
        "NM_UF": "Amapá",
        "CD_UF": 16,
        "NM_MUN": "Pedra Branca do Amapari",
        "CD_MUN": 1600154,
        "CT_LOCALIDADE": "Localidade Indígena",
        "SCT_LOCALIDADE": "Outras Localidades Indígenas",
        "NM_RGINT": "Oiapoque - Porto Grande",
        "CD_RGINT": 1602,
        "NM_RGI": "Porto Grande",
        "CD_RGI": 160004,
        "LAT_LOCALIDADE": 1.28079998493195,
        "LONG_LOCALIDADE": -52.8927001953125,
        "CATEGORIA_MAPA": "Rural",
        "DIST_MUNICIPIO": 118.57,
        "DIST_INFOVIA": 243.7
      },
      "geometry": {
        "type": "Point",
        "coordinates": [
          -52.892727500000014,
          1.280767799957846
        ]
      }
    },
    {
      "type": "Feature",
      "properties": {
        "NM_LOCALIDADE": "Aldeia Indígena Zagury",
        "CD_LOCALIDADE": 160015400078.0,
        "SIGLA_UF": "AP",
        "NM_UF": "Amapá",
        "CD_UF": 16,
        "NM_MUN": "Pedra Branca do Amapari",
        "CD_MUN": 1600154,
        "CT_LOCALIDADE": "Localidade Indígena",
        "SCT_LOCALIDADE": "Agrupamento Indígena",
        "NM_RGINT": "Oiapoque - Porto Grande",
        "CD_RGINT": 1602,
        "NM_RGI": "Porto Grande",
        "CD_RGI": 160004,
        "LAT_LOCALIDADE": 1.14830005168915,
        "LONG_LOCALIDADE": -52.6599998474121,
        "CATEGORIA_MAPA": "Rural",
        "DIST_MUNICIPIO": 88.82,
        "DIST_INFOVIA": 214.89
      },
      "geometry": {
        "type": "Point",
        "coordinates": [
          -52.660036,
          1.148322999962203
        ]
      }
    },
    {
      "type": "Feature",
      "properties": {
        "NM_LOCALIDADE": "Aldeia Indígena Jovem de Deus",
        "CD_LOCALIDADE": 160015400079.0,
        "SIGLA_UF": "AP",
        "NM_UF": "Amapá",
        "CD_UF": 16,
        "NM_MUN": "Pedra Branca do Amapari",
        "CD_MUN": 1600154,
        "CT_LOCALIDADE": "Localidade Indígena",
        "SCT_LOCALIDADE": "Agrupamento Indígena",
        "NM_RGINT": "Oiapoque - Porto Grande",
        "CD_RGINT": 1602,
        "NM_RGI": "Porto Grande",
        "CD_RGI": 160004,
        "LAT_LOCALIDADE": 1.15439999103546,
        "LONG_LOCALIDADE": -52.7397994995117,
        "CATEGORIA_MAPA": "Rural",
        "DIST_MUNICIPIO": 97.04,
        "DIST_INFOVIA": 221.69
      },
      "geometry": {
        "type": "Point",
        "coordinates": [
          -52.73978688888881,
          1.154362666628664
        ]
      }
    },
    {
      "type": "Feature",
      "properties": {
        "NM_LOCALIDADE": "Aldeia Indígena Continental",
        "CD_LOCALIDADE": 160015400080.0,
        "SIGLA_UF": "AP",
        "NM_UF": "Amapá",
        "CD_UF": 16,
        "NM_MUN": "Pedra Branca do Amapari",
        "CD_MUN": 1600154,
        "CT_LOCALIDADE": "Localidade Indígena",
        "SCT_LOCALIDADE": "Agrupamento Indígena",
        "NM_RGINT": "Oiapoque - Porto Grande",
        "CD_RGINT": 1602,
        "NM_RGI": "Porto Grande",
        "CD_RGI": 160004,
        "LAT_LOCALIDADE": 1.16989994049072,
        "LONG_LOCALIDADE": -52.7537994384766,
        "CATEGORIA_MAPA": "Rural",
        "DIST_MUNICIPIO": 99.21,
        "DIST_INFOVIA": 224.02
      },
      "geometry": {
        "type": "Point",
        "coordinates": [
          -52.7538477999999,
          1.169934999961492
        ]
      }
    },
    {
      "type": "Feature",
      "properties": {
        "NM_LOCALIDADE": "Cachorrinho",
        "CD_LOCALIDADE": 160015400081.0,
        "SIGLA_UF": "AP",
        "NM_UF": "Amapá",
        "CD_UF": 16,
        "NM_MUN": "Pedra Branca do Amapari",
        "CD_MUN": 1600154,
        "CT_LOCALIDADE": "Outras Localidades",
        "SCT_LOCALIDADE": "",
        "NM_RGINT": "Oiapoque - Porto Grande",
        "CD_RGINT": 1602,
        "NM_RGI": "Porto Grande",
        "CD_RGI": 160004,
        "LAT_LOCALIDADE": 0.700299978256226,
        "LONG_LOCALIDADE": -51.8917007446289,
        "CATEGORIA_MAPA": "Rural",
        "DIST_MUNICIPIO": 10.93,
        "DIST_INFOVIA": 118.49
      },
      "geometry": {
        "type": "Point",
        "coordinates": [
          -51.8916803,
          0.700257899976947
        ]
      }
    },
    {
      "type": "Feature",
      "properties": {
        "NM_LOCALIDADE": "São Sebastião do Cachaço",
        "CD_LOCALIDADE": 160015400082.0,
        "SIGLA_UF": "AP",
        "NM_UF": "Amapá",
        "CD_UF": 16,
        "NM_MUN": "Pedra Branca do Amapari",
        "CD_MUN": 1600154,
        "CT_LOCALIDADE": "Outras Localidades",
        "SCT_LOCALIDADE": "",
        "NM_RGINT": "Oiapoque - Porto Grande",
        "CD_RGINT": 1602,
        "NM_RGI": "Porto Grande",
        "CD_RGI": 160004,
        "LAT_LOCALIDADE": 0.945699989795685,
        "LONG_LOCALIDADE": -52.1873016357422,
        "CATEGORIA_MAPA": "Rural",
        "DIST_MUNICIPIO": 32.11,
        "DIST_INFOVIA": 161.2
      },
      "geometry": {
        "type": "Point",
        "coordinates": [
          -52.1872641,
          0.945668999968871
        ]
      }
    },
    {
      "type": "Feature",
      "properties": {
        "NM_LOCALIDADE": "Tucano",
        "CD_LOCALIDADE": 160015400083.0,
        "SIGLA_UF": "AP",
        "NM_UF": "Amapá",
        "CD_UF": 16,
        "NM_MUN": "Pedra Branca do Amapari",
        "CD_MUN": 1600154,
        "CT_LOCALIDADE": "Outras Localidades",
        "SCT_LOCALIDADE": "",
        "NM_RGINT": "Oiapoque - Porto Grande",
        "CD_RGINT": 1602,
        "NM_RGI": "Porto Grande",
        "CD_RGI": 160004,
        "LAT_LOCALIDADE": 1.0978000164032,
        "LONG_LOCALIDADE": -52.391300201416,
        "CATEGORIA_MAPA": "Rural",
        "DIST_MUNICIPIO": 60.4,
        "DIST_INFOVIA": 189.48
      },
      "geometry": {
        "type": "Point",
        "coordinates": [
          -52.3912729,
          1.097814499963865
        ]
      }
    },
    {
      "type": "Feature",
      "properties": {
        "NM_LOCALIDADE": "São José do Cachorrinho",
        "CD_LOCALIDADE": 160015400084.0,
        "SIGLA_UF": "AP",
        "NM_UF": "Amapá",
        "CD_UF": 16,
        "NM_MUN": "Pedra Branca do Amapari",
        "CD_MUN": 1600154,
        "CT_LOCALIDADE": "Outras Localidades",
        "SCT_LOCALIDADE": "",
        "NM_RGINT": "Oiapoque - Porto Grande",
        "CD_RGINT": 1602,
        "NM_RGI": "Porto Grande",
        "CD_RGI": 160004,
        "LAT_LOCALIDADE": 0.712999999523163,
        "LONG_LOCALIDADE": -51.8734016418457,
        "CATEGORIA_MAPA": "Rural",
        "DIST_MUNICIPIO": 11.35,
        "DIST_INFOVIA": 117.8
      },
      "geometry": {
        "type": "Point",
        "coordinates": [
          -51.8734101,
          0.712983799976528
        ]
      }
    },
    {
      "type": "Feature",
      "properties": {
        "NM_LOCALIDADE": "Arrependido",
        "CD_LOCALIDADE": 160015400085.0,
        "SIGLA_UF": "AP",
        "NM_UF": "Amapá",
        "CD_UF": 16,
        "NM_MUN": "Pedra Branca do Amapari",
        "CD_MUN": 1600154,
        "CT_LOCALIDADE": "Outras Localidades",
        "SCT_LOCALIDADE": "",
        "NM_RGINT": "Oiapoque - Porto Grande",
        "CD_RGINT": 1602,
        "NM_RGI": "Porto Grande",
        "CD_RGI": 160004,
        "LAT_LOCALIDADE": 0.850300014019012,
        "LONG_LOCALIDADE": -51.99169921875,
        "CATEGORIA_MAPA": "Rural",
        "DIST_MUNICIPIO": 9.19,
        "DIST_INFOVIA": 137.69
      },
      "geometry": {
        "type": "Point",
        "coordinates": [
          -51.99166469999999,
          0.85027089997201
        ]
      }
    },
    {
      "type": "Feature",
      "properties": {
        "NM_LOCALIDADE": "Aldeia Indígena Wakowa",
        "CD_LOCALIDADE": 160015400086.0,
        "SIGLA_UF": "AP",
        "NM_UF": "Amapá",
        "CD_UF": 16,
        "NM_MUN": "Pedra Branca do Amapari",
        "CD_MUN": 1600154,
        "CT_LOCALIDADE": "Localidade Indígena",
        "SCT_LOCALIDADE": "Agrupamento Indígena",
        "NM_RGINT": "Oiapoque - Porto Grande",
        "CD_RGINT": 1602,
        "NM_RGI": "Porto Grande",
        "CD_RGI": 160004,
        "LAT_LOCALIDADE": 1.28470003604889,
        "LONG_LOCALIDADE": -52.655200958252,
        "CATEGORIA_MAPA": "Rural",
        "DIST_MUNICIPIO": 96.35,
        "DIST_INFOVIA": 225.38
      },
      "geometry": {
        "type": "Point",
        "coordinates": [
          -52.655193444444414,
          1.284650777735489
        ]
      }
    },
    {
      "type": "Feature",
      "properties": {
        "NM_LOCALIDADE": "Aldeia Indígena Yjasuko",
        "CD_LOCALIDADE": 160015400087.0,
        "SIGLA_UF": "AP",
        "NM_UF": "Amapá",
        "CD_UF": 16,
        "NM_MUN": "Pedra Branca do Amapari",
        "CD_MUN": 1600154,
        "CT_LOCALIDADE": "Localidade Indígena",
        "SCT_LOCALIDADE": "Outras Localidades Indígenas",
        "NM_RGINT": "Oiapoque - Porto Grande",
        "CD_RGINT": 1602,
        "NM_RGI": "Porto Grande",
        "CD_RGI": 160004,
        "LAT_LOCALIDADE": 1.24919998645782,
        "LONG_LOCALIDADE": -52.5976982116699,
        "CATEGORIA_MAPA": "Rural",
        "DIST_MUNICIPIO": 88.86,
        "DIST_INFOVIA": 217.92
      },
      "geometry": {
        "type": "Point",
        "coordinates": [
          -52.597702111111104,
          1.249163888808356
        ]
      }
    },
    {
      "type": "Feature",
      "properties": {
        "NM_LOCALIDADE": "Aldeia Indígena Tapereba",
        "CD_LOCALIDADE": 160015400088.0,
        "SIGLA_UF": "AP",
        "NM_UF": "Amapá",
        "CD_UF": 16,
        "NM_MUN": "Pedra Branca do Amapari",
        "CD_MUN": 1600154,
        "CT_LOCALIDADE": "Localidade Indígena",
        "SCT_LOCALIDADE": "Agrupamento Indígena",
        "NM_RGINT": "Oiapoque - Porto Grande",
        "CD_RGINT": 1602,
        "NM_RGI": "Porto Grande",
        "CD_RGI": 160004,
        "LAT_LOCALIDADE": 1.21689999103546,
        "LONG_LOCALIDADE": -52.5797996520996,
        "CATEGORIA_MAPA": "Rural",
        "DIST_MUNICIPIO": 85.16,
        "DIST_INFOVIA": 214.15
      },
      "geometry": {
        "type": "Point",
        "coordinates": [
          -52.5797961666666,
          1.216944333293276
        ]
      }
    },
    {
      "type": "Feature",
      "properties": {
        "NM_LOCALIDADE": "Aldeia Indígena Awala",
        "CD_LOCALIDADE": 160015400089.0,
        "SIGLA_UF": "AP",
        "NM_UF": "Amapá",
        "CD_UF": 16,
        "NM_MUN": "Pedra Branca do Amapari",
        "CD_MUN": 1600154,
        "CT_LOCALIDADE": "Localidade Indígena",
        "SCT_LOCALIDADE": "Outras Localidades Indígenas",
        "NM_RGINT": "Oiapoque - Porto Grande",
        "CD_RGINT": 1602,
        "NM_RGI": "Porto Grande",
        "CD_RGI": 160004,
        "LAT_LOCALIDADE": 1.15439999103546,
        "LONG_LOCALIDADE": -52.5205993652344,
        "CATEGORIA_MAPA": "Rural",
        "DIST_MUNICIPIO": 75.81,
        "DIST_INFOVIA": 204.7
      },
      "geometry": {
        "type": "Point",
        "coordinates": [
          -52.5206278,
          1.154446299962002
        ]
      }
    },
    {
      "type": "Feature",
      "properties": {
        "NM_LOCALIDADE": "Aldeia Indígena Pirakyju",
        "CD_LOCALIDADE": 160015400090.0,
        "SIGLA_UF": "AP",
        "NM_UF": "Amapá",
        "CD_UF": 16,
        "NM_MUN": "Pedra Branca do Amapari",
        "CD_MUN": 1600154,
        "CT_LOCALIDADE": "Localidade Indígena",
        "SCT_LOCALIDADE": "Agrupamento Indígena",
        "NM_RGINT": "Oiapoque - Porto Grande",
        "CD_RGINT": 1602,
        "NM_RGI": "Porto Grande",
        "CD_RGI": 160004,
        "LAT_LOCALIDADE": 1.13189995288849,
        "LONG_LOCALIDADE": -52.5728988647461,
        "CATEGORIA_MAPA": "Rural",
        "DIST_MUNICIPIO": 79.44,
        "DIST_INFOVIA": 206.84
      },
      "geometry": {
        "type": "Point",
        "coordinates": [
          -52.5728861428571,
          1.131884714248454
        ]
      }
    },
    {
      "type": "Feature",
      "properties": {
        "NM_LOCALIDADE": "Aldeia Indígena Takurukwa",
        "CD_LOCALIDADE": 160015400091.0,
        "SIGLA_UF": "AP",
        "NM_UF": "Amapá",
        "CD_UF": 16,
        "NM_MUN": "Pedra Branca do Amapari",
        "CD_MUN": 1600154,
        "CT_LOCALIDADE": "Localidade Indígena",
        "SCT_LOCALIDADE": "Outras Localidades Indígenas",
        "NM_RGINT": "Oiapoque - Porto Grande",
        "CD_RGINT": 1602,
        "NM_RGI": "Porto Grande",
        "CD_RGI": 160004,
        "LAT_LOCALIDADE": 1.11559998989105,
        "LONG_LOCALIDADE": -52.5777015686035,
        "CATEGORIA_MAPA": "Rural",
        "DIST_MUNICIPIO": 79.02,
        "DIST_INFOVIA": 205.89
      },
      "geometry": {
        "type": "Point",
        "coordinates": [
          -52.5776515,
          1.11557599996328
        ]
      }
    },
    {
      "type": "Feature",
      "properties": {
        "NM_LOCALIDADE": "Aldeia Indígena Nova York",
        "CD_LOCALIDADE": 160015400092.0,
        "SIGLA_UF": "AP",
        "NM_UF": "Amapá",
        "CD_UF": 16,
        "NM_MUN": "Pedra Branca do Amapari",
        "CD_MUN": 1600154,
        "CT_LOCALIDADE": "Localidade Indígena",
        "SCT_LOCALIDADE": "Agrupamento Indígena",
        "NM_RGINT": "Oiapoque - Porto Grande",
        "CD_RGINT": 1602,
        "NM_RGI": "Porto Grande",
        "CD_RGI": 160004,
        "LAT_LOCALIDADE": 1.09179997444153,
        "LONG_LOCALIDADE": -52.5610008239746,
        "CATEGORIA_MAPA": "Rural",
        "DIST_MUNICIPIO": 76.15,
        "DIST_INFOVIA": 202.7
      },
      "geometry": {
        "type": "Point",
        "coordinates": [
          -52.5610216666666,
          1.091755999964054
        ]
      }
    },
    {
      "type": "Feature",
      "properties": {
        "NM_LOCALIDADE": "Aldeia Indígena Céu",
        "CD_LOCALIDADE": 160015400093.0,
        "SIGLA_UF": "AP",
        "NM_UF": "Amapá",
        "CD_UF": 16,
        "NM_MUN": "Pedra Branca do Amapari",
        "CD_MUN": 1600154,
        "CT_LOCALIDADE": "Localidade Indígena",
        "SCT_LOCALIDADE": "Outras Localidades Indígenas",
        "NM_RGINT": "Oiapoque - Porto Grande",
        "CD_RGINT": 1602,
        "NM_RGI": "Porto Grande",
        "CD_RGI": 160004,
        "LAT_LOCALIDADE": 1.07229995727539,
        "LONG_LOCALIDADE": -52.5466995239258,
        "CATEGORIA_MAPA": "Rural",
        "DIST_MUNICIPIO": 73.75,
        "DIST_INFOVIA": 200.04
      },
      "geometry": {
        "type": "Point",
        "coordinates": [
          -52.5467174722222,
          1.072271749966335
        ]
      }
    },
    {
      "type": "Feature",
      "properties": {
        "NM_LOCALIDADE": "Aldeia Indígena Paris",
        "CD_LOCALIDADE": 160015400094.0,
        "SIGLA_UF": "AP",
        "NM_UF": "Amapá",
        "CD_UF": 16,
        "NM_MUN": "Pedra Branca do Amapari",
        "CD_MUN": 1600154,
        "CT_LOCALIDADE": "Localidade Indígena",
        "SCT_LOCALIDADE": "Agrupamento Indígena",
        "NM_RGINT": "Oiapoque - Porto Grande",
        "CD_RGINT": 1602,
        "NM_RGI": "Porto Grande",
        "CD_RGI": 160004,
        "LAT_LOCALIDADE": 1.06809997558594,
        "LONG_LOCALIDADE": -52.5337982177734,
        "CATEGORIA_MAPA": "Rural",
        "DIST_MUNICIPIO": 72.26,
        "DIST_INFOVIA": 198.71
      },
      "geometry": {
        "type": "Point",
        "coordinates": [
          -52.533822,
          1.068119749964842
        ]
      }
    },
    {
      "type": "Feature",
      "properties": {
        "NM_LOCALIDADE": "Aldeia Indígena Embaixada de Cristo",
        "CD_LOCALIDADE": 160015400095.0,
        "SIGLA_UF": "AP",
        "NM_UF": "Amapá",
        "CD_UF": 16,
        "NM_MUN": "Pedra Branca do Amapari",
        "CD_MUN": 1600154,
        "CT_LOCALIDADE": "Localidade Indígena",
        "SCT_LOCALIDADE": "Agrupamento Indígena",
        "NM_RGINT": "Oiapoque - Porto Grande",
        "CD_RGINT": 1602,
        "NM_RGI": "Porto Grande",
        "CD_RGI": 160004,
        "LAT_LOCALIDADE": 1.06130003929138,
        "LONG_LOCALIDADE": -52.5046997070312,
        "CATEGORIA_MAPA": "Rural",
        "DIST_MUNICIPIO": 69.03,
        "DIST_INFOVIA": 195.93
      },
      "geometry": {
        "type": "Point",
        "coordinates": [
          -52.50465325,
          1.061307999965066
        ]
      }
    },
    {
      "type": "Feature",
      "properties": {
        "NM_LOCALIDADE": "Aldeia Indígena Ypysi",
        "CD_LOCALIDADE": 160015400096.0,
        "SIGLA_UF": "AP",
        "NM_UF": "Amapá",
        "CD_UF": 16,
        "NM_MUN": "Pedra Branca do Amapari",
        "CD_MUN": 1600154,
        "CT_LOCALIDADE": "Localidade Indígena",
        "SCT_LOCALIDADE": "Agrupamento Indígena",
        "NM_RGINT": "Oiapoque - Porto Grande",
        "CD_RGINT": 1602,
        "NM_RGI": "Porto Grande",
        "CD_RGI": 160004,
        "LAT_LOCALIDADE": 1.07219994068146,
        "LONG_LOCALIDADE": -52.4938011169434,
        "CATEGORIA_MAPA": "Rural",
        "DIST_MUNICIPIO": 68.53,
        "DIST_INFOVIA": 195.99
      },
      "geometry": {
        "type": "Point",
        "coordinates": [
          -52.493799,
          1.072189333298038
        ]
      }
    },
    {
      "type": "Feature",
      "properties": {
        "NM_LOCALIDADE": "Aldeia Indígena Kwerekwereary",
        "CD_LOCALIDADE": 160015400097.0,
        "SIGLA_UF": "AP",
        "NM_UF": "Amapá",
        "CD_UF": 16,
        "NM_MUN": "Pedra Branca do Amapari",
        "CD_MUN": 1600154,
        "CT_LOCALIDADE": "Localidade Indígena",
        "SCT_LOCALIDADE": "Outras Localidades Indígenas",
        "NM_RGINT": "Oiapoque - Porto Grande",
        "CD_RGINT": 1602,
        "NM_RGI": "Porto Grande",
        "CD_RGI": 160004,
        "LAT_LOCALIDADE": 1.09940004348755,
        "LONG_LOCALIDADE": -52.5830001831055,
        "CATEGORIA_MAPA": "Rural",
        "DIST_MUNICIPIO": 78.71,
        "DIST_INFOVIA": 205.01
      },
      "geometry": {
        "type": "Point",
        "coordinates": [
          -52.5830433194444,
          1.099358930469914
        ]
      }
    },
    {
      "type": "Feature",
      "properties": {
        "NM_LOCALIDADE": "Aldeia Indígena Isururu",
        "CD_LOCALIDADE": 160015400098.0,
        "SIGLA_UF": "AP",
        "NM_UF": "Amapá",
        "CD_UF": 16,
        "NM_MUN": "Pedra Branca do Amapari",
        "CD_MUN": 1600154,
        "CT_LOCALIDADE": "Localidade Indígena",
        "SCT_LOCALIDADE": "Agrupamento Indígena",
        "NM_RGINT": "Oiapoque - Porto Grande",
        "CD_RGINT": 1602,
        "NM_RGI": "Porto Grande",
        "CD_RGI": 160004,
        "LAT_LOCALIDADE": 1.04789996147156,
        "LONG_LOCALIDADE": -52.5974998474121,
        "CATEGORIA_MAPA": "Rural",
        "DIST_MUNICIPIO": 77.76,
        "DIST_INFOVIA": 202.09
      },
      "geometry": {
        "type": "Point",
        "coordinates": [
          -52.597477,
          1.047942499965505
        ]
      }
    },
    {
      "type": "Feature",
      "properties": {
        "NM_LOCALIDADE": "Aldeia Indígena Embaixada Verde",
        "CD_LOCALIDADE": 160015400099.0,
        "SIGLA_UF": "AP",
        "NM_UF": "Amapá",
        "CD_UF": 16,
        "NM_MUN": "Pedra Branca do Amapari",
        "CD_MUN": 1600154,
        "CT_LOCALIDADE": "Localidade Indígena",
        "SCT_LOCALIDADE": "Agrupamento Indígena",
        "NM_RGINT": "Oiapoque - Porto Grande",
        "CD_RGINT": 1602,
        "NM_RGI": "Porto Grande",
        "CD_RGI": 160004,
        "LAT_LOCALIDADE": 0.967000007629395,
        "LONG_LOCALIDADE": -52.6548004150391,
        "CATEGORIA_MAPA": "Rural",
        "DIST_MUNICIPIO": 80.88,
        "DIST_INFOVIA": 200.62
      },
      "geometry": {
        "type": "Point",
        "coordinates": [
          -52.654786142857105,
          0.967020714253882
        ]
      }
    },
    {
      "type": "Feature",
      "properties": {
        "NM_LOCALIDADE": "Aldeia Indígena Mapari",
        "CD_LOCALIDADE": 160015400100.0,
        "SIGLA_UF": "AP",
        "NM_UF": "Amapá",
        "CD_UF": 16,
        "NM_MUN": "Pedra Branca do Amapari",
        "CD_MUN": 1600154,
        "CT_LOCALIDADE": "Localidade Indígena",
        "SCT_LOCALIDADE": "Outras Localidades Indígenas",
        "NM_RGINT": "Oiapoque - Porto Grande",
        "CD_RGINT": 1602,
        "NM_RGI": "Porto Grande",
        "CD_RGI": 160004,
        "LAT_LOCALIDADE": 0.983799993991852,
        "LONG_LOCALIDADE": -52.453498840332,
        "CATEGORIA_MAPA": "Rural",
        "DIST_MUNICIPIO": 60.24,
        "DIST_INFOVIA": 185.76
      },
      "geometry": {
        "type": "Point",
        "coordinates": [
          -52.4535300555555,
          0.983751777714356
        ]
      }
    },
    {
      "type": "Feature",
      "properties": {
        "NM_LOCALIDADE": "Aldeia Indígena Pairary",
        "CD_LOCALIDADE": 160015400101.0,
        "SIGLA_UF": "AP",
        "NM_UF": "Amapá",
        "CD_UF": 16,
        "NM_MUN": "Pedra Branca do Amapari",
        "CD_MUN": 1600154,
        "CT_LOCALIDADE": "Localidade Indígena",
        "SCT_LOCALIDADE": "Outras Localidades Indígenas",
        "NM_RGINT": "Oiapoque - Porto Grande",
        "CD_RGINT": 1602,
        "NM_RGI": "Porto Grande",
        "CD_RGI": 160004,
        "LAT_LOCALIDADE": 0.978999972343445,
        "LONG_LOCALIDADE": -52.443000793457,
        "CATEGORIA_MAPA": "Rural",
        "DIST_MUNICIPIO": 58.96,
        "DIST_INFOVIA": 184.57
      },
      "geometry": {
        "type": "Point",
        "coordinates": [
          -52.4429866635323,
          0.978987611043652
        ]
      }
    },
    {
      "type": "Feature",
      "properties": {
        "NM_LOCALIDADE": "Aldeia Indígena Ypijona",
        "CD_LOCALIDADE": 160015400102.0,
        "SIGLA_UF": "AP",
        "NM_UF": "Amapá",
        "CD_UF": 16,
        "NM_MUN": "Pedra Branca do Amapari",
        "CD_MUN": 1600154,
        "CT_LOCALIDADE": "Localidade Indígena",
        "SCT_LOCALIDADE": "Outras Localidades Indígenas",
        "NM_RGINT": "Oiapoque - Porto Grande",
        "CD_RGINT": 1602,
        "NM_RGI": "Porto Grande",
        "CD_RGI": 160004,
        "LAT_LOCALIDADE": 0.966000020503998,
        "LONG_LOCALIDADE": -52.4743003845215,
        "CATEGORIA_MAPA": "Rural",
        "DIST_MUNICIPIO": 61.68,
        "DIST_INFOVIA": 185.96
      },
      "geometry": {
        "type": "Point",
        "coordinates": [
          -52.474294,
          0.965991599968202
        ]
      }
    },
    {
      "type": "Feature",
      "properties": {
        "NM_LOCALIDADE": "Aldeia Indígena Kapanao",
        "CD_LOCALIDADE": 160015400103.0,
        "SIGLA_UF": "AP",
        "NM_UF": "Amapá",
        "CD_UF": 16,
        "NM_MUN": "Pedra Branca do Amapari",
        "CD_MUN": 1600154,
        "CT_LOCALIDADE": "Localidade Indígena",
        "SCT_LOCALIDADE": "Outras Localidades Indígenas",
        "NM_RGINT": "Oiapoque - Porto Grande",
        "CD_RGINT": 1602,
        "NM_RGI": "Porto Grande",
        "CD_RGI": 160004,
        "LAT_LOCALIDADE": 0.9685999751091,
        "LONG_LOCALIDADE": -52.4799995422363,
        "CATEGORIA_MAPA": "Rural",
        "DIST_MUNICIPIO": 62.38,
        "DIST_INFOVIA": 186.61
      },
      "geometry": {
        "type": "Point",
        "coordinates": [
          -52.4800323333333,
          0.968554013825456
        ]
      }
    },
    {
      "type": "Feature",
      "properties": {
        "NM_LOCALIDADE": "Aldeia Indígena Kwamaraka",
        "CD_LOCALIDADE": 160015400104.0,
        "SIGLA_UF": "AP",
        "NM_UF": "Amapá",
        "CD_UF": 16,
        "NM_MUN": "Pedra Branca do Amapari",
        "CD_MUN": 1600154,
        "CT_LOCALIDADE": "Localidade Indígena",
        "SCT_LOCALIDADE": "Agrupamento Indígena",
        "NM_RGINT": "Oiapoque - Porto Grande",
        "CD_RGINT": 1602,
        "NM_RGI": "Porto Grande",
        "CD_RGI": 160004,
        "LAT_LOCALIDADE": 0.954500019550323,
        "LONG_LOCALIDADE": -52.4902992248535,
        "CATEGORIA_MAPA": "Rural",
        "DIST_MUNICIPIO": 62.95,
        "DIST_INFOVIA": 186.31
      },
      "geometry": {
        "type": "Point",
        "coordinates": [
          -52.4902813333333,
          0.954474666635247
        ]
      }
    },
    {
      "type": "Feature",
      "properties": {
        "NM_LOCALIDADE": "Aldeia Indígena Asa Norte",
        "CD_LOCALIDADE": 160015400105.0,
        "SIGLA_UF": "AP",
        "NM_UF": "Amapá",
        "CD_UF": 16,
        "NM_MUN": "Pedra Branca do Amapari",
        "CD_MUN": 1600154,
        "CT_LOCALIDADE": "Localidade Indígena",
        "SCT_LOCALIDADE": "Outras Localidades Indígenas",
        "NM_RGINT": "Oiapoque - Porto Grande",
        "CD_RGINT": 1602,
        "NM_RGI": "Porto Grande",
        "CD_RGI": 160004,
        "LAT_LOCALIDADE": 0.94980001449585,
        "LONG_LOCALIDADE": -52.4112014770508,
        "CATEGORIA_MAPA": "Rural",
        "DIST_MUNICIPIO": 54.48,
        "DIST_INFOVIA": 179.78
      },
      "geometry": {
        "type": "Point",
        "coordinates": [
          -52.4112041,
          0.949795199968735
        ]
      }
    },
    {
      "type": "Feature",
      "properties": {
        "NM_LOCALIDADE": "Aldeia Indígena Betânia",
        "CD_LOCALIDADE": 160015400106.0,
        "SIGLA_UF": "AP",
        "NM_UF": "Amapá",
        "CD_UF": 16,
        "NM_MUN": "Pedra Branca do Amapari",
        "CD_MUN": 1600154,
        "CT_LOCALIDADE": "Localidade Indígena",
        "SCT_LOCALIDADE": "Outras Localidades Indígenas",
        "NM_RGINT": "Oiapoque - Porto Grande",
        "CD_RGINT": 1602,
        "NM_RGI": "Porto Grande",
        "CD_RGI": 160004,
        "LAT_LOCALIDADE": 0.945699989795685,
        "LONG_LOCALIDADE": -52.4206008911133,
        "CATEGORIA_MAPA": "Rural",
        "DIST_MUNICIPIO": 55.31,
        "DIST_INFOVIA": 180.18
      },
      "geometry": {
        "type": "Point",
        "coordinates": [
          -52.4206401944444,
          0.94569811105014
        ]
      }
    },
    {
      "type": "Feature",
      "properties": {
        "NM_LOCALIDADE": "Aldeia Indígena Ypira",
        "CD_LOCALIDADE": 160015400107.0,
        "SIGLA_UF": "AP",
        "NM_UF": "Amapá",
        "CD_UF": 16,
        "NM_MUN": "Pedra Branca do Amapari",
        "CD_MUN": 1600154,
        "CT_LOCALIDADE": "Localidade Indígena",
        "SCT_LOCALIDADE": "Agrupamento Indígena",
        "NM_RGINT": "Oiapoque - Porto Grande",
        "CD_RGINT": 1602,
        "NM_RGI": "Porto Grande",
        "CD_RGI": 160004,
        "LAT_LOCALIDADE": 0.917599976062775,
        "LONG_LOCALIDADE": -52.4734992980957,
        "CATEGORIA_MAPA": "Rural",
        "DIST_MUNICIPIO": 59.98,
        "DIST_INFOVIA": 182.1
      },
      "geometry": {
        "type": "Point",
        "coordinates": [
          -52.4735063333333,
          0.917553666636462
        ]
      }
    },
    {
      "type": "Feature",
      "properties": {
        "NM_LOCALIDADE": "Aldeia Indígena Turiwyry",
        "CD_LOCALIDADE": 160015400108.0,
        "SIGLA_UF": "AP",
        "NM_UF": "Amapá",
        "CD_UF": 16,
        "NM_MUN": "Pedra Branca do Amapari",
        "CD_MUN": 1600154,
        "CT_LOCALIDADE": "Localidade Indígena",
        "SCT_LOCALIDADE": "Agrupamento Indígena",
        "NM_RGINT": "Oiapoque - Porto Grande",
        "CD_RGINT": 1602,
        "NM_RGI": "Porto Grande",
        "CD_RGI": 160004,
        "LAT_LOCALIDADE": 0.848399996757507,
        "LONG_LOCALIDADE": -52.5938987731934,
        "CATEGORIA_MAPA": "Rural",
        "DIST_MUNICIPIO": 71.75,
        "DIST_INFOVIA": 186.81
      },
      "geometry": {
        "type": "Point",
        "coordinates": [
          -52.5938915833333,
          0.848402249972072
        ]
      }
    },
    {
      "type": "Feature",
      "properties": {
        "NM_LOCALIDADE": "Aldeia Indígena Tau",
        "CD_LOCALIDADE": 160015400109.0,
        "SIGLA_UF": "AP",
        "NM_UF": "Amapá",
        "CD_UF": 16,
        "NM_MUN": "Pedra Branca do Amapari",
        "CD_MUN": 1600154,
        "CT_LOCALIDADE": "Localidade Indígena",
        "SCT_LOCALIDADE": "Agrupamento Indígena",
        "NM_RGINT": "Oiapoque - Porto Grande",
        "CD_RGINT": 1602,
        "NM_RGI": "Porto Grande",
        "CD_RGI": 160004,
        "LAT_LOCALIDADE": 0.838599979877472,
        "LONG_LOCALIDADE": -52.5979995727539,
        "CATEGORIA_MAPA": "Rural",
        "DIST_MUNICIPIO": 72.09,
        "DIST_INFOVIA": 186.45
      },
      "geometry": {
        "type": "Point",
        "coordinates": [
          -52.5980462,
          0.838602899972394
        ]
      }
    },
    {
      "type": "Feature",
      "properties": {
        "NM_LOCALIDADE": "Aldeia Indígena Castanhal",
        "CD_LOCALIDADE": 160015400110.0,
        "SIGLA_UF": "AP",
        "NM_UF": "Amapá",
        "CD_UF": 16,
        "NM_MUN": "Pedra Branca do Amapari",
        "CD_MUN": 1600154,
        "CT_LOCALIDADE": "Localidade Indígena",
        "SCT_LOCALIDADE": "Outras Localidades Indígenas",
        "NM_RGINT": "Oiapoque - Porto Grande",
        "CD_RGINT": 1602,
        "NM_RGI": "Porto Grande",
        "CD_RGI": 160004,
        "LAT_LOCALIDADE": 1.10459995269775,
        "LONG_LOCALIDADE": -52.6847991943359,
        "CATEGORIA_MAPA": "Rural",
        "DIST_MUNICIPIO": 89.17,
        "DIST_INFOVIA": 213.45
      },
      "geometry": {
        "type": "Point",
        "coordinates": [
          -52.6848047,
          1.104574599963642
        ]
      }
    },
    {
      "type": "Feature",
      "properties": {
        "NM_LOCALIDADE": "Aldeia Indígena Boa Esperança",
        "CD_LOCALIDADE": 160015400111.0,
        "SIGLA_UF": "AP",
        "NM_UF": "Amapá",
        "CD_UF": 16,
        "NM_MUN": "Pedra Branca do Amapari",
        "CD_MUN": 1600154,
        "CT_LOCALIDADE": "Localidade Indígena",
        "SCT_LOCALIDADE": "Outras Localidades Indígenas",
        "NM_RGINT": "Oiapoque - Porto Grande",
        "CD_RGINT": 1602,
        "NM_RGI": "Porto Grande",
        "CD_RGI": 160004,
        "LAT_LOCALIDADE": 1.13399994373322,
        "LONG_LOCALIDADE": -52.6399993896484,
        "CATEGORIA_MAPA": "Rural",
        "DIST_MUNICIPIO": 86.11,
        "DIST_INFOVIA": 212.2
      },
      "geometry": {
        "type": "Point",
        "coordinates": [
          -52.6400402,
          1.133982199962675
        ]
      }
    },
    {
      "type": "Feature",
      "properties": {
        "NM_LOCALIDADE": "Aldeia Indígena Janyrapory",
        "CD_LOCALIDADE": 160015400112.0,
        "SIGLA_UF": "AP",
        "NM_UF": "Amapá",
        "CD_UF": 16,
        "NM_MUN": "Pedra Branca do Amapari",
        "CD_MUN": 1600154,
        "CT_LOCALIDADE": "Localidade Indígena",
        "SCT_LOCALIDADE": "Agrupamento Indígena",
        "NM_RGINT": "Oiapoque - Porto Grande",
        "CD_RGINT": 1602,
        "NM_RGI": "Porto Grande",
        "CD_RGI": 160004,
        "LAT_LOCALIDADE": 1.14789998531342,
        "LONG_LOCALIDADE": -52.6710014343262,
        "CATEGORIA_MAPA": "Rural",
        "DIST_MUNICIPIO": 89.88,
        "DIST_INFOVIA": 215.72
      },
      "geometry": {
        "type": "Point",
        "coordinates": [
          -52.67103375,
          1.147864249962218
        ]
      }
    },
    {
      "type": "Feature",
      "properties": {
        "NM_LOCALIDADE": "Aldeia Indígena Japina",
        "CD_LOCALIDADE": 160015400113.0,
        "SIGLA_UF": "AP",
        "NM_UF": "Amapá",
        "CD_UF": 16,
        "NM_MUN": "Pedra Branca do Amapari",
        "CD_MUN": 1600154,
        "CT_LOCALIDADE": "Localidade Indígena",
        "SCT_LOCALIDADE": "Outras Localidades Indígenas",
        "NM_RGINT": "Oiapoque - Porto Grande",
        "CD_RGINT": 1602,
        "NM_RGI": "Porto Grande",
        "CD_RGI": 160004,
        "LAT_LOCALIDADE": 1.1742000579834,
        "LONG_LOCALIDADE": -52.7811012268066,
        "CATEGORIA_MAPA": "Rural",
        "DIST_MUNICIPIO": 102.15,
        "DIST_INFOVIA": 226.55
      },
      "geometry": {
        "type": "Point",
        "coordinates": [
          -52.7811353201243,
          1.174240319364841
        ]
      }
    },
    {
      "type": "Feature",
      "properties": {
        "NM_LOCALIDADE": "Aldeia Indígena Wyrareypykai",
        "CD_LOCALIDADE": 160015400114.0,
        "SIGLA_UF": "AP",
        "NM_UF": "Amapá",
        "CD_UF": 16,
        "NM_MUN": "Pedra Branca do Amapari",
        "CD_MUN": 1600154,
        "CT_LOCALIDADE": "Localidade Indígena",
        "SCT_LOCALIDADE": "Outras Localidades Indígenas",
        "NM_RGINT": "Oiapoque - Porto Grande",
        "CD_RGINT": 1602,
        "NM_RGI": "Porto Grande",
        "CD_RGI": 160004,
        "LAT_LOCALIDADE": 1.16840004920959,
        "LONG_LOCALIDADE": -52.8623008728027,
        "CATEGORIA_MAPA": "Rural",
        "DIST_MUNICIPIO": 110.09,
        "DIST_INFOVIA": 232.75
      },
      "geometry": {
        "type": "Point",
        "coordinates": [
          -52.8622687,
          1.168355399961544
        ]
      }
    },
    {
      "type": "Feature",
      "properties": {
        "NM_LOCALIDADE": "Aldeia Indígena Samabaia",
        "CD_LOCALIDADE": 160015400115.0,
        "SIGLA_UF": "AP",
        "NM_UF": "Amapá",
        "CD_UF": 16,
        "NM_MUN": "Pedra Branca do Amapari",
        "CD_MUN": 1600154,
        "CT_LOCALIDADE": "Localidade Indígena",
        "SCT_LOCALIDADE": "Outras Localidades Indígenas",
        "NM_RGINT": "Oiapoque - Porto Grande",
        "CD_RGINT": 1602,
        "NM_RGI": "Porto Grande",
        "CD_RGI": 160004,
        "LAT_LOCALIDADE": 1.1813999414444,
        "LONG_LOCALIDADE": -52.9043998718262,
        "CATEGORIA_MAPA": "Rural",
        "DIST_MUNICIPIO": 114.96,
        "DIST_INFOVIA": 237.19
      },
      "geometry": {
        "type": "Point",
        "coordinates": [
          -52.9043667,
          1.181418599961115
        ]
      }
    },
    {
      "type": "Feature",
      "properties": {
        "NM_LOCALIDADE": "Aldeia Indígena Uruty",
        "CD_LOCALIDADE": 160015400116.0,
        "SIGLA_UF": "AP",
        "NM_UF": "Amapá",
        "CD_UF": 16,
        "NM_MUN": "Pedra Branca do Amapari",
        "CD_MUN": 1600154,
        "CT_LOCALIDADE": "Localidade Indígena",
        "SCT_LOCALIDADE": "Outras Localidades Indígenas",
        "NM_RGINT": "Oiapoque - Porto Grande",
        "CD_RGINT": 1602,
        "NM_RGI": "Porto Grande",
        "CD_RGI": 160004,
        "LAT_LOCALIDADE": 1.18550002574921,
        "LONG_LOCALIDADE": -52.9081001281738,
        "CATEGORIA_MAPA": "Rural",
        "DIST_MUNICIPIO": 115.53,
        "DIST_INFOVIA": 237.81
      },
      "geometry": {
        "type": "Point",
        "coordinates": [
          -52.9081193611111,
          1.185536638812459
        ]
      }
    },
    {
      "type": "Feature",
      "properties": {
        "NM_LOCALIDADE": "Aldeia Indígena Saimara - Pasisiwyry",
        "CD_LOCALIDADE": 160015400117.0,
        "SIGLA_UF": "AP",
        "NM_UF": "Amapá",
        "CD_UF": 16,
        "NM_MUN": "Pedra Branca do Amapari",
        "CD_MUN": 1600154,
        "CT_LOCALIDADE": "Localidade Indígena",
        "SCT_LOCALIDADE": "Agrupamento Indígena",
        "NM_RGINT": "Oiapoque - Porto Grande",
        "CD_RGINT": 1602,
        "NM_RGI": "Porto Grande",
        "CD_RGI": 160004,
        "LAT_LOCALIDADE": 1.17830002307892,
        "LONG_LOCALIDADE": -52.9145011901855,
        "CATEGORIA_MAPA": "Rural",
        "DIST_MUNICIPIO": 115.86,
        "DIST_INFOVIA": 237.79
      },
      "geometry": {
        "type": "Point",
        "coordinates": [
          -52.9144605,
          1.178276999961218
        ]
      }
    },
    {
      "type": "Feature",
      "properties": {
        "NM_LOCALIDADE": "Aldeia Indígena Kumaka",
        "CD_LOCALIDADE": 160015400118.0,
        "SIGLA_UF": "AP",
        "NM_UF": "Amapá",
        "CD_UF": 16,
        "NM_MUN": "Pedra Branca do Amapari",
        "CD_MUN": 1600154,
        "CT_LOCALIDADE": "Localidade Indígena",
        "SCT_LOCALIDADE": "Outras Localidades Indígenas",
        "NM_RGINT": "Oiapoque - Porto Grande",
        "CD_RGINT": 1602,
        "NM_RGI": "Porto Grande",
        "CD_RGI": 160004,
        "LAT_LOCALIDADE": 1.19210004806519,
        "LONG_LOCALIDADE": -52.9222984313965,
        "CATEGORIA_MAPA": "Rural",
        "DIST_MUNICIPIO": 117.26,
        "DIST_INFOVIA": 239.46
      },
      "geometry": {
        "type": "Point",
        "coordinates": [
          -52.9222652,
          1.192087899960763
        ]
      }
    },
    {
      "type": "Feature",
      "properties": {
        "NM_LOCALIDADE": "Aldeia Indígena Peyryrywyry",
        "CD_LOCALIDADE": 160015400119.0,
        "SIGLA_UF": "AP",
        "NM_UF": "Amapá",
        "CD_UF": 16,
        "NM_MUN": "Pedra Branca do Amapari",
        "CD_MUN": 1600154,
        "CT_LOCALIDADE": "Localidade Indígena",
        "SCT_LOCALIDADE": "Outras Localidades Indígenas",
        "NM_RGINT": "Oiapoque - Porto Grande",
        "CD_RGINT": 1602,
        "NM_RGI": "Porto Grande",
        "CD_RGI": 160004,
        "LAT_LOCALIDADE": 1.20379996299744,
        "LONG_LOCALIDADE": -52.9044990539551,
        "CATEGORIA_MAPA": "Rural",
        "DIST_MUNICIPIO": 115.97,
        "DIST_INFOVIA": 238.88
      },
      "geometry": {
        "type": "Point",
        "coordinates": [
          -52.9044975555555,
          1.203847861033497
        ]
      }
    },
    {
      "type": "Feature",
      "properties": {
        "NM_LOCALIDADE": "Nova Divisão",
        "CD_LOCALIDADE": 160015400120.0,
        "SIGLA_UF": "AP",
        "NM_UF": "Amapá",
        "CD_UF": 16,
        "NM_MUN": "Pedra Branca do Amapari",
        "CD_MUN": 1600154,
        "CT_LOCALIDADE": "Outras Localidades",
        "SCT_LOCALIDADE": "",
        "NM_RGINT": "Oiapoque - Porto Grande",
        "CD_RGINT": 1602,
        "NM_RGI": "Porto Grande",
        "CD_RGI": 160004,
        "LAT_LOCALIDADE": 1.08539998531342,
        "LONG_LOCALIDADE": -52.3485984802246,
        "CATEGORIA_MAPA": "Rural",
        "DIST_MUNICIPIO": 55.78,
        "DIST_INFOVIA": 184.91
      },
      "geometry": {
        "type": "Point",
        "coordinates": [
          -52.3486039,
          1.085377899964274
        ]
      }
    },
    {
      "type": "Feature",
      "properties": {
        "NM_LOCALIDADE": "São Domingos",
        "CD_LOCALIDADE": 160015400121.0,
        "SIGLA_UF": "AP",
        "NM_UF": "Amapá",
        "CD_UF": 16,
        "NM_MUN": "Pedra Branca do Amapari",
        "CD_MUN": 1600154,
        "CT_LOCALIDADE": "Povoado",
        "SCT_LOCALIDADE": "",
        "NM_RGINT": "Oiapoque - Porto Grande",
        "CD_RGINT": 1602,
        "NM_RGI": "Porto Grande",
        "CD_RGI": 160004,
        "LAT_LOCALIDADE": 0.677100002765656,
        "LONG_LOCALIDADE": -52.192699432373,
        "CATEGORIA_MAPA": "Rural",
        "DIST_MUNICIPIO": 28.95,
        "DIST_INFOVIA": 141.1
      },
      "geometry": {
        "type": "Point",
        "coordinates": [
          -52.1927308333333,
          0.677058954523165
        ]
      }
    },
    {
      "type": "Feature",
      "properties": {
        "NM_LOCALIDADE": "Aldeia Indígena Rio Felicio",
        "CD_LOCALIDADE": 160015400122.0,
        "SIGLA_UF": "AP",
        "NM_UF": "Amapá",
        "CD_UF": 16,
        "NM_MUN": "Pedra Branca do Amapari",
        "CD_MUN": 1600154,
        "CT_LOCALIDADE": "Localidade Indígena",
        "SCT_LOCALIDADE": "Outras Localidades Indígenas",
        "NM_RGINT": "Oiapoque - Porto Grande",
        "CD_RGINT": 1602,
        "NM_RGI": "Porto Grande",
        "CD_RGI": 160004,
        "LAT_LOCALIDADE": 1.14460003376007,
        "LONG_LOCALIDADE": -52.6427993774414,
        "CATEGORIA_MAPA": "Rural",
        "DIST_MUNICIPIO": 86.93,
        "DIST_INFOVIA": 213.25
      },
      "geometry": {
        "type": "Point",
        "coordinates": [
          -52.64280813333329,
          1.144619699962325
        ]
      }
    },
    {
      "type": "Feature",
      "properties": {
        "NM_LOCALIDADE": "Murumuruty",
        "CD_LOCALIDADE": 160015400124.0,
        "SIGLA_UF": "AP",
        "NM_UF": "Amapá",
        "CD_UF": 16,
        "NM_MUN": "Pedra Branca do Amapari",
        "CD_MUN": 1600154,
        "CT_LOCALIDADE": "Localidade Indígena",
        "SCT_LOCALIDADE": "Outras Localidades Indígenas",
        "NM_RGINT": "Oiapoque - Porto Grande",
        "CD_RGINT": 1602,
        "NM_RGI": "Porto Grande",
        "CD_RGI": 160004,
        "LAT_LOCALIDADE": 1.07739996910095,
        "LONG_LOCALIDADE": -52.5518989562988,
        "CATEGORIA_MAPA": "Rural",
        "DIST_MUNICIPIO": 74.52,
        "DIST_INFOVIA": 200.84
      },
      "geometry": {
        "type": "Point",
        "coordinates": [
          -52.5518958833333,
          1.077353183297868
        ]
      }
    },
    {
      "type": "Feature",
      "properties": {
        "NM_LOCALIDADE": "Aldeia Indígena Jerusama",
        "CD_LOCALIDADE": 160015400126.0,
        "SIGLA_UF": "AP",
        "NM_UF": "Amapá",
        "CD_UF": 16,
        "NM_MUN": "Pedra Branca do Amapari",
        "CD_MUN": 1600154,
        "CT_LOCALIDADE": "Localidade Indígena",
        "SCT_LOCALIDADE": "Outras Localidades Indígenas",
        "NM_RGINT": "Oiapoque - Porto Grande",
        "CD_RGINT": 1602,
        "NM_RGI": "Porto Grande",
        "CD_RGI": 160004,
        "LAT_LOCALIDADE": 1.23109996318817,
        "LONG_LOCALIDADE": -52.9067001342773,
        "CATEGORIA_MAPA": "Rural",
        "DIST_MUNICIPIO": 117.47,
        "DIST_INFOVIA": 241.1
      },
      "geometry": {
        "type": "Point",
        "coordinates": [
          -52.9067174444444,
          1.231129333253969
        ]
      }
    },
    {
      "type": "Feature",
      "properties": {
        "NM_LOCALIDADE": "Aldeia Indígena Beira do Ypijona",
        "CD_LOCALIDADE": 160015400128.0,
        "SIGLA_UF": "AP",
        "NM_UF": "Amapá",
        "CD_UF": 16,
        "NM_MUN": "Pedra Branca do Amapari",
        "CD_MUN": 1600154,
        "CT_LOCALIDADE": "Localidade Indígena",
        "SCT_LOCALIDADE": "Outras Localidades Indígenas",
        "NM_RGINT": "Oiapoque - Porto Grande",
        "CD_RGINT": 1602,
        "NM_RGI": "Porto Grande",
        "CD_RGI": 160004,
        "LAT_LOCALIDADE": 0.966000020503998,
        "LONG_LOCALIDADE": -52.4743995666504,
        "CATEGORIA_MAPA": "Rural",
        "DIST_MUNICIPIO": 61.69,
        "DIST_INFOVIA": 185.96
      },
      "geometry": {
        "type": "Point",
        "coordinates": [
          -52.4743573055555,
          0.965980444382166
        ]
      }
    },
    {
      "type": "Feature",
      "properties": {
        "NM_LOCALIDADE": "Urucum",
        "CD_LOCALIDADE": 160015400130.0,
        "SIGLA_UF": "AP",
        "NM_UF": "Amapá",
        "CD_UF": 16,
        "NM_MUN": "Pedra Branca do Amapari",
        "CD_MUN": 1600154,
        "CT_LOCALIDADE": "Outras Localidades",
        "SCT_LOCALIDADE": "",
        "NM_RGINT": "Oiapoque - Porto Grande",
        "CD_RGINT": 1602,
        "NM_RGI": "Porto Grande",
        "CD_RGI": 160004,
        "LAT_LOCALIDADE": 0.721099972724915,
        "LONG_LOCALIDADE": -52.3106994628906,
        "CATEGORIA_MAPA": "Rural",
        "DIST_MUNICIPIO": 40.32,
        "DIST_INFOVIA": 153.94
      },
      "geometry": {
        "type": "Point",
        "coordinates": [
          -52.31075,
          0.721149999976259
        ]
      }
    },
    {
      "type": "Feature",
      "properties": {
        "NM_LOCALIDADE": "Agrovila do PA Carnot",
        "CD_LOCALIDADE": 160020400001.0,
        "SIGLA_UF": "AP",
        "NM_UF": "Amapá",
        "CD_UF": 16,
        "NM_MUN": "Calçoene",
        "CD_MUN": 1600204,
        "CT_LOCALIDADE": "Povoado",
        "SCT_LOCALIDADE": "",
        "NM_RGINT": "Oiapoque - Porto Grande",
        "CD_RGINT": 1602,
        "NM_RGI": "Oiapoque",
        "CD_RGI": 160003,
        "LAT_LOCALIDADE": 2.69460010528564,
        "LONG_LOCALIDADE": -51.3610992431641,
        "CATEGORIA_MAPA": "Rural",
        "DIST_MUNICIPIO": 50.84,
        "DIST_INFOVIA": 297.22
      },
      "geometry": {
        "type": "Point",
        "coordinates": [
          -51.3610957284946,
          2.694642714965175
        ]
      }
    },
    {
      "type": "Feature",
      "properties": {
        "NM_LOCALIDADE": "Agrovila do PA Carnot",
        "CD_LOCALIDADE": 160020400001.0,
        "SIGLA_UF": "AP",
        "NM_UF": "Amapá",
        "CD_UF": 16,
        "NM_MUN": "Calçoene",
        "CD_MUN": 1600204,
        "CT_LOCALIDADE": "Agrovila do PA",
        "SCT_LOCALIDADE": "",
        "NM_RGINT": "Oiapoque - Porto Grande",
        "CD_RGINT": 1602,
        "NM_RGI": "Oiapoque",
        "CD_RGI": 160003,
        "LAT_LOCALIDADE": 2.69460010528564,
        "LONG_LOCALIDADE": -51.3610992431641,
        "CATEGORIA_MAPA": "Rural",
        "DIST_MUNICIPIO": 50.84,
        "DIST_INFOVIA": 297.22
      },
      "geometry": {
        "type": "Point",
        "coordinates": [
          -51.3610957284946,
          2.694642714965175
        ]
      }
    },
    {
      "type": "Feature",
      "properties": {
        "NM_LOCALIDADE": "Lataia",
        "CD_LOCALIDADE": 160020400002.0,
        "SIGLA_UF": "AP",
        "NM_UF": "Amapá",
        "CD_UF": 16,
        "NM_MUN": "Calçoene",
        "CD_MUN": 1600204,
        "CT_LOCALIDADE": "Povoado",
        "SCT_LOCALIDADE": "",
        "NM_RGINT": "Oiapoque - Porto Grande",
        "CD_RGINT": 1602,
        "NM_RGI": "Oiapoque",
        "CD_RGI": 160003,
        "LAT_LOCALIDADE": 2.28200006484985,
        "LONG_LOCALIDADE": -51.662899017334,
        "CATEGORIA_MAPA": "Rural",
        "DIST_MUNICIPIO": 82.54,
        "DIST_INFOVIA": 258.36
      },
      "geometry": {
        "type": "Point",
        "coordinates": [
          -51.6628653253012,
          2.282036445708076
        ]
      }
    },
    {
      "type": "Feature",
      "properties": {
        "NM_LOCALIDADE": "Calafate",
        "CD_LOCALIDADE": 160020400003.0,
        "SIGLA_UF": "AP",
        "NM_UF": "Amapá",
        "CD_UF": 16,
        "NM_MUN": "Calçoene",
        "CD_MUN": 1600204,
        "CT_LOCALIDADE": "Povoado",
        "SCT_LOCALIDADE": "",
        "NM_RGINT": "Oiapoque - Porto Grande",
        "CD_RGINT": 1602,
        "NM_RGI": "Oiapoque",
        "CD_RGI": 160003,
        "LAT_LOCALIDADE": 2.15879988670349,
        "LONG_LOCALIDADE": -50.8978996276855,
        "CATEGORIA_MAPA": "Rural",
        "DIST_MUNICIPIO": 37.6,
        "DIST_INFOVIA": 236.34
      },
      "geometry": {
        "type": "Point",
        "coordinates": [
          -50.897889903225696,
          2.158764096703183
        ]
      }
    },
    {
      "type": "Feature",
      "properties": {
        "NM_LOCALIDADE": "Comunidade Quilombola Cunani",
        "CD_LOCALIDADE": 160020400004.0,
        "SIGLA_UF": "AP",
        "NM_UF": "Amapá",
        "CD_UF": 16,
        "NM_MUN": "Calçoene",
        "CD_MUN": 1600204,
        "CT_LOCALIDADE": "Localidade Quilombola",
        "SCT_LOCALIDADE": "Agrupamento Quilombola",
        "NM_RGINT": "Oiapoque - Porto Grande",
        "CD_RGINT": 1602,
        "NM_RGI": "Oiapoque",
        "CD_RGI": 160003,
        "LAT_LOCALIDADE": 2.85500001907349,
        "LONG_LOCALIDADE": -51.1271018981934,
        "CATEGORIA_MAPA": "Rural",
        "DIST_MUNICIPIO": 44.8,
        "DIST_INFOVIA": 313.2
      },
      "geometry": {
        "type": "Point",
        "coordinates": [
          -51.1270519642857,
          2.854972321334729
        ]
      }
    },
    {
      "type": "Feature",
      "properties": {
        "NM_LOCALIDADE": "Juncal",
        "CD_LOCALIDADE": 160020400005.0,
        "SIGLA_UF": "AP",
        "NM_UF": "Amapá",
        "CD_UF": 16,
        "NM_MUN": "Calçoene",
        "CD_MUN": 1600204,
        "CT_LOCALIDADE": "Outras Localidades",
        "SCT_LOCALIDADE": "",
        "NM_RGINT": "Oiapoque - Porto Grande",
        "CD_RGINT": 1602,
        "NM_RGI": "Oiapoque",
        "CD_RGI": 160003,
        "LAT_LOCALIDADE": 2.20320010185242,
        "LONG_LOCALIDADE": -50.8576011657715,
        "CATEGORIA_MAPA": "Rural",
        "DIST_MUNICIPIO": 33.81,
        "DIST_INFOVIA": 241.64
      },
      "geometry": {
        "type": "Point",
        "coordinates": [
          -50.8576259,
          2.203247599927532
        ]
      }
    },
    {
      "type": "Feature",
      "properties": {
        "NM_LOCALIDADE": "Irineu",
        "CD_LOCALIDADE": 160020400006.0,
        "SIGLA_UF": "AP",
        "NM_UF": "Amapá",
        "CD_UF": 16,
        "NM_MUN": "Calçoene",
        "CD_MUN": 1600204,
        "CT_LOCALIDADE": "Outras Localidades",
        "SCT_LOCALIDADE": "",
        "NM_RGINT": "Oiapoque - Porto Grande",
        "CD_RGINT": 1602,
        "NM_RGI": "Oiapoque",
        "CD_RGI": 160003,
        "LAT_LOCALIDADE": 2.43930006027222,
        "LONG_LOCALIDADE": -50.9254989624023,
        "CATEGORIA_MAPA": "Rural",
        "DIST_MUNICIPIO": 6.56,
        "DIST_INFOVIA": 267.28
      },
      "geometry": {
        "type": "Point",
        "coordinates": [
          -50.9255493,
          2.439289499919787
        ]
      }
    },
    {
      "type": "Feature",
      "properties": {
        "NM_LOCALIDADE": "Goiabal",
        "CD_LOCALIDADE": 160020400007.0,
        "SIGLA_UF": "AP",
        "NM_UF": "Amapá",
        "CD_UF": 16,
        "NM_MUN": "Calçoene",
        "CD_MUN": 1600204,
        "CT_LOCALIDADE": "Outras Localidades",
        "SCT_LOCALIDADE": "",
        "NM_RGINT": "Oiapoque - Porto Grande",
        "CD_RGINT": 1602,
        "NM_RGI": "Oiapoque",
        "CD_RGI": 160003,
        "LAT_LOCALIDADE": 2.60030007362366,
        "LONG_LOCALIDADE": -50.8464012145996,
        "CATEGORIA_MAPA": "Rural",
        "DIST_MUNICIPIO": 16.64,
        "DIST_INFOVIA": 285.74
      },
      "geometry": {
        "type": "Point",
        "coordinates": [
          -50.8463922,
          2.600337899914506
        ]
      }
    },
    {
      "type": "Feature",
      "properties": {
        "NM_LOCALIDADE": "Cachoeira Grande",
        "CD_LOCALIDADE": 160020400008.0,
        "SIGLA_UF": "AP",
        "NM_UF": "Amapá",
        "CD_UF": 16,
        "NM_MUN": "Calçoene",
        "CD_MUN": 1600204,
        "CT_LOCALIDADE": "Outras Localidades",
        "SCT_LOCALIDADE": "",
        "NM_RGINT": "Oiapoque - Porto Grande",
        "CD_RGINT": 1602,
        "NM_RGI": "Oiapoque",
        "CD_RGI": 160003,
        "LAT_LOCALIDADE": 2.16190004348755,
        "LONG_LOCALIDADE": -50.9213981628418,
        "CATEGORIA_MAPA": "Rural",
        "DIST_MUNICIPIO": 36.93,
        "DIST_INFOVIA": 236.51
      },
      "geometry": {
        "type": "Point",
        "coordinates": [
          -50.921386,
          2.161891099928891
        ]
      }
    },
    {
      "type": "Feature",
      "properties": {
        "NM_LOCALIDADE": "Gurupora",
        "CD_LOCALIDADE": 160021200001.0,
        "SIGLA_UF": "AP",
        "NM_UF": "Amapá",
        "CD_UF": 16,
        "NM_MUN": "Cutias",
        "CD_MUN": 1600212,
        "CT_LOCALIDADE": "Povoado",
        "SCT_LOCALIDADE": "",
        "NM_RGINT": "Oiapoque - Porto Grande",
        "CD_RGINT": 1602,
        "NM_RGI": "Oiapoque",
        "CD_RGI": 160003,
        "LAT_LOCALIDADE": 0.898400008678436,
        "LONG_LOCALIDADE": -50.7846984863281,
        "CATEGORIA_MAPA": "Rural",
        "DIST_MUNICIPIO": 8.39,
        "DIST_INFOVIA": 100.19
      },
      "geometry": {
        "type": "Point",
        "coordinates": [
          -50.784697299999905,
          0.898408880739657
        ]
      }
    },
    {
      "type": "Feature",
      "properties": {
        "NM_LOCALIDADE": "Livramento",
        "CD_LOCALIDADE": 160021200002.0,
        "SIGLA_UF": "AP",
        "NM_UF": "Amapá",
        "CD_UF": 16,
        "NM_MUN": "Cutias",
        "CD_MUN": 1600212,
        "CT_LOCALIDADE": "Povoado",
        "SCT_LOCALIDADE": "",
        "NM_RGINT": "Oiapoque - Porto Grande",
        "CD_RGINT": 1602,
        "NM_RGI": "Oiapoque",
        "CD_RGI": 160003,
        "LAT_LOCALIDADE": 0.883300006389618,
        "LONG_LOCALIDADE": -50.7005004882812,
        "CATEGORIA_MAPA": "Rural",
        "DIST_MUNICIPIO": 14.82,
        "DIST_INFOVIA": 101.84
      },
      "geometry": {
        "type": "Point",
        "coordinates": [
          -50.700476245283,
          0.883276849027527
        ]
      }
    },
    {
      "type": "Feature",
      "properties": {
        "NM_LOCALIDADE": "São Raimundo",
        "CD_LOCALIDADE": 160021200003.0,
        "SIGLA_UF": "AP",
        "NM_UF": "Amapá",
        "CD_UF": 16,
        "NM_MUN": "Cutias",
        "CD_MUN": 1600212,
        "CT_LOCALIDADE": "Povoado",
        "SCT_LOCALIDADE": "",
        "NM_RGINT": "Oiapoque - Porto Grande",
        "CD_RGINT": 1602,
        "NM_RGI": "Oiapoque",
        "CD_RGI": 160003,
        "LAT_LOCALIDADE": 0.826200008392334,
        "LONG_LOCALIDADE": -50.7538986206055,
        "CATEGORIA_MAPA": "Rural",
        "DIST_MUNICIPIO": 17.03,
        "DIST_INFOVIA": 93.73
      },
      "geometry": {
        "type": "Point",
        "coordinates": [
          -50.7539316470588,
          0.826167058796332
        ]
      }
    },
    {
      "type": "Feature",
      "properties": {
        "NM_LOCALIDADE": "São Sebastião",
        "CD_LOCALIDADE": 160021200004.0,
        "SIGLA_UF": "AP",
        "NM_UF": "Amapá",
        "CD_UF": 16,
        "NM_MUN": "Cutias",
        "CD_MUN": 1600212,
        "CT_LOCALIDADE": "Outras Localidades",
        "SCT_LOCALIDADE": "",
        "NM_RGINT": "Oiapoque - Porto Grande",
        "CD_RGINT": 1602,
        "NM_RGI": "Oiapoque",
        "CD_RGI": 160003,
        "LAT_LOCALIDADE": 0.874400019645691,
        "LONG_LOCALIDADE": -50.7235984802246,
        "CATEGORIA_MAPA": "Rural",
        "DIST_MUNICIPIO": 13.78,
        "DIST_INFOVIA": 99.96
      },
      "geometry": {
        "type": "Point",
        "coordinates": [
          -50.7236349,
          0.874447799971214
        ]
      }
    },
    {
      "type": "Feature",
      "properties": {
        "NM_LOCALIDADE": "Bom Destino",
        "CD_LOCALIDADE": 160021200005.0,
        "SIGLA_UF": "AP",
        "NM_UF": "Amapá",
        "CD_UF": 16,
        "NM_MUN": "Cutias",
        "CD_MUN": 1600212,
        "CT_LOCALIDADE": "Outras Localidades",
        "SCT_LOCALIDADE": "",
        "NM_RGINT": "Oiapoque - Porto Grande",
        "CD_RGINT": 1602,
        "NM_RGI": "Oiapoque",
        "CD_RGI": 160003,
        "LAT_LOCALIDADE": 0.89740002155304,
        "LONG_LOCALIDADE": -50.736198425293,
        "CATEGORIA_MAPA": "Rural",
        "DIST_MUNICIPIO": 10.92,
        "DIST_INFOVIA": 101.84
      },
      "geometry": {
        "type": "Point",
        "coordinates": [
          -50.7361606,
          0.897422099970458
        ]
      }
    },
    {
      "type": "Feature",
      "properties": {
        "NM_LOCALIDADE": "Creio em Deus",
        "CD_LOCALIDADE": 160021200006.0,
        "SIGLA_UF": "AP",
        "NM_UF": "Amapá",
        "CD_UF": 16,
        "NM_MUN": "Cutias",
        "CD_MUN": 1600212,
        "CT_LOCALIDADE": "Outras Localidades",
        "SCT_LOCALIDADE": "",
        "NM_RGINT": "Oiapoque - Porto Grande",
        "CD_RGINT": 1602,
        "NM_RGI": "Oiapoque",
        "CD_RGI": 160003,
        "LAT_LOCALIDADE": 1.04939997196198,
        "LONG_LOCALIDADE": -50.7039985656738,
        "CATEGORIA_MAPA": "Rural",
        "DIST_MUNICIPIO": 13.65,
        "DIST_INFOVIA": 118.95
      },
      "geometry": {
        "type": "Point",
        "coordinates": [
          -50.7040113,
          1.049398899965458
        ]
      }
    },
    {
      "type": "Feature",
      "properties": {
        "NM_LOCALIDADE": "Pracuúba do Araguari",
        "CD_LOCALIDADE": 160021200007.0,
        "SIGLA_UF": "AP",
        "NM_UF": "Amapá",
        "CD_UF": 16,
        "NM_MUN": "Cutias",
        "CD_MUN": 1600212,
        "CT_LOCALIDADE": "Outras Localidades",
        "SCT_LOCALIDADE": "",
        "NM_RGINT": "Oiapoque - Porto Grande",
        "CD_RGINT": 1602,
        "NM_RGI": "Oiapoque",
        "CD_RGI": 160003,
        "LAT_LOCALIDADE": 1.0485999584198,
        "LONG_LOCALIDADE": -50.5097007751465,
        "CATEGORIA_MAPA": "Rural",
        "DIST_MUNICIPIO": 33.32,
        "DIST_INFOVIA": 127.62
      },
      "geometry": {
        "type": "Point",
        "coordinates": [
          -50.5097432,
          1.048559599965486
        ]
      }
    },
    {
      "type": "Feature",
      "properties": {
        "NM_LOCALIDADE": "Alta Floresta",
        "CD_LOCALIDADE": 160021200008.0,
        "SIGLA_UF": "AP",
        "NM_UF": "Amapá",
        "CD_UF": 16,
        "NM_MUN": "Cutias",
        "CD_MUN": 1600212,
        "CT_LOCALIDADE": "Outras Localidades",
        "SCT_LOCALIDADE": "",
        "NM_RGINT": "Oiapoque - Porto Grande",
        "CD_RGINT": 1602,
        "NM_RGI": "Oiapoque",
        "CD_RGI": 160003,
        "LAT_LOCALIDADE": 0.888999998569489,
        "LONG_LOCALIDADE": -50.8581008911133,
        "CATEGORIA_MAPA": "Rural",
        "DIST_MUNICIPIO": 11.33,
        "DIST_INFOVIA": 97.02
      },
      "geometry": {
        "type": "Point",
        "coordinates": [
          -50.8580993,
          0.888960699970737
        ]
      }
    },
    {
      "type": "Feature",
      "properties": {
        "NM_LOCALIDADE": "Sagrado Coração de Maria",
        "CD_LOCALIDADE": 160021200009.0,
        "SIGLA_UF": "AP",
        "NM_UF": "Amapá",
        "CD_UF": 16,
        "NM_MUN": "Cutias",
        "CD_MUN": 1600212,
        "CT_LOCALIDADE": "Outras Localidades",
        "SCT_LOCALIDADE": "",
        "NM_RGINT": "Oiapoque - Porto Grande",
        "CD_RGINT": 1602,
        "NM_RGI": "Oiapoque",
        "CD_RGI": 160003,
        "LAT_LOCALIDADE": 0.909900009632111,
        "LONG_LOCALIDADE": -50.8200988769531,
        "CATEGORIA_MAPA": "Rural",
        "DIST_MUNICIPIO": 7.31,
        "DIST_INFOVIA": 100.31
      },
      "geometry": {
        "type": "Point",
        "coordinates": [
          -50.8200983,
          0.909925299970047
        ]
      }
    },
    {
      "type": "Feature",
      "properties": {
        "NM_LOCALIDADE": "Paredão",
        "CD_LOCALIDADE": 160023800001.0,
        "SIGLA_UF": "AP",
        "NM_UF": "Amapá",
        "CD_UF": 16,
        "NM_MUN": "Ferreira Gomes",
        "CD_MUN": 1600238,
        "CT_LOCALIDADE": "Povoado",
        "SCT_LOCALIDADE": "",
        "NM_RGINT": "Oiapoque - Porto Grande",
        "CD_RGINT": 1602,
        "NM_RGI": "Porto Grande",
        "CD_RGI": 160004,
        "LAT_LOCALIDADE": 0.887700021266937,
        "LONG_LOCALIDADE": -51.2527008056641,
        "CATEGORIA_MAPA": "Rural",
        "DIST_MUNICIPIO": 8.56,
        "DIST_INFOVIA": 96.86
      },
      "geometry": {
        "type": "Point",
        "coordinates": [
          -51.2526774027149,
          0.887682805400643
        ]
      }
    },
    {
      "type": "Feature",
      "properties": {
        "NM_LOCALIDADE": "Comunidade Quilombola Igarapé do Palha",
        "CD_LOCALIDADE": 160023800002.0,
        "SIGLA_UF": "AP",
        "NM_UF": "Amapá",
        "CD_UF": 16,
        "NM_MUN": "Ferreira Gomes",
        "CD_MUN": 1600238,
        "CT_LOCALIDADE": "Localidade Quilombola",
        "SCT_LOCALIDADE": "Outras Localidades Quilombolas",
        "NM_RGINT": "Oiapoque - Porto Grande",
        "CD_RGINT": 1602,
        "NM_RGI": "Porto Grande",
        "CD_RGI": 160004,
        "LAT_LOCALIDADE": 0.819700002670288,
        "LONG_LOCALIDADE": -51.1268997192383,
        "CATEGORIA_MAPA": "Rural",
        "DIST_MUNICIPIO": 7.49,
        "DIST_INFOVIA": 87.16
      },
      "geometry": {
        "type": "Point",
        "coordinates": [
          -51.1268772,
          0.819749799973015
        ]
      }
    },
    {
      "type": "Feature",
      "properties": {
        "NM_LOCALIDADE": "Curicaca",
        "CD_LOCALIDADE": 160025300001.0,
        "SIGLA_UF": "AP",
        "NM_UF": "Amapá",
        "CD_UF": 16,
        "NM_MUN": "Itaubal",
        "CD_MUN": 1600253,
        "CT_LOCALIDADE": "Povoado",
        "SCT_LOCALIDADE": "",
        "NM_RGINT": "Macapá",
        "CD_RGINT": 1601,
        "NM_RGI": "Macapá",
        "CD_RGI": 160001,
        "LAT_LOCALIDADE": 0.578199982643127,
        "LONG_LOCALIDADE": -50.8018989562988,
        "CATEGORIA_MAPA": "Rural",
        "DIST_MUNICIPIO": 11.78,
        "DIST_INFOVIA": 66.26
      },
      "geometry": {
        "type": "Point",
        "coordinates": [
          -50.801882537102394,
          0.578168763231849
        ]
      }
    },
    {
      "type": "Feature",
      "properties": {
        "NM_LOCALIDADE": "Carmo do Macacoari",
        "CD_LOCALIDADE": 160025300002.0,
        "SIGLA_UF": "AP",
        "NM_UF": "Amapá",
        "CD_UF": 16,
        "NM_MUN": "Itaubal",
        "CD_MUN": 1600253,
        "CT_LOCALIDADE": "Povoado",
        "SCT_LOCALIDADE": "",
        "NM_RGINT": "Macapá",
        "CD_RGINT": 1601,
        "NM_RGI": "Macapá",
        "CD_RGI": 160001,
        "LAT_LOCALIDADE": 0.509100019931793,
        "LONG_LOCALIDADE": -50.7489013671875,
        "CATEGORIA_MAPA": "Rural",
        "DIST_MUNICIPIO": 11.84,
        "DIST_INFOVIA": 62.42
      },
      "geometry": {
        "type": "Point",
        "coordinates": [
          -50.74887576521729,
          0.509122078244108
        ]
      }
    },
    {
      "type": "Feature",
      "properties": {
        "NM_LOCALIDADE": "Comunidade Quilombola São Miguel do Macacoari",
        "CD_LOCALIDADE": 160025300004.0,
        "SIGLA_UF": "AP",
        "NM_UF": "Amapá",
        "CD_UF": 16,
        "NM_MUN": "Itaubal",
        "CD_MUN": 1600253,
        "CT_LOCALIDADE": "Localidade Quilombola",
        "SCT_LOCALIDADE": "Agrupamento Quilombola",
        "NM_RGINT": "Macapá",
        "CD_RGINT": 1601,
        "NM_RGI": "Macapá",
        "CD_RGI": 160001,
        "LAT_LOCALIDADE": 0.540799975395203,
        "LONG_LOCALIDADE": -50.7612991333008,
        "CATEGORIA_MAPA": "Rural",
        "DIST_MUNICIPIO": 9.81,
        "DIST_INFOVIA": 64.69
      },
      "geometry": {
        "type": "Point",
        "coordinates": [
          -50.7612916170212,
          0.540757808492835
        ]
      }
    },
    {
      "type": "Feature",
      "properties": {
        "NM_LOCALIDADE": "Inajá",
        "CD_LOCALIDADE": 160025300005.0,
        "SIGLA_UF": "AP",
        "NM_UF": "Amapá",
        "CD_UF": 16,
        "NM_MUN": "Itaubal",
        "CD_MUN": 1600253,
        "CT_LOCALIDADE": "Outras Localidades",
        "SCT_LOCALIDADE": "",
        "NM_RGINT": "Macapá",
        "CD_RGINT": 1601,
        "NM_RGI": "Macapá",
        "CD_RGI": 160001,
        "LAT_LOCALIDADE": 0.715200006961823,
        "LONG_LOCALIDADE": -50.8498001098633,
        "CATEGORIA_MAPA": "Rural",
        "DIST_MUNICIPIO": 20.89,
        "DIST_INFOVIA": 78.59
      },
      "geometry": {
        "type": "Point",
        "coordinates": [
          -50.8497797,
          0.715150399976457
        ]
      }
    },
    {
      "type": "Feature",
      "properties": {
        "NM_LOCALIDADE": "Pau Mulato",
        "CD_LOCALIDADE": 160025300006.0,
        "SIGLA_UF": "AP",
        "NM_UF": "Amapá",
        "CD_UF": 16,
        "NM_MUN": "Itaubal",
        "CD_MUN": 1600253,
        "CT_LOCALIDADE": "Povoado",
        "SCT_LOCALIDADE": "",
        "NM_RGINT": "Macapá",
        "CD_RGINT": 1601,
        "NM_RGI": "Macapá",
        "CD_RGI": 160001,
        "LAT_LOCALIDADE": 0.441500008106232,
        "LONG_LOCALIDADE": -50.5886001586914,
        "CATEGORIA_MAPA": "Rural",
        "DIST_MUNICIPIO": 21.77,
        "DIST_INFOVIA": 67.08
      },
      "geometry": {
        "type": "Point",
        "coordinates": [
          -50.58856314583329,
          0.441486291652131
        ]
      }
    },
    {
      "type": "Feature",
      "properties": {
        "NM_LOCALIDADE": "Agrovila do PA Igarapé Novo",
        "CD_LOCALIDADE": 160025300007.0,
        "SIGLA_UF": "AP",
        "NM_UF": "Amapá",
        "CD_UF": 16,
        "NM_MUN": "Itaubal",
        "CD_MUN": 1600253,
        "CT_LOCALIDADE": "Lugarejo",
        "SCT_LOCALIDADE": "",
        "NM_RGINT": "Macapá",
        "CD_RGINT": 1601,
        "NM_RGI": "Macapá",
        "CD_RGI": 160001,
        "LAT_LOCALIDADE": 0.472499996423721,
        "LONG_LOCALIDADE": -50.5578994750977,
        "CATEGORIA_MAPA": "Rural",
        "DIST_MUNICIPIO": 21.38,
        "DIST_INFOVIA": 71.93
      },
      "geometry": {
        "type": "Point",
        "coordinates": [
          -50.557864355555495,
          0.472513222206666
        ]
      }
    },
    {
      "type": "Feature",
      "properties": {
        "NM_LOCALIDADE": "Agrovila do PA Igarapé Novo",
        "CD_LOCALIDADE": 160025300007.0,
        "SIGLA_UF": "AP",
        "NM_UF": "Amapá",
        "CD_UF": 16,
        "NM_MUN": "Itaubal",
        "CD_MUN": 1600253,
        "CT_LOCALIDADE": "Agrovila do PA",
        "SCT_LOCALIDADE": "",
        "NM_RGINT": "Macapá",
        "CD_RGINT": 1601,
        "NM_RGI": "Macapá",
        "CD_RGI": 160001,
        "LAT_LOCALIDADE": 0.472499996423721,
        "LONG_LOCALIDADE": -50.5578994750977,
        "CATEGORIA_MAPA": "Rural",
        "DIST_MUNICIPIO": 21.38,
        "DIST_INFOVIA": 71.93
      },
      "geometry": {
        "type": "Point",
        "coordinates": [
          -50.557864355555495,
          0.472513222206666
        ]
      }
    },
    {
      "type": "Feature",
      "properties": {
        "NM_LOCALIDADE": "Bom Sucesso",
        "CD_LOCALIDADE": 160025300008.0,
        "SIGLA_UF": "AP",
        "NM_UF": "Amapá",
        "CD_UF": 16,
        "NM_MUN": "Itaubal",
        "CD_MUN": 1600253,
        "CT_LOCALIDADE": "Outras Localidades",
        "SCT_LOCALIDADE": "",
        "NM_RGINT": "Macapá",
        "CD_RGINT": 1601,
        "NM_RGI": "Macapá",
        "CD_RGI": 160001,
        "LAT_LOCALIDADE": 0.508099973201752,
        "LONG_LOCALIDADE": -50.540699005127,
        "CATEGORIA_MAPA": "Rural",
        "DIST_MUNICIPIO": 20.53,
        "DIST_INFOVIA": 76.12
      },
      "geometry": {
        "type": "Point",
        "coordinates": [
          -50.5407132,
          0.508107699983272
        ]
      }
    },
    {
      "type": "Feature",
      "properties": {
        "NM_LOCALIDADE": "Cobra",
        "CD_LOCALIDADE": 160025300009.0,
        "SIGLA_UF": "AP",
        "NM_UF": "Amapá",
        "CD_UF": 16,
        "NM_MUN": "Itaubal",
        "CD_MUN": 1600253,
        "CT_LOCALIDADE": "Outras Localidades",
        "SCT_LOCALIDADE": "",
        "NM_RGINT": "Macapá",
        "CD_RGINT": 1601,
        "NM_RGI": "Macapá",
        "CD_RGI": 160001,
        "LAT_LOCALIDADE": 0.559000015258789,
        "LONG_LOCALIDADE": -50.5116996765137,
        "CATEGORIA_MAPA": "Rural",
        "DIST_MUNICIPIO": 21.39,
        "DIST_INFOVIA": 82.48
      },
      "geometry": {
        "type": "Point",
        "coordinates": [
          -50.51167959999999,
          0.559032399981596
        ]
      }
    },
    {
      "type": "Feature",
      "properties": {
        "NM_LOCALIDADE": "Uruá",
        "CD_LOCALIDADE": 160025300010.0,
        "SIGLA_UF": "AP",
        "NM_UF": "Amapá",
        "CD_UF": 16,
        "NM_MUN": "Itaubal",
        "CD_MUN": 1600253,
        "CT_LOCALIDADE": "Povoado",
        "SCT_LOCALIDADE": "",
        "NM_RGINT": "Macapá",
        "CD_RGINT": 1601,
        "NM_RGI": "Macapá",
        "CD_RGI": 160001,
        "LAT_LOCALIDADE": 0.61599999666214,
        "LONG_LOCALIDADE": -50.4938011169434,
        "CATEGORIA_MAPA": "Rural",
        "DIST_MUNICIPIO": 22.85,
        "DIST_INFOVIA": 88.56
      },
      "geometry": {
        "type": "Point",
        "coordinates": [
          -50.4938311643835,
          0.615962479431776
        ]
      }
    },
    {
      "type": "Feature",
      "properties": {
        "NM_LOCALIDADE": "São Tomé do Macacoari",
        "CD_LOCALIDADE": 160025300011.0,
        "SIGLA_UF": "AP",
        "NM_UF": "Amapá",
        "CD_UF": 16,
        "NM_MUN": "Itaubal",
        "CD_MUN": 1600253,
        "CT_LOCALIDADE": "Outras Localidades",
        "SCT_LOCALIDADE": "",
        "NM_RGINT": "Macapá",
        "CD_RGINT": 1601,
        "NM_RGI": "Macapá",
        "CD_RGI": 160001,
        "LAT_LOCALIDADE": 0.371899992227554,
        "LONG_LOCALIDADE": -50.6781997680664,
        "CATEGORIA_MAPA": "Rural",
        "DIST_MUNICIPIO": 25.83,
        "DIST_INFOVIA": 54.63
      },
      "geometry": {
        "type": "Point",
        "coordinates": [
          -50.6781593,
          0.371863699987757
        ]
      }
    },
    {
      "type": "Feature",
      "properties": {
        "NM_LOCALIDADE": "Água Branca do Cajari",
        "CD_LOCALIDADE": 160027900002.0,
        "SIGLA_UF": "AP",
        "NM_UF": "Amapá",
        "CD_UF": 16,
        "NM_MUN": "Laranjal do Jari",
        "CD_MUN": 1600279,
        "CT_LOCALIDADE": "Povoado",
        "SCT_LOCALIDADE": "",
        "NM_RGINT": "Macapá",
        "CD_RGINT": 1601,
        "NM_RGI": "Laranjal do Jari",
        "CD_RGI": 160002,
        "LAT_LOCALIDADE": -0.549399971961975,
        "LONG_LOCALIDADE": -52.1797981262207,
        "CATEGORIA_MAPA": "Rural",
        "DIST_MUNICIPIO": 49.86,
        "DIST_INFOVIA": 60.94
      },
      "geometry": {
        "type": "Point",
        "coordinates": [
          -52.1798188018017,
          -0.549428076558488
        ]
      }
    },
    {
      "type": "Feature",
      "properties": {
        "NM_LOCALIDADE": "Aldeia Indígena Okakai",
        "CD_LOCALIDADE": 160027900004.0,
        "SIGLA_UF": "AP",
        "NM_UF": "Amapá",
        "CD_UF": 16,
        "NM_MUN": "Laranjal do Jari",
        "CD_MUN": 1600279,
        "CT_LOCALIDADE": "Lugarejo",
        "SCT_LOCALIDADE": "",
        "NM_RGINT": "Macapá",
        "CD_RGINT": 1601,
        "NM_RGI": "Laranjal do Jari",
        "CD_RGI": 160002,
        "LAT_LOCALIDADE": 1.70439994335175,
        "LONG_LOCALIDADE": -53.1341018676758,
        "CATEGORIA_MAPA": "Rural",
        "DIST_MUNICIPIO": 291.18,
        "DIST_INFOVIA": 295.96
      },
      "geometry": {
        "type": "Point",
        "coordinates": [
          -53.134072,
          1.704394999943918
        ]
      }
    },
    {
      "type": "Feature",
      "properties": {
        "NM_LOCALIDADE": "Aldeia Indígena Okakai",
        "CD_LOCALIDADE": 160027900004.0,
        "SIGLA_UF": "AP",
        "NM_UF": "Amapá",
        "CD_UF": 16,
        "NM_MUN": "Laranjal do Jari",
        "CD_MUN": 1600279,
        "CT_LOCALIDADE": "Localidade Indígena",
        "SCT_LOCALIDADE": "Agrupamento Indígena",
        "NM_RGINT": "Macapá",
        "CD_RGINT": 1601,
        "NM_RGI": "Laranjal do Jari",
        "CD_RGI": 160002,
        "LAT_LOCALIDADE": 1.70439994335175,
        "LONG_LOCALIDADE": -53.1341018676758,
        "CATEGORIA_MAPA": "Rural",
        "DIST_MUNICIPIO": 291.18,
        "DIST_INFOVIA": 295.96
      },
      "geometry": {
        "type": "Point",
        "coordinates": [
          -53.134072,
          1.704394999943918
        ]
      }
    },
    {
      "type": "Feature",
      "properties": {
        "NM_LOCALIDADE": "Comunidade Quilombola São José",
        "CD_LOCALIDADE": 160027900005.0,
        "SIGLA_UF": "AP",
        "NM_UF": "Amapá",
        "CD_UF": 16,
        "NM_MUN": "Laranjal do Jari",
        "CD_MUN": 1600279,
        "CT_LOCALIDADE": "Localidade Quilombola",
        "SCT_LOCALIDADE": "Agrupamento Quilombola",
        "NM_RGINT": "Macapá",
        "CD_RGINT": 1601,
        "NM_RGI": "Laranjal do Jari",
        "CD_RGI": 160002,
        "LAT_LOCALIDADE": -0.675700008869171,
        "LONG_LOCALIDADE": -52.5097007751465,
        "CATEGORIA_MAPA": "Rural",
        "DIST_MUNICIPIO": 18.44,
        "DIST_INFOVIA": 87.69
      },
      "geometry": {
        "type": "Point",
        "coordinates": [
          -52.509691,
          -0.675741999977754
        ]
      }
    },
    {
      "type": "Feature",
      "properties": {
        "NM_LOCALIDADE": "Comunidade Quilombola São José",
        "CD_LOCALIDADE": 160027900005.0,
        "SIGLA_UF": "AP",
        "NM_UF": "Amapá",
        "CD_UF": 16,
        "NM_MUN": "Laranjal do Jari",
        "CD_MUN": 1600279,
        "CT_LOCALIDADE": "Lugarejo",
        "SCT_LOCALIDADE": "",
        "NM_RGINT": "Macapá",
        "CD_RGINT": 1601,
        "NM_RGI": "Laranjal do Jari",
        "CD_RGI": 160002,
        "LAT_LOCALIDADE": -0.675700008869171,
        "LONG_LOCALIDADE": -52.5097007751465,
        "CATEGORIA_MAPA": "Rural",
        "DIST_MUNICIPIO": 18.44,
        "DIST_INFOVIA": 87.69
      },
      "geometry": {
        "type": "Point",
        "coordinates": [
          -52.509691,
          -0.675741999977754
        ]
      }
    },
    {
      "type": "Feature",
      "properties": {
        "NM_LOCALIDADE": "Aldeia Indígena Jiruru'wyry",
        "CD_LOCALIDADE": 160027900006.0,
        "SIGLA_UF": "AP",
        "NM_UF": "Amapá",
        "CD_UF": 16,
        "NM_MUN": "Laranjal do Jari",
        "CD_MUN": 1600279,
        "CT_LOCALIDADE": "Localidade Indígena",
        "SCT_LOCALIDADE": "Outras Localidades Indígenas",
        "NM_RGINT": "Macapá",
        "CD_RGINT": 1601,
        "NM_RGI": "Laranjal do Jari",
        "CD_RGI": 160002,
        "LAT_LOCALIDADE": 0.885599970817566,
        "LONG_LOCALIDADE": -53.0769004821777,
        "CATEGORIA_MAPA": "Rural",
        "DIST_MUNICIPIO": 201.74,
        "DIST_INFOVIA": 232.38
      },
      "geometry": {
        "type": "Point",
        "coordinates": [
          -53.07686,
          0.885580299970848
        ]
      }
    },
    {
      "type": "Feature",
      "properties": {
        "NM_LOCALIDADE": "Aldeia Indígena Kamuta",
        "CD_LOCALIDADE": 160027900007.0,
        "SIGLA_UF": "AP",
        "NM_UF": "Amapá",
        "CD_UF": 16,
        "NM_MUN": "Laranjal do Jari",
        "CD_MUN": 1600279,
        "CT_LOCALIDADE": "Localidade Indígena",
        "SCT_LOCALIDADE": "Outras Localidades Indígenas",
        "NM_RGINT": "Macapá",
        "CD_RGINT": 1601,
        "NM_RGI": "Laranjal do Jari",
        "CD_RGI": 160002,
        "LAT_LOCALIDADE": 1.019700050354,
        "LONG_LOCALIDADE": -53.1377983093262,
        "CATEGORIA_MAPA": "Rural",
        "DIST_MUNICIPIO": 218.02,
        "DIST_INFOVIA": 246.34
      },
      "geometry": {
        "type": "Point",
        "coordinates": [
          -53.1377575,
          1.019669599966436
        ]
      }
    },
    {
      "type": "Feature",
      "properties": {
        "NM_LOCALIDADE": "Aldeia Indígena Karavovõ",
        "CD_LOCALIDADE": 160027900008.0,
        "SIGLA_UF": "AP",
        "NM_UF": "Amapá",
        "CD_UF": 16,
        "NM_MUN": "Laranjal do Jari",
        "CD_MUN": 1600279,
        "CT_LOCALIDADE": "Localidade Indígena",
        "SCT_LOCALIDADE": "Outras Localidades Indígenas",
        "NM_RGINT": "Macapá",
        "CD_RGINT": 1601,
        "NM_RGI": "Laranjal do Jari",
        "CD_RGI": 160002,
        "LAT_LOCALIDADE": 0.800999999046326,
        "LONG_LOCALIDADE": -52.9273986816406,
        "CATEGORIA_MAPA": "Rural",
        "DIST_MUNICIPIO": 188.14,
        "DIST_INFOVIA": 213.34
      },
      "geometry": {
        "type": "Point",
        "coordinates": [
          -52.9274113,
          0.801015199973631
        ]
      }
    },
    {
      "type": "Feature",
      "properties": {
        "NM_LOCALIDADE": "Aldeia Indígena Kupa'y",
        "CD_LOCALIDADE": 160027900009.0,
        "SIGLA_UF": "AP",
        "NM_UF": "Amapá",
        "CD_UF": 16,
        "NM_MUN": "Laranjal do Jari",
        "CD_MUN": 1600279,
        "CT_LOCALIDADE": "Localidade Indígena",
        "SCT_LOCALIDADE": "Outras Localidades Indígenas",
        "NM_RGINT": "Macapá",
        "CD_RGINT": 1601,
        "NM_RGI": "Laranjal do Jari",
        "CD_RGI": 160002,
        "LAT_LOCALIDADE": 0.732100009918213,
        "LONG_LOCALIDADE": -52.6783981323242,
        "CATEGORIA_MAPA": "Rural",
        "DIST_MUNICIPIO": 175.83,
        "DIST_INFOVIA": 186.18
      },
      "geometry": {
        "type": "Point",
        "coordinates": [
          -52.678442296997304,
          0.732111634576894
        ]
      }
    },
    {
      "type": "Feature",
      "properties": {
        "NM_LOCALIDADE": "Aldeia Indígena Kurani'yty",
        "CD_LOCALIDADE": 160027900010.0,
        "SIGLA_UF": "AP",
        "NM_UF": "Amapá",
        "CD_UF": 16,
        "NM_MUN": "Laranjal do Jari",
        "CD_MUN": 1600279,
        "CT_LOCALIDADE": "Localidade Indígena",
        "SCT_LOCALIDADE": "Outras Localidades Indígenas",
        "NM_RGINT": "Macapá",
        "CD_RGINT": 1601,
        "NM_RGI": "Laranjal do Jari",
        "CD_RGI": 160002,
        "LAT_LOCALIDADE": 1.25759994983673,
        "LONG_LOCALIDADE": -53.1925010681152,
        "CATEGORIA_MAPA": "Rural",
        "DIST_MUNICIPIO": 245.06,
        "DIST_INFOVIA": 267.08
      },
      "geometry": {
        "type": "Point",
        "coordinates": [
          -53.1924562,
          1.25756879995861
        ]
      }
    },
    {
      "type": "Feature",
      "properties": {
        "NM_LOCALIDADE": "Aldeia Indígena Kurawary",
        "CD_LOCALIDADE": 160027900011.0,
        "SIGLA_UF": "AP",
        "NM_UF": "Amapá",
        "CD_UF": 16,
        "NM_MUN": "Laranjal do Jari",
        "CD_MUN": 1600279,
        "CT_LOCALIDADE": "Localidade Indígena",
        "SCT_LOCALIDADE": "Outras Localidades Indígenas",
        "NM_RGINT": "Macapá",
        "CD_RGINT": 1601,
        "NM_RGI": "Laranjal do Jari",
        "CD_RGI": 160002,
        "LAT_LOCALIDADE": 1.17890000343323,
        "LONG_LOCALIDADE": -53.1543006896973,
        "CATEGORIA_MAPA": "Rural",
        "DIST_MUNICIPIO": 235.44,
        "DIST_INFOVIA": 258.33
      },
      "geometry": {
        "type": "Point",
        "coordinates": [
          -53.1543416,
          1.178893999961198
        ]
      }
    },
    {
      "type": "Feature",
      "properties": {
        "NM_LOCALIDADE": "Aldeia Indígena Najaty",
        "CD_LOCALIDADE": 160027900012.0,
        "SIGLA_UF": "AP",
        "NM_UF": "Amapá",
        "CD_UF": 16,
        "NM_MUN": "Laranjal do Jari",
        "CD_MUN": 1600279,
        "CT_LOCALIDADE": "Localidade Indígena",
        "SCT_LOCALIDADE": "Outras Localidades Indígenas",
        "NM_RGINT": "Macapá",
        "CD_RGINT": 1601,
        "NM_RGI": "Laranjal do Jari",
        "CD_RGI": 160002,
        "LAT_LOCALIDADE": 1.48479998111725,
        "LONG_LOCALIDADE": -53.0526008605957,
        "CATEGORIA_MAPA": "Rural",
        "DIST_MUNICIPIO": 265.33,
        "DIST_INFOVIA": 272.23
      },
      "geometry": {
        "type": "Point",
        "coordinates": [
          -53.0525671,
          1.484770299951138
        ]
      }
    },
    {
      "type": "Feature",
      "properties": {
        "NM_LOCALIDADE": "Aldeia Indígena Okarã",
        "CD_LOCALIDADE": 160027900013.0,
        "SIGLA_UF": "AP",
        "NM_UF": "Amapá",
        "CD_UF": 16,
        "NM_MUN": "Laranjal do Jari",
        "CD_MUN": 1600279,
        "CT_LOCALIDADE": "Localidade Indígena",
        "SCT_LOCALIDADE": "Outras Localidades Indígenas",
        "NM_RGINT": "Macapá",
        "CD_RGINT": 1601,
        "NM_RGI": "Laranjal do Jari",
        "CD_RGI": 160002,
        "LAT_LOCALIDADE": 0.850300014019012,
        "LONG_LOCALIDADE": -53.0783004760742,
        "CATEGORIA_MAPA": "Rural",
        "DIST_MUNICIPIO": 198.07,
        "DIST_INFOVIA": 230.36
      },
      "geometry": {
        "type": "Point",
        "coordinates": [
          -53.078324299999984,
          0.850334399972008
        ]
      }
    },
    {
      "type": "Feature",
      "properties": {
        "NM_LOCALIDADE": "Aldeia Indígena Parijaka",
        "CD_LOCALIDADE": 160027900014.0,
        "SIGLA_UF": "AP",
        "NM_UF": "Amapá",
        "CD_UF": 16,
        "NM_MUN": "Laranjal do Jari",
        "CD_MUN": 1600279,
        "CT_LOCALIDADE": "Localidade Indígena",
        "SCT_LOCALIDADE": "Outras Localidades Indígenas",
        "NM_RGINT": "Macapá",
        "CD_RGINT": 1601,
        "NM_RGI": "Laranjal do Jari",
        "CD_RGI": 160002,
        "LAT_LOCALIDADE": 0.789799988269806,
        "LONG_LOCALIDADE": -53.0106010437012,
        "CATEGORIA_MAPA": "Rural",
        "DIST_MUNICIPIO": 189.38,
        "DIST_INFOVIA": 220.38
      },
      "geometry": {
        "type": "Point",
        "coordinates": [
          -53.0105991,
          0.789759099974001
        ]
      }
    },
    {
      "type": "Feature",
      "properties": {
        "NM_LOCALIDADE": "Aldeia Indígena Seweriry",
        "CD_LOCALIDADE": 160027900015.0,
        "SIGLA_UF": "AP",
        "NM_UF": "Amapá",
        "CD_UF": 16,
        "NM_MUN": "Laranjal do Jari",
        "CD_MUN": 1600279,
        "CT_LOCALIDADE": "Localidade Indígena",
        "SCT_LOCALIDADE": "Outras Localidades Indígenas",
        "NM_RGINT": "Macapá",
        "CD_RGINT": 1601,
        "NM_RGI": "Laranjal do Jari",
        "CD_RGI": 160002,
        "LAT_LOCALIDADE": 1.05320000648499,
        "LONG_LOCALIDADE": -53.0313987731934,
        "CATEGORIA_MAPA": "Rural",
        "DIST_MUNICIPIO": 218.19,
        "DIST_INFOVIA": 238.97
      },
      "geometry": {
        "type": "Point",
        "coordinates": [
          -53.0314149,
          1.053223699965332
        ]
      }
    },
    {
      "type": "Feature",
      "properties": {
        "NM_LOCALIDADE": "Aldeia Indígena Tomepokwarã",
        "CD_LOCALIDADE": 160027900016.0,
        "SIGLA_UF": "AP",
        "NM_UF": "Amapá",
        "CD_UF": 16,
        "NM_MUN": "Laranjal do Jari",
        "CD_MUN": 1600279,
        "CT_LOCALIDADE": "Localidade Indígena",
        "SCT_LOCALIDADE": "Outras Localidades Indígenas",
        "NM_RGINT": "Macapá",
        "CD_RGINT": 1601,
        "NM_RGI": "Laranjal do Jari",
        "CD_RGI": 160002,
        "LAT_LOCALIDADE": 1.31620001792908,
        "LONG_LOCALIDADE": -52.9961013793945,
        "CATEGORIA_MAPA": "Rural",
        "DIST_MUNICIPIO": 245.67,
        "DIST_INFOVIA": 254.82
      },
      "geometry": {
        "type": "Point",
        "coordinates": [
          -52.996094599999985,
          1.316211899956681
        ]
      }
    },
    {
      "type": "Feature",
      "properties": {
        "NM_LOCALIDADE": "Aldeia Indígena Wyraury",
        "CD_LOCALIDADE": 160027900017.0,
        "SIGLA_UF": "AP",
        "NM_UF": "Amapá",
        "CD_UF": 16,
        "NM_MUN": "Laranjal do Jari",
        "CD_MUN": 1600279,
        "CT_LOCALIDADE": "Localidade Indígena",
        "SCT_LOCALIDADE": "Outras Localidades Indígenas",
        "NM_RGINT": "Macapá",
        "CD_RGINT": 1601,
        "NM_RGI": "Laranjal do Jari",
        "CD_RGI": 160002,
        "LAT_LOCALIDADE": 1.21539998054504,
        "LONG_LOCALIDADE": -53.0508003234863,
        "CATEGORIA_MAPA": "Rural",
        "DIST_MUNICIPIO": 236.18,
        "DIST_INFOVIA": 251.94
      },
      "geometry": {
        "type": "Point",
        "coordinates": [
          -53.0508345,
          1.215433599959995
        ]
      }
    },
    {
      "type": "Feature",
      "properties": {
        "NM_LOCALIDADE": "Aldeia Indígena Ytawa 1",
        "CD_LOCALIDADE": 160027900018.0,
        "SIGLA_UF": "AP",
        "NM_UF": "Amapá",
        "CD_UF": 16,
        "NM_MUN": "Laranjal do Jari",
        "CD_MUN": 1600279,
        "CT_LOCALIDADE": "Localidade Indígena",
        "SCT_LOCALIDADE": "Outras Localidades Indígenas",
        "NM_RGINT": "Macapá",
        "CD_RGINT": 1601,
        "NM_RGI": "Laranjal do Jari",
        "CD_RGI": 160002,
        "LAT_LOCALIDADE": 1.66349995136261,
        "LONG_LOCALIDADE": -53.0521011352539,
        "CATEGORIA_MAPA": "Rural",
        "DIST_MUNICIPIO": 284.72,
        "DIST_INFOVIA": 286.14
      },
      "geometry": {
        "type": "Point",
        "coordinates": [
          -53.05208360000001,
          1.663479699945263
        ]
      }
    },
    {
      "type": "Feature",
      "properties": {
        "NM_LOCALIDADE": "Aldeia Indígena Gaita",
        "CD_LOCALIDADE": 160027900019.0,
        "SIGLA_UF": "AP",
        "NM_UF": "Amapá",
        "CD_UF": 16,
        "NM_MUN": "Laranjal do Jari",
        "CD_MUN": 1600279,
        "CT_LOCALIDADE": "Localidade Indígena",
        "SCT_LOCALIDADE": "Outras Localidades Indígenas",
        "NM_RGINT": "Macapá",
        "CD_RGINT": 1601,
        "NM_RGI": "Laranjal do Jari",
        "CD_RGI": 160002,
        "LAT_LOCALIDADE": 1.04649996757507,
        "LONG_LOCALIDADE": -52.9026985168457,
        "CATEGORIA_MAPA": "Rural",
        "DIST_MUNICIPIO": 214.18,
        "DIST_INFOVIA": 227.28
      },
      "geometry": {
        "type": "Point",
        "coordinates": [
          -52.9027215,
          1.046536399965552
        ]
      }
    },
    {
      "type": "Feature",
      "properties": {
        "NM_LOCALIDADE": "Aldeia Indígena Jarupi",
        "CD_LOCALIDADE": 160027900020.0,
        "SIGLA_UF": "AP",
        "NM_UF": "Amapá",
        "CD_UF": 16,
        "NM_MUN": "Laranjal do Jari",
        "CD_MUN": 1600279,
        "CT_LOCALIDADE": "Localidade Indígena",
        "SCT_LOCALIDADE": "Outras Localidades Indígenas",
        "NM_RGINT": "Macapá",
        "CD_RGINT": 1601,
        "NM_RGI": "Laranjal do Jari",
        "CD_RGI": 160002,
        "LAT_LOCALIDADE": 1.02040004730225,
        "LONG_LOCALIDADE": -53.0353012084961,
        "CATEGORIA_MAPA": "Rural",
        "DIST_MUNICIPIO": 214.78,
        "DIST_INFOVIA": 237.13
      },
      "geometry": {
        "type": "Point",
        "coordinates": [
          -53.0353109,
          1.020403099966412
        ]
      }
    },
    {
      "type": "Feature",
      "properties": {
        "NM_LOCALIDADE": "Aldeia Indígena Jurapoko",
        "CD_LOCALIDADE": 160027900021.0,
        "SIGLA_UF": "AP",
        "NM_UF": "Amapá",
        "CD_UF": 16,
        "NM_MUN": "Laranjal do Jari",
        "CD_MUN": 1600279,
        "CT_LOCALIDADE": "Localidade Indígena",
        "SCT_LOCALIDADE": "Outras Localidades Indígenas",
        "NM_RGINT": "Macapá",
        "CD_RGINT": 1601,
        "NM_RGI": "Laranjal do Jari",
        "CD_RGI": 160002,
        "LAT_LOCALIDADE": 1.26890003681183,
        "LONG_LOCALIDADE": -53.0000991821289,
        "CATEGORIA_MAPA": "Rural",
        "DIST_MUNICIPIO": 240.63,
        "DIST_INFOVIA": 251.61
      },
      "geometry": {
        "type": "Point",
        "coordinates": [
          -53.0000897,
          1.268928399958236
        ]
      }
    },
    {
      "type": "Feature",
      "properties": {
        "NM_LOCALIDADE": "Aldeia Indígena Kurarakwerã",
        "CD_LOCALIDADE": 160027900022.0,
        "SIGLA_UF": "AP",
        "NM_UF": "Amapá",
        "CD_UF": 16,
        "NM_MUN": "Laranjal do Jari",
        "CD_MUN": 1600279,
        "CT_LOCALIDADE": "Localidade Indígena",
        "SCT_LOCALIDADE": "Outras Localidades Indígenas",
        "NM_RGINT": "Macapá",
        "CD_RGINT": 1601,
        "NM_RGI": "Laranjal do Jari",
        "CD_RGI": 160002,
        "LAT_LOCALIDADE": 1.38950002193451,
        "LONG_LOCALIDADE": -53.155200958252,
        "CATEGORIA_MAPA": "Rural",
        "DIST_MUNICIPIO": 257.9,
        "DIST_INFOVIA": 273.39
      },
      "geometry": {
        "type": "Point",
        "coordinates": [
          -53.15518860000001,
          1.389481399954271
        ]
      }
    },
    {
      "type": "Feature",
      "properties": {
        "NM_LOCALIDADE": "Aldeia Indígena Kwasigypykwarary",
        "CD_LOCALIDADE": 160027900023.0,
        "SIGLA_UF": "AP",
        "NM_UF": "Amapá",
        "CD_UF": 16,
        "NM_MUN": "Laranjal do Jari",
        "CD_MUN": 1600279,
        "CT_LOCALIDADE": "Localidade Indígena",
        "SCT_LOCALIDADE": "Outras Localidades Indígenas",
        "NM_RGINT": "Macapá",
        "CD_RGINT": 1601,
        "NM_RGI": "Laranjal do Jari",
        "CD_RGI": 160002,
        "LAT_LOCALIDADE": 1.03359997272491,
        "LONG_LOCALIDADE": -53.0285987854004,
        "CATEGORIA_MAPA": "Rural",
        "DIST_MUNICIPIO": 216.0,
        "DIST_INFOVIA": 237.41
      },
      "geometry": {
        "type": "Point",
        "coordinates": [
          -53.028612,
          1.033552799965979
        ]
      }
    },
    {
      "type": "Feature",
      "properties": {
        "NM_LOCALIDADE": "Aldeia Indígena Mukuru",
        "CD_LOCALIDADE": 160027900024.0,
        "SIGLA_UF": "AP",
        "NM_UF": "Amapá",
        "CD_UF": 16,
        "NM_MUN": "Laranjal do Jari",
        "CD_MUN": 1600279,
        "CT_LOCALIDADE": "Localidade Indígena",
        "SCT_LOCALIDADE": "Outras Localidades Indígenas",
        "NM_RGINT": "Macapá",
        "CD_RGINT": 1601,
        "NM_RGI": "Laranjal do Jari",
        "CD_RGI": 160002,
        "LAT_LOCALIDADE": 0.689400017261505,
        "LONG_LOCALIDADE": -53.1151008605957,
        "CATEGORIA_MAPA": "Rural",
        "DIST_MUNICIPIO": 182.6,
        "DIST_INFOVIA": 223.76
      },
      "geometry": {
        "type": "Point",
        "coordinates": [
          -53.1150837,
          0.689392199977305
        ]
      }
    },
    {
      "type": "Feature",
      "properties": {
        "NM_LOCALIDADE": "Aldeia Indígena Parakaruty",
        "CD_LOCALIDADE": 160027900025.0,
        "SIGLA_UF": "AP",
        "NM_UF": "Amapá",
        "CD_UF": 16,
        "NM_MUN": "Laranjal do Jari",
        "CD_MUN": 1600279,
        "CT_LOCALIDADE": "Localidade Indígena",
        "SCT_LOCALIDADE": "Outras Localidades Indígenas",
        "NM_RGINT": "Macapá",
        "CD_RGINT": 1601,
        "NM_RGI": "Laranjal do Jari",
        "CD_RGI": 160002,
        "LAT_LOCALIDADE": 1.47029995918274,
        "LONG_LOCALIDADE": -53.0559005737305,
        "CATEGORIA_MAPA": "Rural",
        "DIST_MUNICIPIO": 263.84,
        "DIST_INFOVIA": 271.37
      },
      "geometry": {
        "type": "Point",
        "coordinates": [
          -53.0559316,
          1.470266299951615
        ]
      }
    },
    {
      "type": "Feature",
      "properties": {
        "NM_LOCALIDADE": "Aldeia Indígena Pinotymiti",
        "CD_LOCALIDADE": 160027900026.0,
        "SIGLA_UF": "AP",
        "NM_UF": "Amapá",
        "CD_UF": 16,
        "NM_MUN": "Laranjal do Jari",
        "CD_MUN": 1600279,
        "CT_LOCALIDADE": "Localidade Indígena",
        "SCT_LOCALIDADE": "Outras Localidades Indígenas",
        "NM_RGINT": "Macapá",
        "CD_RGINT": 1601,
        "NM_RGI": "Laranjal do Jari",
        "CD_RGI": 160002,
        "LAT_LOCALIDADE": 1.25510001182556,
        "LONG_LOCALIDADE": -53.1941986083984,
        "CATEGORIA_MAPA": "Rural",
        "DIST_MUNICIPIO": 244.85,
        "DIST_INFOVIA": 267.05
      },
      "geometry": {
        "type": "Point",
        "coordinates": [
          -53.1941866388888,
          1.255106666585751
        ]
      }
    },
    {
      "type": "Feature",
      "properties": {
        "NM_LOCALIDADE": "Aldeia Indígena Taperyva'wyry",
        "CD_LOCALIDADE": 160027900027.0,
        "SIGLA_UF": "AP",
        "NM_UF": "Amapá",
        "CD_UF": 16,
        "NM_MUN": "Laranjal do Jari",
        "CD_MUN": 1600279,
        "CT_LOCALIDADE": "Localidade Indígena",
        "SCT_LOCALIDADE": "Outras Localidades Indígenas",
        "NM_RGINT": "Macapá",
        "CD_RGINT": 1601,
        "NM_RGI": "Laranjal do Jari",
        "CD_RGI": 160002,
        "LAT_LOCALIDADE": 1.00100004673004,
        "LONG_LOCALIDADE": -53.1403999328613,
        "CATEGORIA_MAPA": "Rural",
        "DIST_MUNICIPIO": 216.15,
        "DIST_INFOVIA": 245.4
      },
      "geometry": {
        "type": "Point",
        "coordinates": [
          -53.1403892,
          1.001023899967049
        ]
      }
    },
    {
      "type": "Feature",
      "properties": {
        "NM_LOCALIDADE": "Aldeia Indígena Tekoarenaa",
        "CD_LOCALIDADE": 160027900028.0,
        "SIGLA_UF": "AP",
        "NM_UF": "Amapá",
        "CD_UF": 16,
        "NM_MUN": "Laranjal do Jari",
        "CD_MUN": 1600279,
        "CT_LOCALIDADE": "Localidade Indígena",
        "SCT_LOCALIDADE": "Outras Localidades Indígenas",
        "NM_RGINT": "Macapá",
        "CD_RGINT": 1601,
        "NM_RGI": "Laranjal do Jari",
        "CD_RGI": 160002,
        "LAT_LOCALIDADE": 1.505499958992,
        "LONG_LOCALIDADE": -53.0740013122559,
        "CATEGORIA_MAPA": "Rural",
        "DIST_MUNICIPIO": 268.12,
        "DIST_INFOVIA": 275.54
      },
      "geometry": {
        "type": "Point",
        "coordinates": [
          -53.0739885,
          1.505528799950455
        ]
      }
    },
    {
      "type": "Feature",
      "properties": {
        "NM_LOCALIDADE": "Aldeia Indígena Ytapemiti",
        "CD_LOCALIDADE": 160027900029.0,
        "SIGLA_UF": "AP",
        "NM_UF": "Amapá",
        "CD_UF": 16,
        "NM_MUN": "Laranjal do Jari",
        "CD_MUN": 1600279,
        "CT_LOCALIDADE": "Localidade Indígena",
        "SCT_LOCALIDADE": "Outras Localidades Indígenas",
        "NM_RGINT": "Macapá",
        "CD_RGINT": 1601,
        "NM_RGI": "Laranjal do Jari",
        "CD_RGI": 160002,
        "LAT_LOCALIDADE": 0.705099999904633,
        "LONG_LOCALIDADE": -53.0999984741211,
        "CATEGORIA_MAPA": "Rural",
        "DIST_MUNICIPIO": 183.63,
        "DIST_INFOVIA": 223.56
      },
      "geometry": {
        "type": "Point",
        "coordinates": [
          -53.0999915,
          0.705078999976788
        ]
      }
    },
    {
      "type": "Feature",
      "properties": {
        "NM_LOCALIDADE": "Martins",
        "CD_LOCALIDADE": 160027900030.0,
        "SIGLA_UF": "AP",
        "NM_UF": "Amapá",
        "CD_UF": 16,
        "NM_MUN": "Laranjal do Jari",
        "CD_MUN": 1600279,
        "CT_LOCALIDADE": "Povoado",
        "SCT_LOCALIDADE": "",
        "NM_RGINT": "Macapá",
        "CD_RGINT": 1601,
        "NM_RGI": "Laranjal do Jari",
        "CD_RGI": 160002,
        "LAT_LOCALIDADE": -0.578999996185303,
        "LONG_LOCALIDADE": -52.2956008911133,
        "CATEGORIA_MAPA": "Rural",
        "DIST_MUNICIPIO": 38.4,
        "DIST_INFOVIA": 71.4
      },
      "geometry": {
        "type": "Point",
        "coordinates": [
          -52.295631768115896,
          -0.578957550705577
        ]
      }
    },
    {
      "type": "Feature",
      "properties": {
        "NM_LOCALIDADE": "Marinho",
        "CD_LOCALIDADE": 160027900031.0,
        "SIGLA_UF": "AP",
        "NM_UF": "Amapá",
        "CD_UF": 16,
        "NM_MUN": "Laranjal do Jari",
        "CD_MUN": 1600279,
        "CT_LOCALIDADE": "Outras Localidades",
        "SCT_LOCALIDADE": "",
        "NM_RGINT": "Macapá",
        "CD_RGINT": 1601,
        "NM_RGI": "Laranjal do Jari",
        "CD_RGI": 160002,
        "LAT_LOCALIDADE": -0.578599989414215,
        "LONG_LOCALIDADE": -52.2247009277344,
        "CATEGORIA_MAPA": "Rural",
        "DIST_MUNICIPIO": 43.96,
        "DIST_INFOVIA": 64.09
      },
      "geometry": {
        "type": "Point",
        "coordinates": [
          -52.2247356,
          -0.578589899980952
        ]
      }
    },
    {
      "type": "Feature",
      "properties": {
        "NM_LOCALIDADE": "Mangueiro",
        "CD_LOCALIDADE": 160027900032.0,
        "SIGLA_UF": "AP",
        "NM_UF": "Amapá",
        "CD_UF": 16,
        "NM_MUN": "Laranjal do Jari",
        "CD_MUN": 1600279,
        "CT_LOCALIDADE": "Outras Localidades",
        "SCT_LOCALIDADE": "",
        "NM_RGINT": "Macapá",
        "CD_RGINT": 1601,
        "NM_RGI": "Laranjal do Jari",
        "CD_RGI": 160002,
        "LAT_LOCALIDADE": -0.589100003242493,
        "LONG_LOCALIDADE": -52.1766014099121,
        "CATEGORIA_MAPA": "Rural",
        "DIST_MUNICIPIO": 47.39,
        "DIST_INFOVIA": 58.71
      },
      "geometry": {
        "type": "Point",
        "coordinates": [
          -52.1766241,
          -0.589066399980607
        ]
      }
    },
    {
      "type": "Feature",
      "properties": {
        "NM_LOCALIDADE": "Dona Maria do Cajari",
        "CD_LOCALIDADE": 160027900033.0,
        "SIGLA_UF": "AP",
        "NM_UF": "Amapá",
        "CD_UF": 16,
        "NM_MUN": "Laranjal do Jari",
        "CD_MUN": 1600279,
        "CT_LOCALIDADE": "Outras Localidades",
        "SCT_LOCALIDADE": "",
        "NM_RGINT": "Macapá",
        "CD_RGINT": 1601,
        "NM_RGI": "Laranjal do Jari",
        "CD_RGI": 160002,
        "LAT_LOCALIDADE": -0.585399985313416,
        "LONG_LOCALIDADE": -52.1565017700195,
        "CATEGORIA_MAPA": "Rural",
        "DIST_MUNICIPIO": 49.45,
        "DIST_INFOVIA": 56.84
      },
      "geometry": {
        "type": "Point",
        "coordinates": [
          -52.1564611,
          -0.585368099980729
        ]
      }
    },
    {
      "type": "Feature",
      "properties": {
        "NM_LOCALIDADE": "Santarém do Cajari",
        "CD_LOCALIDADE": 160027900034.0,
        "SIGLA_UF": "AP",
        "NM_UF": "Amapá",
        "CD_UF": 16,
        "NM_MUN": "Laranjal do Jari",
        "CD_MUN": 1600279,
        "CT_LOCALIDADE": "Outras Localidades",
        "SCT_LOCALIDADE": "",
        "NM_RGINT": "Macapá",
        "CD_RGINT": 1601,
        "NM_RGI": "Laranjal do Jari",
        "CD_RGI": 160002,
        "LAT_LOCALIDADE": -0.584500014781952,
        "LONG_LOCALIDADE": -52.1231002807617,
        "CATEGORIA_MAPA": "Rural",
        "DIST_MUNICIPIO": 52.59,
        "DIST_INFOVIA": 53.55
      },
      "geometry": {
        "type": "Point",
        "coordinates": [
          -52.1230882,
          -0.584450899980759
        ]
      }
    },
    {
      "type": "Feature",
      "properties": {
        "NM_LOCALIDADE": "São Pedro do Cajari",
        "CD_LOCALIDADE": 160027900035.0,
        "SIGLA_UF": "AP",
        "NM_UF": "Amapá",
        "CD_UF": 16,
        "NM_MUN": "Laranjal do Jari",
        "CD_MUN": 1600279,
        "CT_LOCALIDADE": "Outras Localidades",
        "SCT_LOCALIDADE": "",
        "NM_RGINT": "Macapá",
        "CD_RGINT": 1601,
        "NM_RGI": "Laranjal do Jari",
        "CD_RGI": 160002,
        "LAT_LOCALIDADE": -0.456999987363815,
        "LONG_LOCALIDADE": -52.0791015625,
        "CATEGORIA_MAPA": "Rural",
        "DIST_MUNICIPIO": 65.05,
        "DIST_INFOVIA": 56.25
      },
      "geometry": {
        "type": "Point",
        "coordinates": [
          -52.0790579,
          -0.457035399984953
        ]
      }
    },
    {
      "type": "Feature",
      "properties": {
        "NM_LOCALIDADE": "Comunidade Quilombola Boca do Braço",
        "CD_LOCALIDADE": 160027900036.0,
        "SIGLA_UF": "AP",
        "NM_UF": "Amapá",
        "CD_UF": 16,
        "NM_MUN": "Laranjal do Jari",
        "CD_MUN": 1600279,
        "CT_LOCALIDADE": "Localidade Quilombola",
        "SCT_LOCALIDADE": "Agrupamento Quilombola",
        "NM_RGINT": "Macapá",
        "CD_RGINT": 1601,
        "NM_RGI": "Laranjal do Jari",
        "CD_RGI": 160002,
        "LAT_LOCALIDADE": -0.608900010585785,
        "LONG_LOCALIDADE": -52.0602989196777,
        "CATEGORIA_MAPA": "Rural",
        "DIST_MUNICIPIO": 57.29,
        "DIST_INFOVIA": 46.09
      },
      "geometry": {
        "type": "Point",
        "coordinates": [
          -52.0602811481481,
          -0.608948814794766
        ]
      }
    },
    {
      "type": "Feature",
      "properties": {
        "NM_LOCALIDADE": "Comunidade Quilombola Ariramba",
        "CD_LOCALIDADE": 160027900037.0,
        "SIGLA_UF": "AP",
        "NM_UF": "Amapá",
        "CD_UF": 16,
        "NM_MUN": "Laranjal do Jari",
        "CD_MUN": 1600279,
        "CT_LOCALIDADE": "Localidade Quilombola",
        "SCT_LOCALIDADE": "Agrupamento Quilombola",
        "NM_RGINT": "Macapá",
        "CD_RGINT": 1601,
        "NM_RGI": "Laranjal do Jari",
        "CD_RGI": 160002,
        "LAT_LOCALIDADE": -0.68419998884201,
        "LONG_LOCALIDADE": -51.9954986572266,
        "CATEGORIA_MAPA": "Rural",
        "DIST_MUNICIPIO": 60.9,
        "DIST_INFOVIA": 36.06
      },
      "geometry": {
        "type": "Point",
        "coordinates": [
          -51.995543967741916,
          -0.684173516106508
        ]
      }
    },
    {
      "type": "Feature",
      "properties": {
        "NM_LOCALIDADE": "Comunidade Quilombola Fazendinha",
        "CD_LOCALIDADE": 160027900038.0,
        "SIGLA_UF": "AP",
        "NM_UF": "Amapá",
        "CD_UF": 16,
        "NM_MUN": "Laranjal do Jari",
        "CD_MUN": 1600279,
        "CT_LOCALIDADE": "Localidade Quilombola",
        "SCT_LOCALIDADE": "Agrupamento Quilombola",
        "NM_RGINT": "Macapá",
        "CD_RGINT": 1601,
        "NM_RGI": "Laranjal do Jari",
        "CD_RGI": 160002,
        "LAT_LOCALIDADE": -0.746999979019165,
        "LONG_LOCALIDADE": -51.9679985046387,
        "CATEGORIA_MAPA": "Rural",
        "DIST_MUNICIPIO": 62.29,
        "DIST_INFOVIA": 31.02
      },
      "geometry": {
        "type": "Point",
        "coordinates": [
          -51.96801679999999,
          -0.747013399975408
        ]
      }
    },
    {
      "type": "Feature",
      "properties": {
        "NM_LOCALIDADE": "Comunidade Quilombola Conceição do Muriacá",
        "CD_LOCALIDADE": 160027900039.0,
        "SIGLA_UF": "AP",
        "NM_UF": "Amapá",
        "CD_UF": 16,
        "NM_MUN": "Laranjal do Jari",
        "CD_MUN": 1600279,
        "CT_LOCALIDADE": "Localidade Quilombola",
        "SCT_LOCALIDADE": "Agrupamento Quilombola",
        "NM_RGINT": "Macapá",
        "CD_RGINT": 1601,
        "NM_RGI": "Laranjal do Jari",
        "CD_RGI": 160002,
        "LAT_LOCALIDADE": -0.862600028514862,
        "LONG_LOCALIDADE": -51.9626998901367,
        "CATEGORIA_MAPA": "Rural",
        "DIST_MUNICIPIO": 62.04,
        "DIST_INFOVIA": 29.07
      },
      "geometry": {
        "type": "Point",
        "coordinates": [
          -51.962669974358896,
          -0.862606282022886
        ]
      }
    },
    {
      "type": "Feature",
      "properties": {
        "NM_LOCALIDADE": "Comunidade Quilombola Terra Vermelha",
        "CD_LOCALIDADE": 160027900040.0,
        "SIGLA_UF": "AP",
        "NM_UF": "Amapá",
        "CD_UF": 16,
        "NM_MUN": "Laranjal do Jari",
        "CD_MUN": 1600279,
        "CT_LOCALIDADE": "Localidade Quilombola",
        "SCT_LOCALIDADE": "Outras Localidades Quilombolas",
        "NM_RGINT": "Macapá",
        "CD_RGINT": 1601,
        "NM_RGI": "Laranjal do Jari",
        "CD_RGI": 160002,
        "LAT_LOCALIDADE": -0.825699985027313,
        "LONG_LOCALIDADE": -51.9491996765137,
        "CATEGORIA_MAPA": "Rural",
        "DIST_MUNICIPIO": 63.51,
        "DIST_INFOVIA": 27.54
      },
      "geometry": {
        "type": "Point",
        "coordinates": [
          -51.9492198,
          -0.825685799972819
        ]
      }
    },
    {
      "type": "Feature",
      "properties": {
        "NM_LOCALIDADE": "Comunidade Quilombola Aturiá do Cajari",
        "CD_LOCALIDADE": 160027900041.0,
        "SIGLA_UF": "AP",
        "NM_UF": "Amapá",
        "CD_UF": 16,
        "NM_MUN": "Laranjal do Jari",
        "CD_MUN": 1600279,
        "CT_LOCALIDADE": "Localidade Quilombola",
        "SCT_LOCALIDADE": "Agrupamento Quilombola",
        "NM_RGINT": "Macapá",
        "CD_RGINT": 1601,
        "NM_RGI": "Laranjal do Jari",
        "CD_RGI": 160002,
        "LAT_LOCALIDADE": -0.751500010490417,
        "LONG_LOCALIDADE": -51.9476013183594,
        "CATEGORIA_MAPA": "Rural",
        "DIST_MUNICIPIO": 64.45,
        "DIST_INFOVIA": 28.69
      },
      "geometry": {
        "type": "Point",
        "coordinates": [
          -51.9475658461538,
          -0.751523692282952
        ]
      }
    },
    {
      "type": "Feature",
      "properties": {
        "NM_LOCALIDADE": "Poção",
        "CD_LOCALIDADE": 160027900042.0,
        "SIGLA_UF": "AP",
        "NM_UF": "Amapá",
        "CD_UF": 16,
        "NM_MUN": "Laranjal do Jari",
        "CD_MUN": 1600279,
        "CT_LOCALIDADE": "Outras Localidades",
        "SCT_LOCALIDADE": "",
        "NM_RGINT": "Macapá",
        "CD_RGINT": 1601,
        "NM_RGI": "Laranjal do Jari",
        "CD_RGI": 160002,
        "LAT_LOCALIDADE": -0.784300029277802,
        "LONG_LOCALIDADE": -51.9432983398438,
        "CATEGORIA_MAPA": "Rural",
        "DIST_MUNICIPIO": 64.46,
        "DIST_INFOVIA": 27.49
      },
      "geometry": {
        "type": "Point",
        "coordinates": [
          -51.943285,
          -0.784282399974182
        ]
      }
    },
    {
      "type": "Feature",
      "properties": {
        "NM_LOCALIDADE": "São Francisco do Iratapurú",
        "CD_LOCALIDADE": 160027900043.0,
        "SIGLA_UF": "AP",
        "NM_UF": "Amapá",
        "CD_UF": 16,
        "NM_MUN": "Laranjal do Jari",
        "CD_MUN": 1600279,
        "CT_LOCALIDADE": "Povoado",
        "SCT_LOCALIDADE": "",
        "NM_RGINT": "Macapá",
        "CD_RGINT": 1601,
        "NM_RGI": "Laranjal do Jari",
        "CD_RGI": 160002,
        "LAT_LOCALIDADE": -0.564000010490417,
        "LONG_LOCALIDADE": -52.5814018249512,
        "CATEGORIA_MAPA": "Rural",
        "DIST_MUNICIPIO": 31.57,
        "DIST_INFOVIA": 101.75
      },
      "geometry": {
        "type": "Point",
        "coordinates": [
          -52.5813663333333,
          -0.564009839981432
        ]
      }
    },
    {
      "type": "Feature",
      "properties": {
        "NM_LOCALIDADE": "Padaria",
        "CD_LOCALIDADE": 160027900044.0,
        "SIGLA_UF": "AP",
        "NM_UF": "Amapá",
        "CD_UF": 16,
        "NM_MUN": "Laranjal do Jari",
        "CD_MUN": 1600279,
        "CT_LOCALIDADE": "Povoado",
        "SCT_LOCALIDADE": "",
        "NM_RGINT": "Macapá",
        "CD_RGINT": 1601,
        "NM_RGI": "Laranjal do Jari",
        "CD_RGI": 160002,
        "LAT_LOCALIDADE": -0.709699988365173,
        "LONG_LOCALIDADE": -52.4957008361816,
        "CATEGORIA_MAPA": "Rural",
        "DIST_MUNICIPIO": 14.88,
        "DIST_INFOVIA": 84.16
      },
      "geometry": {
        "type": "Point",
        "coordinates": [
          -52.4957269871794,
          -0.709720230745866
        ]
      }
    },
    {
      "type": "Feature",
      "properties": {
        "NM_LOCALIDADE": "Cachoeira de Santo Antônio",
        "CD_LOCALIDADE": 160027900045.0,
        "SIGLA_UF": "AP",
        "NM_UF": "Amapá",
        "CD_UF": 16,
        "NM_MUN": "Laranjal do Jari",
        "CD_MUN": 1600279,
        "CT_LOCALIDADE": "Outras Localidades",
        "SCT_LOCALIDADE": "",
        "NM_RGINT": "Macapá",
        "CD_RGINT": 1601,
        "NM_RGI": "Laranjal do Jari",
        "CD_RGI": 160002,
        "LAT_LOCALIDADE": -0.653500020503998,
        "LONG_LOCALIDADE": -52.5071983337402,
        "CATEGORIA_MAPA": "Rural",
        "DIST_MUNICIPIO": 20.93,
        "DIST_INFOVIA": 89.03
      },
      "geometry": {
        "type": "Point",
        "coordinates": [
          -52.5072409,
          -0.653490699978487
        ]
      }
    },
    {
      "type": "Feature",
      "properties": {
        "NM_LOCALIDADE": "Açaizal",
        "CD_LOCALIDADE": 160027900046.0,
        "SIGLA_UF": "AP",
        "NM_UF": "Amapá",
        "CD_UF": 16,
        "NM_MUN": "Laranjal do Jari",
        "CD_MUN": 1600279,
        "CT_LOCALIDADE": "Outras Localidades",
        "SCT_LOCALIDADE": "",
        "NM_RGINT": "Macapá",
        "CD_RGINT": 1601,
        "NM_RGI": "Laranjal do Jari",
        "CD_RGI": 160002,
        "LAT_LOCALIDADE": -0.557900011539459,
        "LONG_LOCALIDADE": -52.2372016906738,
        "CATEGORIA_MAPA": "Rural",
        "DIST_MUNICIPIO": 44.53,
        "DIST_INFOVIA": 66.28
      },
      "geometry": {
        "type": "Point",
        "coordinates": [
          -52.2372437,
          -0.557868499981634
        ]
      }
    },
    {
      "type": "Feature",
      "properties": {
        "NM_LOCALIDADE": "Aldeia Indígena Watapuy",
        "CD_LOCALIDADE": 160027900047.0,
        "SIGLA_UF": "AP",
        "NM_UF": "Amapá",
        "CD_UF": 16,
        "NM_MUN": "Laranjal do Jari",
        "CD_MUN": 1600279,
        "CT_LOCALIDADE": "Localidade Indígena",
        "SCT_LOCALIDADE": "Outras Localidades Indígenas",
        "NM_RGINT": "Macapá",
        "CD_RGINT": 1601,
        "NM_RGI": "Laranjal do Jari",
        "CD_RGI": 160002,
        "LAT_LOCALIDADE": 0.971499979496002,
        "LONG_LOCALIDADE": -53.1096992492676,
        "CATEGORIA_MAPA": "Rural",
        "DIST_MUNICIPIO": 211.96,
        "DIST_INFOVIA": 240.73
      },
      "geometry": {
        "type": "Point",
        "coordinates": [
          -53.109738,
          0.971468699968022
        ]
      }
    },
    {
      "type": "Feature",
      "properties": {
        "NM_LOCALIDADE": "Comunidade Quilombola Abacate da Pedreira",
        "CD_LOCALIDADE": 160030300002.0,
        "SIGLA_UF": "AP",
        "NM_UF": "Amapá",
        "CD_UF": 16,
        "NM_MUN": "Macapá",
        "CD_MUN": 1600303,
        "CT_LOCALIDADE": "Localidade Quilombola",
        "SCT_LOCALIDADE": "Agrupamento Quilombola",
        "NM_RGINT": "Macapá",
        "CD_RGINT": 1601,
        "NM_RGI": "Macapá",
        "CD_RGI": 160001,
        "LAT_LOCALIDADE": 0.270599991083145,
        "LONG_LOCALIDADE": -50.9137992858887,
        "CATEGORIA_MAPA": "Rural",
        "DIST_MUNICIPIO": 30.14,
        "DIST_INFOVIA": 30.2
      },
      "geometry": {
        "type": "Point",
        "coordinates": [
          -50.9137996685714,
          0.270611108562519
        ]
      }
    },
    {
      "type": "Feature",
      "properties": {
        "NM_LOCALIDADE": "Comunidade Quilombola Abacate da Pedreira",
        "CD_LOCALIDADE": 160030300002.0,
        "SIGLA_UF": "AP",
        "NM_UF": "Amapá",
        "CD_UF": 16,
        "NM_MUN": "Macapá",
        "CD_MUN": 1600303,
        "CT_LOCALIDADE": "Povoado",
        "SCT_LOCALIDADE": "",
        "NM_RGINT": "Macapá",
        "CD_RGINT": 1601,
        "NM_RGI": "Macapá",
        "CD_RGI": 160001,
        "LAT_LOCALIDADE": 0.270599991083145,
        "LONG_LOCALIDADE": -50.9137992858887,
        "CATEGORIA_MAPA": "Rural",
        "DIST_MUNICIPIO": 30.14,
        "DIST_INFOVIA": 30.2
      },
      "geometry": {
        "type": "Point",
        "coordinates": [
          -50.9137996685714,
          0.270611108562519
        ]
      }
    },
    {
      "type": "Feature",
      "properties": {
        "NM_LOCALIDADE": "Garimpo de São Tomé",
        "CD_LOCALIDADE": 160030300003.0,
        "SIGLA_UF": "AP",
        "NM_UF": "Amapá",
        "CD_UF": 16,
        "NM_MUN": "Macapá",
        "CD_MUN": 1600303,
        "CT_LOCALIDADE": "Povoado",
        "SCT_LOCALIDADE": "",
        "NM_RGINT": "Macapá",
        "CD_RGINT": 1601,
        "NM_RGI": "Macapá",
        "CD_RGI": 160001,
        "LAT_LOCALIDADE": 0.778800010681152,
        "LONG_LOCALIDADE": -50.6873016357422,
        "CATEGORIA_MAPA": "Rural",
        "DIST_MUNICIPIO": 91.81,
        "DIST_INFOVIA": 91.9
      },
      "geometry": {
        "type": "Point",
        "coordinates": [
          -50.6873254285714,
          0.778829840310495
        ]
      }
    },
    {
      "type": "Feature",
      "properties": {
        "NM_LOCALIDADE": "Itamatatuba",
        "CD_LOCALIDADE": 160030300004.0,
        "SIGLA_UF": "AP",
        "NM_UF": "Amapá",
        "CD_UF": 16,
        "NM_MUN": "Macapá",
        "CD_MUN": 1600303,
        "CT_LOCALIDADE": "Povoado",
        "SCT_LOCALIDADE": "",
        "NM_RGINT": "Macapá",
        "CD_RGINT": 1601,
        "NM_RGI": "Macapá",
        "CD_RGI": 160001,
        "LAT_LOCALIDADE": 0.758800029754639,
        "LONG_LOCALIDADE": -50.2864990234375,
        "CATEGORIA_MAPA": "Rural",
        "DIST_MUNICIPIO": 117.14,
        "DIST_INFOVIA": 115.79
      },
      "geometry": {
        "type": "Point",
        "coordinates": [
          -50.2865297384615,
          0.758826792282712
        ]
      }
    },
    {
      "type": "Feature",
      "properties": {
        "NM_LOCALIDADE": "Ponta Grossa",
        "CD_LOCALIDADE": 160030300005.0,
        "SIGLA_UF": "AP",
        "NM_UF": "Amapá",
        "CD_UF": 16,
        "NM_MUN": "Macapá",
        "CD_MUN": 1600303,
        "CT_LOCALIDADE": "Povoado",
        "SCT_LOCALIDADE": "",
        "NM_RGINT": "Macapá",
        "CD_RGINT": 1601,
        "NM_RGI": "Macapá",
        "CD_RGI": 160001,
        "LAT_LOCALIDADE": 0.718800008296967,
        "LONG_LOCALIDADE": -50.796501159668,
        "CATEGORIA_MAPA": "Rural",
        "DIST_MUNICIPIO": 80.79,
        "DIST_INFOVIA": 80.9
      },
      "geometry": {
        "type": "Point",
        "coordinates": [
          -50.796500186046515,
          0.71883105811587
        ]
      }
    },
    {
      "type": "Feature",
      "properties": {
        "NM_LOCALIDADE": "Santa Luzia do Pacuí",
        "CD_LOCALIDADE": 160030300006.0,
        "SIGLA_UF": "AP",
        "NM_UF": "Amapá",
        "CD_UF": 16,
        "NM_MUN": "Macapá",
        "CD_MUN": 1600303,
        "CT_LOCALIDADE": "Povoado",
        "SCT_LOCALIDADE": "",
        "NM_RGINT": "Macapá",
        "CD_RGINT": 1601,
        "NM_RGI": "Macapá",
        "CD_RGI": 160001,
        "LAT_LOCALIDADE": 0.848699986934662,
        "LONG_LOCALIDADE": -50.6618995666504,
        "CATEGORIA_MAPA": "Rural",
        "DIST_MUNICIPIO": 100.02,
        "DIST_INFOVIA": 100.11
      },
      "geometry": {
        "type": "Point",
        "coordinates": [
          -50.6618624556451,
          0.848651528197869
        ]
      }
    },
    {
      "type": "Feature",
      "properties": {
        "NM_LOCALIDADE": "São Tomé do Pacuí",
        "CD_LOCALIDADE": 160030300009.0,
        "SIGLA_UF": "AP",
        "NM_UF": "Amapá",
        "CD_UF": 16,
        "NM_MUN": "Macapá",
        "CD_MUN": 1600303,
        "CT_LOCALIDADE": "Povoado",
        "SCT_LOCALIDADE": "",
        "NM_RGINT": "Macapá",
        "CD_RGINT": 1601,
        "NM_RGI": "Macapá",
        "CD_RGI": 160001,
        "LAT_LOCALIDADE": 0.827400028705597,
        "LONG_LOCALIDADE": -50.6299018859863,
        "CATEGORIA_MAPA": "Rural",
        "DIST_MUNICIPIO": 99.55,
        "DIST_INFOVIA": 99.63
      },
      "geometry": {
        "type": "Point",
        "coordinates": [
          -50.6299130232558,
          0.82741231780222
        ]
      }
    },
    {
      "type": "Feature",
      "properties": {
        "NM_LOCALIDADE": "Corre Água",
        "CD_LOCALIDADE": 160030300010.0,
        "SIGLA_UF": "AP",
        "NM_UF": "Amapá",
        "CD_UF": 16,
        "NM_MUN": "Macapá",
        "CD_MUN": 1600303,
        "CT_LOCALIDADE": "Povoado",
        "SCT_LOCALIDADE": "",
        "NM_RGINT": "Macapá",
        "CD_RGINT": 1601,
        "NM_RGI": "Macapá",
        "CD_RGI": 160001,
        "LAT_LOCALIDADE": 0.752799987792969,
        "LONG_LOCALIDADE": -50.8246994018555,
        "CATEGORIA_MAPA": "Rural",
        "DIST_MUNICIPIO": 83.29,
        "DIST_INFOVIA": 83.41
      },
      "geometry": {
        "type": "Point",
        "coordinates": [
          -50.82470507755099,
          0.752772208138484
        ]
      }
    },
    {
      "type": "Feature",
      "properties": {
        "NM_LOCALIDADE": "Tracajatuba I",
        "CD_LOCALIDADE": 160030300011.0,
        "SIGLA_UF": "AP",
        "NM_UF": "Amapá",
        "CD_UF": 16,
        "NM_MUN": "Macapá",
        "CD_MUN": 1600303,
        "CT_LOCALIDADE": "Povoado",
        "SCT_LOCALIDADE": "",
        "NM_RGINT": "Macapá",
        "CD_RGINT": 1601,
        "NM_RGI": "Macapá",
        "CD_RGI": 160001,
        "LAT_LOCALIDADE": 0.722800016403198,
        "LONG_LOCALIDADE": -50.7084007263184,
        "CATEGORIA_MAPA": "Rural",
        "DIST_MUNICIPIO": 85.19,
        "DIST_INFOVIA": 85.28
      },
      "geometry": {
        "type": "Point",
        "coordinates": [
          -50.7084263823529,
          0.722837670564439
        ]
      }
    },
    {
      "type": "Feature",
      "properties": {
        "NM_LOCALIDADE": "Comunidade Quilombola Santo Antônio da Pedreira",
        "CD_LOCALIDADE": 160030300014.0,
        "SIGLA_UF": "AP",
        "NM_UF": "Amapá",
        "CD_UF": 16,
        "NM_MUN": "Macapá",
        "CD_MUN": 1600303,
        "CT_LOCALIDADE": "Povoado",
        "SCT_LOCALIDADE": "",
        "NM_RGINT": "Macapá",
        "CD_RGINT": 1601,
        "NM_RGI": "Macapá",
        "CD_RGI": 160001,
        "LAT_LOCALIDADE": 0.338099986314774,
        "LONG_LOCALIDADE": -50.8736000061035,
        "CATEGORIA_MAPA": "Rural",
        "DIST_MUNICIPIO": 38.87,
        "DIST_INFOVIA": 38.94
      },
      "geometry": {
        "type": "Point",
        "coordinates": [
          -50.8735827549669,
          0.338105251644497
        ]
      }
    },
    {
      "type": "Feature",
      "properties": {
        "NM_LOCALIDADE": "Comunidade Quilombola Santo Antônio da Pedreira",
        "CD_LOCALIDADE": 160030300014.0,
        "SIGLA_UF": "AP",
        "NM_UF": "Amapá",
        "CD_UF": 16,
        "NM_MUN": "Macapá",
        "CD_MUN": 1600303,
        "CT_LOCALIDADE": "Localidade Quilombola",
        "SCT_LOCALIDADE": "Agrupamento Quilombola",
        "NM_RGINT": "Macapá",
        "CD_RGINT": 1601,
        "NM_RGI": "Macapá",
        "CD_RGI": 160001,
        "LAT_LOCALIDADE": 0.338099986314774,
        "LONG_LOCALIDADE": -50.8736000061035,
        "CATEGORIA_MAPA": "Rural",
        "DIST_MUNICIPIO": 38.87,
        "DIST_INFOVIA": 38.94
      },
      "geometry": {
        "type": "Point",
        "coordinates": [
          -50.8735827549669,
          0.338105251644497
        ]
      }
    },
    {
      "type": "Feature",
      "properties": {
        "NM_LOCALIDADE": "Limão do Curuá",
        "CD_LOCALIDADE": 160030300016.0,
        "SIGLA_UF": "AP",
        "NM_UF": "Amapá",
        "CD_UF": 16,
        "NM_MUN": "Macapá",
        "CD_MUN": 1600303,
        "CT_LOCALIDADE": "Povoado",
        "SCT_LOCALIDADE": "",
        "NM_RGINT": "Macapá",
        "CD_RGINT": 1601,
        "NM_RGI": "Macapá",
        "CD_RGI": 160001,
        "LAT_LOCALIDADE": 0.762799978256226,
        "LONG_LOCALIDADE": -50.1697998046875,
        "CATEGORIA_MAPA": "Rural",
        "DIST_MUNICIPIO": 127.22,
        "DIST_INFOVIA": 125.41
      },
      "geometry": {
        "type": "Point",
        "coordinates": [
          -50.1698379433961,
          0.762762150918284
        ]
      }
    },
    {
      "type": "Feature",
      "properties": {
        "NM_LOCALIDADE": "Buritizal",
        "CD_LOCALIDADE": 160030300017.0,
        "SIGLA_UF": "AP",
        "NM_UF": "Amapá",
        "CD_UF": 16,
        "NM_MUN": "Macapá",
        "CD_MUN": 1600303,
        "CT_LOCALIDADE": "Povoado",
        "SCT_LOCALIDADE": "",
        "NM_RGINT": "Macapá",
        "CD_RGINT": 1601,
        "NM_RGI": "Macapá",
        "CD_RGI": 160001,
        "LAT_LOCALIDADE": 0.870899975299835,
        "LONG_LOCALIDADE": -50.092601776123,
        "CATEGORIA_MAPA": "Rural",
        "DIST_MUNICIPIO": 141.53,
        "DIST_INFOVIA": 139.88
      },
      "geometry": {
        "type": "Point",
        "coordinates": [
          -50.0925507446808,
          0.870917957418139
        ]
      }
    },
    {
      "type": "Feature",
      "properties": {
        "NM_LOCALIDADE": "Igarapé Grande do Curuá",
        "CD_LOCALIDADE": 160030300019.0,
        "SIGLA_UF": "AP",
        "NM_UF": "Amapá",
        "CD_UF": 16,
        "NM_MUN": "Macapá",
        "CD_MUN": 1600303,
        "CT_LOCALIDADE": "Povoado",
        "SCT_LOCALIDADE": "",
        "NM_RGINT": "Macapá",
        "CD_RGINT": 1601,
        "NM_RGI": "Macapá",
        "CD_RGI": 160001,
        "LAT_LOCALIDADE": 0.764400005340576,
        "LONG_LOCALIDADE": -50.1221008300781,
        "CATEGORIA_MAPA": "Rural",
        "DIST_MUNICIPIO": 131.49,
        "DIST_INFOVIA": 129.51
      },
      "geometry": {
        "type": "Point",
        "coordinates": [
          -50.1221459661016,
          0.764410203364666
        ]
      }
    },
    {
      "type": "Feature",
      "properties": {
        "NM_LOCALIDADE": "Macedônia",
        "CD_LOCALIDADE": 160030300020.0,
        "SIGLA_UF": "AP",
        "NM_UF": "Amapá",
        "CD_UF": 16,
        "NM_MUN": "Macapá",
        "CD_MUN": 1600303,
        "CT_LOCALIDADE": "Povoado",
        "SCT_LOCALIDADE": "",
        "NM_RGINT": "Macapá",
        "CD_RGINT": 1601,
        "NM_RGI": "Macapá",
        "CD_RGI": 160001,
        "LAT_LOCALIDADE": 0.877699971199036,
        "LONG_LOCALIDADE": -50.0479011535645,
        "CATEGORIA_MAPA": "Rural",
        "DIST_MUNICIPIO": 145.81,
        "DIST_INFOVIA": 144.03
      },
      "geometry": {
        "type": "Point",
        "coordinates": [
          -50.0478704683544,
          0.877666512629335
        ]
      }
    },
    {
      "type": "Feature",
      "properties": {
        "NM_LOCALIDADE": "Freguesia",
        "CD_LOCALIDADE": 160030300021.0,
        "SIGLA_UF": "AP",
        "NM_UF": "Amapá",
        "CD_UF": 16,
        "NM_MUN": "Macapá",
        "CD_MUN": 1600303,
        "CT_LOCALIDADE": "Povoado",
        "SCT_LOCALIDADE": "",
        "NM_RGINT": "Macapá",
        "CD_RGINT": 1601,
        "NM_RGI": "Macapá",
        "CD_RGI": 160001,
        "LAT_LOCALIDADE": 0.970099985599518,
        "LONG_LOCALIDADE": -49.9949989318848,
        "CATEGORIA_MAPA": "Rural",
        "DIST_MUNICIPIO": 156.95,
        "DIST_INFOVIA": 155.34
      },
      "geometry": {
        "type": "Point",
        "coordinates": [
          -49.994970352941,
          0.970067274477871
        ]
      }
    },
    {
      "type": "Feature",
      "properties": {
        "NM_LOCALIDADE": "Vila do Trem",
        "CD_LOCALIDADE": 160030300032.0,
        "SIGLA_UF": "AP",
        "NM_UF": "Amapá",
        "CD_UF": 16,
        "NM_MUN": "Macapá",
        "CD_MUN": 1600303,
        "CT_LOCALIDADE": "Povoado",
        "SCT_LOCALIDADE": "",
        "NM_RGINT": "Macapá",
        "CD_RGINT": 1601,
        "NM_RGI": "Macapá",
        "CD_RGI": 160001,
        "LAT_LOCALIDADE": 0.12049999833107,
        "LONG_LOCALIDADE": -51.1311988830566,
        "CATEGORIA_MAPA": "Rural",
        "DIST_MUNICIPIO": 12.09,
        "DIST_INFOVIA": 12.32
      },
      "geometry": {
        "type": "Point",
        "coordinates": [
          -51.13123035326079,
          0.120485576082989
        ]
      }
    },
    {
      "type": "Feature",
      "properties": {
        "NM_LOCALIDADE": "Comunidade Quilombola Curralinho",
        "CD_LOCALIDADE": 160030300033.0,
        "SIGLA_UF": "AP",
        "NM_UF": "Amapá",
        "CD_UF": 16,
        "NM_MUN": "Macapá",
        "CD_MUN": 1600303,
        "CT_LOCALIDADE": "Localidade Quilombola",
        "SCT_LOCALIDADE": "Agrupamento Quilombola",
        "NM_RGINT": "Macapá",
        "CD_RGINT": 1601,
        "NM_RGI": "Macapá",
        "CD_RGI": 160001,
        "LAT_LOCALIDADE": 0.1233000010252,
        "LONG_LOCALIDADE": -51.1129989624023,
        "CATEGORIA_MAPA": "Rural",
        "DIST_MUNICIPIO": 11.07,
        "DIST_INFOVIA": 11.3
      },
      "geometry": {
        "type": "Point",
        "coordinates": [
          -51.1129837166666,
          0.12327362499594
        ]
      }
    },
    {
      "type": "Feature",
      "properties": {
        "NM_LOCALIDADE": "Comunidade Quilombola Curralinho",
        "CD_LOCALIDADE": 160030300033.0,
        "SIGLA_UF": "AP",
        "NM_UF": "Amapá",
        "CD_UF": 16,
        "NM_MUN": "Macapá",
        "CD_MUN": 1600303,
        "CT_LOCALIDADE": "Povoado",
        "SCT_LOCALIDADE": "",
        "NM_RGINT": "Macapá",
        "CD_RGINT": 1601,
        "NM_RGI": "Macapá",
        "CD_RGI": 160001,
        "LAT_LOCALIDADE": 0.1233000010252,
        "LONG_LOCALIDADE": -51.1129989624023,
        "CATEGORIA_MAPA": "Rural",
        "DIST_MUNICIPIO": 11.07,
        "DIST_INFOVIA": 11.3
      },
      "geometry": {
        "type": "Point",
        "coordinates": [
          -51.1129837166666,
          0.12327362499594
        ]
      }
    },
    {
      "type": "Feature",
      "properties": {
        "NM_LOCALIDADE": "Comunidade Quilombola Ilha Redonda",
        "CD_LOCALIDADE": 160030300034.0,
        "SIGLA_UF": "AP",
        "NM_UF": "Amapá",
        "CD_UF": 16,
        "NM_MUN": "Macapá",
        "CD_MUN": 1600303,
        "CT_LOCALIDADE": "Povoado",
        "SCT_LOCALIDADE": "",
        "NM_RGINT": "Macapá",
        "CD_RGINT": 1601,
        "NM_RGI": "Macapá",
        "CD_RGI": 160001,
        "LAT_LOCALIDADE": 0.141499996185303,
        "LONG_LOCALIDADE": -51.1463012695312,
        "CATEGORIA_MAPA": "Rural",
        "DIST_MUNICIPIO": 14.94,
        "DIST_INFOVIA": 15.18
      },
      "geometry": {
        "type": "Point",
        "coordinates": [
          -51.1462913197278,
          0.141504285709626
        ]
      }
    },
    {
      "type": "Feature",
      "properties": {
        "NM_LOCALIDADE": "Comunidade Quilombola Ilha Redonda",
        "CD_LOCALIDADE": 160030300034.0,
        "SIGLA_UF": "AP",
        "NM_UF": "Amapá",
        "CD_UF": 16,
        "NM_MUN": "Macapá",
        "CD_MUN": 1600303,
        "CT_LOCALIDADE": "Localidade Quilombola",
        "SCT_LOCALIDADE": "Agrupamento Quilombola",
        "NM_RGINT": "Macapá",
        "CD_RGINT": 1601,
        "NM_RGI": "Macapá",
        "CD_RGI": 160001,
        "LAT_LOCALIDADE": 0.141499996185303,
        "LONG_LOCALIDADE": -51.1463012695312,
        "CATEGORIA_MAPA": "Rural",
        "DIST_MUNICIPIO": 14.94,
        "DIST_INFOVIA": 15.18
      },
      "geometry": {
        "type": "Point",
        "coordinates": [
          -51.1462913197278,
          0.141504285709626
        ]
      }
    },
    {
      "type": "Feature",
      "properties": {
        "NM_LOCALIDADE": "Comunidade Quilombola Torrão do Matapi",
        "CD_LOCALIDADE": 160030300035.0,
        "SIGLA_UF": "AP",
        "NM_UF": "Amapá",
        "CD_UF": 16,
        "NM_MUN": "Macapá",
        "CD_MUN": 1600303,
        "CT_LOCALIDADE": "Localidade Quilombola",
        "SCT_LOCALIDADE": "Agrupamento Quilombola",
        "NM_RGINT": "Macapá",
        "CD_RGINT": 1601,
        "NM_RGI": "Macapá",
        "CD_RGI": 160001,
        "LAT_LOCALIDADE": 0.232999995350838,
        "LONG_LOCALIDADE": -51.1861000061035,
        "CATEGORIA_MAPA": "Rural",
        "DIST_MUNICIPIO": 25.73,
        "DIST_INFOVIA": 25.97
      },
      "geometry": {
        "type": "Point",
        "coordinates": [
          -51.186084875,
          0.233030453117328
        ]
      }
    },
    {
      "type": "Feature",
      "properties": {
        "NM_LOCALIDADE": "Comunidade Quilombola Torrão do Matapi",
        "CD_LOCALIDADE": 160030300035.0,
        "SIGLA_UF": "AP",
        "NM_UF": "Amapá",
        "CD_UF": 16,
        "NM_MUN": "Macapá",
        "CD_MUN": 1600303,
        "CT_LOCALIDADE": "Povoado",
        "SCT_LOCALIDADE": "",
        "NM_RGINT": "Macapá",
        "CD_RGINT": 1601,
        "NM_RGI": "Macapá",
        "CD_RGI": 160001,
        "LAT_LOCALIDADE": 0.232999995350838,
        "LONG_LOCALIDADE": -51.1861000061035,
        "CATEGORIA_MAPA": "Rural",
        "DIST_MUNICIPIO": 25.73,
        "DIST_INFOVIA": 25.97
      },
      "geometry": {
        "type": "Point",
        "coordinates": [
          -51.186084875,
          0.233030453117328
        ]
      }
    },
    {
      "type": "Feature",
      "properties": {
        "NM_LOCALIDADE": "Comunidade Quilombola Carmo do Maruanum",
        "CD_LOCALIDADE": 160030300036.0,
        "SIGLA_UF": "AP",
        "NM_UF": "Amapá",
        "CD_UF": 16,
        "NM_MUN": "Macapá",
        "CD_MUN": 1600303,
        "CT_LOCALIDADE": "Povoado",
        "SCT_LOCALIDADE": "",
        "NM_RGINT": "Macapá",
        "CD_RGINT": 1601,
        "NM_RGI": "Macapá",
        "CD_RGI": 160001,
        "LAT_LOCALIDADE": 0.0540000014007092,
        "LONG_LOCALIDADE": -51.059700012207,
        "CATEGORIA_MAPA": "Rural",
        "DIST_MUNICIPIO": 1.49,
        "DIST_INFOVIA": 1.7
      },
      "geometry": {
        "type": "Point",
        "coordinates": [
          -51.0596678327186,
          0.053982860993978
        ]
      }
    },
    {
      "type": "Feature",
      "properties": {
        "NM_LOCALIDADE": "Comunidade Quilombola Carmo do Maruanum",
        "CD_LOCALIDADE": 160030300036.0,
        "SIGLA_UF": "AP",
        "NM_UF": "Amapá",
        "CD_UF": 16,
        "NM_MUN": "Macapá",
        "CD_MUN": 1600303,
        "CT_LOCALIDADE": "Localidade Quilombola",
        "SCT_LOCALIDADE": "Agrupamento Quilombola",
        "NM_RGINT": "Macapá",
        "CD_RGINT": 1601,
        "NM_RGI": "Macapá",
        "CD_RGI": 160001,
        "LAT_LOCALIDADE": 0.0540000014007092,
        "LONG_LOCALIDADE": -51.059700012207,
        "CATEGORIA_MAPA": "Rural",
        "DIST_MUNICIPIO": 1.49,
        "DIST_INFOVIA": 1.7
      },
      "geometry": {
        "type": "Point",
        "coordinates": [
          -51.0596678327186,
          0.053982860993978
        ]
      }
    },
    {
      "type": "Feature",
      "properties": {
        "NM_LOCALIDADE": "Comunidade Quilombola Lontra da Pedreira",
        "CD_LOCALIDADE": 160030300037.0,
        "SIGLA_UF": "AP",
        "NM_UF": "Amapá",
        "CD_UF": 16,
        "NM_MUN": "Macapá",
        "CD_MUN": 1600303,
        "CT_LOCALIDADE": "Povoado",
        "SCT_LOCALIDADE": "",
        "NM_RGINT": "Macapá",
        "CD_RGINT": 1601,
        "NM_RGI": "Macapá",
        "CD_RGI": 160001,
        "LAT_LOCALIDADE": 0.300300002098083,
        "LONG_LOCALIDADE": -50.8671989440918,
        "CATEGORIA_MAPA": "Rural",
        "DIST_MUNICIPIO": 35.78,
        "DIST_INFOVIA": 35.76
      },
      "geometry": {
        "type": "Point",
        "coordinates": [
          -50.867167955056104,
          0.300320264035055
        ]
      }
    },
    {
      "type": "Feature",
      "properties": {
        "NM_LOCALIDADE": "Comunidade Quilombola Ressaca da Pedreira",
        "CD_LOCALIDADE": 160030300038.0,
        "SIGLA_UF": "AP",
        "NM_UF": "Amapá",
        "CD_UF": 16,
        "NM_MUN": "Macapá",
        "CD_MUN": 1600303,
        "CT_LOCALIDADE": "Localidade Quilombola",
        "SCT_LOCALIDADE": "Agrupamento Quilombola",
        "NM_RGINT": "Macapá",
        "CD_RGINT": 1601,
        "NM_RGI": "Macapá",
        "CD_RGI": 160001,
        "LAT_LOCALIDADE": 0.243599995970726,
        "LONG_LOCALIDADE": -50.9600982666016,
        "CATEGORIA_MAPA": "Rural",
        "DIST_MUNICIPIO": 25.01,
        "DIST_INFOVIA": 25.1
      },
      "geometry": {
        "type": "Point",
        "coordinates": [
          -50.96009911920531,
          0.243576059594629
        ]
      }
    },
    {
      "type": "Feature",
      "properties": {
        "NM_LOCALIDADE": "Comunidade Quilombola Ressaca da Pedreira",
        "CD_LOCALIDADE": 160030300038.0,
        "SIGLA_UF": "AP",
        "NM_UF": "Amapá",
        "CD_UF": 16,
        "NM_MUN": "Macapá",
        "CD_MUN": 1600303,
        "CT_LOCALIDADE": "Povoado",
        "SCT_LOCALIDADE": "",
        "NM_RGINT": "Macapá",
        "CD_RGINT": 1601,
        "NM_RGI": "Macapá",
        "CD_RGI": 160001,
        "LAT_LOCALIDADE": 0.243599995970726,
        "LONG_LOCALIDADE": -50.9600982666016,
        "CATEGORIA_MAPA": "Rural",
        "DIST_MUNICIPIO": 25.01,
        "DIST_INFOVIA": 25.1
      },
      "geometry": {
        "type": "Point",
        "coordinates": [
          -50.96009911920531,
          0.243576059594629
        ]
      }
    },
    {
      "type": "Feature",
      "properties": {
        "NM_LOCALIDADE": "Comunidade Quilombola do Curiaú",
        "CD_LOCALIDADE": 160030300039.0,
        "SIGLA_UF": "AP",
        "NM_UF": "Amapá",
        "CD_UF": 16,
        "NM_MUN": "Macapá",
        "CD_MUN": 1600303,
        "CT_LOCALIDADE": "Povoado",
        "SCT_LOCALIDADE": "",
        "NM_RGINT": "Macapá",
        "CD_RGINT": 1601,
        "NM_RGI": "Macapá",
        "CD_RGI": 160001,
        "LAT_LOCALIDADE": 0.113899998366833,
        "LONG_LOCALIDADE": -51.0569000244141,
        "CATEGORIA_MAPA": "Rural",
        "DIST_MUNICIPIO": 8.14,
        "DIST_INFOVIA": 8.31
      },
      "geometry": {
        "type": "Point",
        "coordinates": [
          -51.0569479783951,
          0.113904970160858
        ]
      }
    },
    {
      "type": "Feature",
      "properties": {
        "NM_LOCALIDADE": "Comunidade Quilombola do Curiaú",
        "CD_LOCALIDADE": 160030300039.0,
        "SIGLA_UF": "AP",
        "NM_UF": "Amapá",
        "CD_UF": 16,
        "NM_MUN": "Macapá",
        "CD_MUN": 1600303,
        "CT_LOCALIDADE": "Localidade Quilombola",
        "SCT_LOCALIDADE": "Agrupamento Quilombola",
        "NM_RGINT": "Macapá",
        "CD_RGINT": 1601,
        "NM_RGI": "Macapá",
        "CD_RGI": 160001,
        "LAT_LOCALIDADE": 0.113899998366833,
        "LONG_LOCALIDADE": -51.0569000244141,
        "CATEGORIA_MAPA": "Rural",
        "DIST_MUNICIPIO": 8.14,
        "DIST_INFOVIA": 8.31
      },
      "geometry": {
        "type": "Point",
        "coordinates": [
          -51.0569479783951,
          0.113904970160858
        ]
      }
    },
    {
      "type": "Feature",
      "properties": {
        "NM_LOCALIDADE": "Franco Grande",
        "CD_LOCALIDADE": 160030300040.0,
        "SIGLA_UF": "AP",
        "NM_UF": "Amapá",
        "CD_UF": 16,
        "NM_MUN": "Macapá",
        "CD_MUN": 1600303,
        "CT_LOCALIDADE": "Povoado",
        "SCT_LOCALIDADE": "",
        "NM_RGINT": "Macapá",
        "CD_RGINT": 1601,
        "NM_RGI": "Macapá",
        "CD_RGI": 160001,
        "LAT_LOCALIDADE": 0.936200022697449,
        "LONG_LOCALIDADE": -50.040699005127,
        "CATEGORIA_MAPA": "Rural",
        "DIST_MUNICIPIO": 150.65,
        "DIST_INFOVIA": 149.07
      },
      "geometry": {
        "type": "Point",
        "coordinates": [
          -50.0406546276595,
          0.936241478692585
        ]
      }
    },
    {
      "type": "Feature",
      "properties": {
        "NM_LOCALIDADE": "Igarapé do Meio",
        "CD_LOCALIDADE": 160030300041.0,
        "SIGLA_UF": "AP",
        "NM_UF": "Amapá",
        "CD_UF": 16,
        "NM_MUN": "Macapá",
        "CD_MUN": 1600303,
        "CT_LOCALIDADE": "Povoado",
        "SCT_LOCALIDADE": "",
        "NM_RGINT": "Macapá",
        "CD_RGINT": 1601,
        "NM_RGI": "Macapá",
        "CD_RGI": 160001,
        "LAT_LOCALIDADE": 0.908599972724915,
        "LONG_LOCALIDADE": -50.0750999450684,
        "CATEGORIA_MAPA": "Rural",
        "DIST_MUNICIPIO": 145.74,
        "DIST_INFOVIA": 144.18
      },
      "geometry": {
        "type": "Point",
        "coordinates": [
          -50.0751433571428,
          0.908595761874852
        ]
      }
    },
    {
      "type": "Feature",
      "properties": {
        "NM_LOCALIDADE": "Carneiro",
        "CD_LOCALIDADE": 160030300042.0,
        "SIGLA_UF": "AP",
        "NM_UF": "Amapá",
        "CD_UF": 16,
        "NM_MUN": "Macapá",
        "CD_MUN": 1600303,
        "CT_LOCALIDADE": "Povoado",
        "SCT_LOCALIDADE": "",
        "NM_RGINT": "Macapá",
        "CD_RGINT": 1601,
        "NM_RGI": "Macapá",
        "CD_RGI": 160001,
        "LAT_LOCALIDADE": 0.870599985122681,
        "LONG_LOCALIDADE": -50.1397018432617,
        "CATEGORIA_MAPA": "Rural",
        "DIST_MUNICIPIO": 137.57,
        "DIST_INFOVIA": 136.09
      },
      "geometry": {
        "type": "Point",
        "coordinates": [
          -50.1397015135135,
          0.870590175647016
        ]
      }
    },
    {
      "type": "Feature",
      "properties": {
        "NM_LOCALIDADE": "Ponta do Curuá",
        "CD_LOCALIDADE": 160030300043.0,
        "SIGLA_UF": "AP",
        "NM_UF": "Amapá",
        "CD_UF": 16,
        "NM_MUN": "Macapá",
        "CD_MUN": 1600303,
        "CT_LOCALIDADE": "Povoado",
        "SCT_LOCALIDADE": "",
        "NM_RGINT": "Macapá",
        "CD_RGINT": 1601,
        "NM_RGI": "Macapá",
        "CD_RGI": 160001,
        "LAT_LOCALIDADE": 0.749499976634979,
        "LONG_LOCALIDADE": -50.271800994873,
        "CATEGORIA_MAPA": "Rural",
        "DIST_MUNICIPIO": 117.64,
        "DIST_INFOVIA": 116.19
      },
      "geometry": {
        "type": "Point",
        "coordinates": [
          -50.271847,
          0.749501999975326
        ]
      }
    },
    {
      "type": "Feature",
      "properties": {
        "NM_LOCALIDADE": "Tessalônica",
        "CD_LOCALIDADE": 160030300044.0,
        "SIGLA_UF": "AP",
        "NM_UF": "Amapá",
        "CD_UF": 16,
        "NM_MUN": "Macapá",
        "CD_MUN": 1600303,
        "CT_LOCALIDADE": "Povoado",
        "SCT_LOCALIDADE": "",
        "NM_RGINT": "Macapá",
        "CD_RGINT": 1601,
        "NM_RGI": "Macapá",
        "CD_RGI": 160001,
        "LAT_LOCALIDADE": 0.358700007200241,
        "LONG_LOCALIDADE": -51.1241989135742,
        "CATEGORIA_MAPA": "Rural",
        "DIST_MUNICIPIO": 36.13,
        "DIST_INFOVIA": 36.33
      },
      "geometry": {
        "type": "Point",
        "coordinates": [
          -51.1241710277777,
          0.358692916654857
        ]
      }
    },
    {
      "type": "Feature",
      "properties": {
        "NM_LOCALIDADE": "Comunidade Quilombola Ambé",
        "CD_LOCALIDADE": 160030300045.0,
        "SIGLA_UF": "AP",
        "NM_UF": "Amapá",
        "CD_UF": 16,
        "NM_MUN": "Macapá",
        "CD_MUN": 1600303,
        "CT_LOCALIDADE": "Localidade Quilombola",
        "SCT_LOCALIDADE": "Agrupamento Quilombola",
        "NM_RGINT": "Macapá",
        "CD_RGINT": 1601,
        "NM_RGI": "Macapá",
        "CD_RGI": 160001,
        "LAT_LOCALIDADE": 0.310400009155273,
        "LONG_LOCALIDADE": -50.9356994628906,
        "CATEGORIA_MAPA": "Rural",
        "DIST_MUNICIPIO": 32.9,
        "DIST_INFOVIA": 33.0
      },
      "geometry": {
        "type": "Point",
        "coordinates": [
          -50.9356669814814,
          0.310424333323113
        ]
      }
    },
    {
      "type": "Feature",
      "properties": {
        "NM_LOCALIDADE": "Comunidade Quilombola Ambé",
        "CD_LOCALIDADE": 160030300045.0,
        "SIGLA_UF": "AP",
        "NM_UF": "Amapá",
        "CD_UF": 16,
        "NM_MUN": "Macapá",
        "CD_MUN": 1600303,
        "CT_LOCALIDADE": "Povoado",
        "SCT_LOCALIDADE": "",
        "NM_RGINT": "Macapá",
        "CD_RGINT": 1601,
        "NM_RGI": "Macapá",
        "CD_RGI": 160001,
        "LAT_LOCALIDADE": 0.310400009155273,
        "LONG_LOCALIDADE": -50.9356994628906,
        "CATEGORIA_MAPA": "Rural",
        "DIST_MUNICIPIO": 32.9,
        "DIST_INFOVIA": 33.0
      },
      "geometry": {
        "type": "Point",
        "coordinates": [
          -50.9356669814814,
          0.310424333323113
        ]
      }
    },
    {
      "type": "Feature",
      "properties": {
        "NM_LOCALIDADE": "Comunidade Quilombola Lago do Papagaio",
        "CD_LOCALIDADE": 160030300046.0,
        "SIGLA_UF": "AP",
        "NM_UF": "Amapá",
        "CD_UF": 16,
        "NM_MUN": "Macapá",
        "CD_MUN": 1600303,
        "CT_LOCALIDADE": "Lugarejo",
        "SCT_LOCALIDADE": "",
        "NM_RGINT": "Macapá",
        "CD_RGINT": 1601,
        "NM_RGI": "Macapá",
        "CD_RGI": 160001,
        "LAT_LOCALIDADE": 0.786800026893616,
        "LONG_LOCALIDADE": -50.652400970459,
        "CATEGORIA_MAPA": "Rural",
        "DIST_MUNICIPIO": 94.39,
        "DIST_INFOVIA": 94.47
      },
      "geometry": {
        "type": "Point",
        "coordinates": [
          -50.652417200000016,
          0.7867691499741
        ]
      }
    },
    {
      "type": "Feature",
      "properties": {
        "NM_LOCALIDADE": "Comunidade Quilombola Lago do Papagaio",
        "CD_LOCALIDADE": 160030300046.0,
        "SIGLA_UF": "AP",
        "NM_UF": "Amapá",
        "CD_UF": 16,
        "NM_MUN": "Macapá",
        "CD_MUN": 1600303,
        "CT_LOCALIDADE": "Localidade Quilombola",
        "SCT_LOCALIDADE": "Agrupamento Quilombola",
        "NM_RGINT": "Macapá",
        "CD_RGINT": 1601,
        "NM_RGI": "Macapá",
        "CD_RGI": 160001,
        "LAT_LOCALIDADE": 0.786800026893616,
        "LONG_LOCALIDADE": -50.652400970459,
        "CATEGORIA_MAPA": "Rural",
        "DIST_MUNICIPIO": 94.39,
        "DIST_INFOVIA": 94.47
      },
      "geometry": {
        "type": "Point",
        "coordinates": [
          -50.652417200000016,
          0.7867691499741
        ]
      }
    },
    {
      "type": "Feature",
      "properties": {
        "NM_LOCALIDADE": "Comunidade Quilombola Lagoa dos Índios",
        "CD_LOCALIDADE": 160030300047.0,
        "SIGLA_UF": "AP",
        "NM_UF": "Amapá",
        "CD_UF": 16,
        "NM_MUN": "Macapá",
        "CD_MUN": 1600303,
        "CT_LOCALIDADE": "Localidade Quilombola",
        "SCT_LOCALIDADE": "Agrupamento Quilombola",
        "NM_RGINT": "Macapá",
        "CD_RGINT": 1601,
        "NM_RGI": "Macapá",
        "CD_RGI": 160001,
        "LAT_LOCALIDADE": 0.0103000001981854,
        "LONG_LOCALIDADE": -51.1212005615234,
        "CATEGORIA_MAPA": "Rural",
        "DIST_MUNICIPIO": 7.86,
        "DIST_INFOVIA": 7.42
      },
      "geometry": {
        "type": "Point",
        "coordinates": [
          -51.1212356270843,
          0.010347382312701
        ]
      }
    },
    {
      "type": "Feature",
      "properties": {
        "NM_LOCALIDADE": "Comunidade Quilombola Mel da Pedreira",
        "CD_LOCALIDADE": 160030300048.0,
        "SIGLA_UF": "AP",
        "NM_UF": "Amapá",
        "CD_UF": 16,
        "NM_MUN": "Macapá",
        "CD_MUN": 1600303,
        "CT_LOCALIDADE": "Localidade Quilombola",
        "SCT_LOCALIDADE": "Agrupamento Quilombola",
        "NM_RGINT": "Macapá",
        "CD_RGINT": 1601,
        "NM_RGI": "Macapá",
        "CD_RGI": 160001,
        "LAT_LOCALIDADE": 0.283699989318848,
        "LONG_LOCALIDADE": -51.0253982543945,
        "CATEGORIA_MAPA": "Rural",
        "DIST_MUNICIPIO": 27.25,
        "DIST_INFOVIA": 27.4
      },
      "geometry": {
        "type": "Point",
        "coordinates": [
          -51.0253630126582,
          0.28368964556028
        ]
      }
    },
    {
      "type": "Feature",
      "properties": {
        "NM_LOCALIDADE": "Comunidade Quilombola Mel da Pedreira",
        "CD_LOCALIDADE": 160030300048.0,
        "SIGLA_UF": "AP",
        "NM_UF": "Amapá",
        "CD_UF": 16,
        "NM_MUN": "Macapá",
        "CD_MUN": 1600303,
        "CT_LOCALIDADE": "Povoado",
        "SCT_LOCALIDADE": "",
        "NM_RGINT": "Macapá",
        "CD_RGINT": 1601,
        "NM_RGI": "Macapá",
        "CD_RGI": 160001,
        "LAT_LOCALIDADE": 0.283699989318848,
        "LONG_LOCALIDADE": -51.0253982543945,
        "CATEGORIA_MAPA": "Rural",
        "DIST_MUNICIPIO": 27.25,
        "DIST_INFOVIA": 27.4
      },
      "geometry": {
        "type": "Point",
        "coordinates": [
          -51.0253630126582,
          0.28368964556028
        ]
      }
    },
    {
      "type": "Feature",
      "properties": {
        "NM_LOCALIDADE": "Comunidade Quilombola Porto do Abacate",
        "CD_LOCALIDADE": 160030300049.0,
        "SIGLA_UF": "AP",
        "NM_UF": "Amapá",
        "CD_UF": 16,
        "NM_MUN": "Macapá",
        "CD_MUN": 1600303,
        "CT_LOCALIDADE": "Lugarejo",
        "SCT_LOCALIDADE": "",
        "NM_RGINT": "Macapá",
        "CD_RGINT": 1601,
        "NM_RGI": "Macapá",
        "CD_RGI": 160001,
        "LAT_LOCALIDADE": 0.269899994134903,
        "LONG_LOCALIDADE": -50.8982009887695,
        "CATEGORIA_MAPA": "Rural",
        "DIST_MUNICIPIO": 31.02,
        "DIST_INFOVIA": 31.06
      },
      "geometry": {
        "type": "Point",
        "coordinates": [
          -50.89824702,
          0.269908439991114
        ]
      }
    },
    {
      "type": "Feature",
      "properties": {
        "NM_LOCALIDADE": "Comunidade Quilombola Porto do Abacate",
        "CD_LOCALIDADE": 160030300049.0,
        "SIGLA_UF": "AP",
        "NM_UF": "Amapá",
        "CD_UF": 16,
        "NM_MUN": "Macapá",
        "CD_MUN": 1600303,
        "CT_LOCALIDADE": "Localidade Quilombola",
        "SCT_LOCALIDADE": "Agrupamento Quilombola",
        "NM_RGINT": "Macapá",
        "CD_RGINT": 1601,
        "NM_RGI": "Macapá",
        "CD_RGI": 160001,
        "LAT_LOCALIDADE": 0.269899994134903,
        "LONG_LOCALIDADE": -50.8982009887695,
        "CATEGORIA_MAPA": "Rural",
        "DIST_MUNICIPIO": 31.02,
        "DIST_INFOVIA": 31.06
      },
      "geometry": {
        "type": "Point",
        "coordinates": [
          -50.89824702,
          0.269908439991114
        ]
      }
    },
    {
      "type": "Feature",
      "properties": {
        "NM_LOCALIDADE": "Comunidade Quilombola Rio Pescada",
        "CD_LOCALIDADE": 160030300050.0,
        "SIGLA_UF": "AP",
        "NM_UF": "Amapá",
        "CD_UF": 16,
        "NM_MUN": "Macapá",
        "CD_MUN": 1600303,
        "CT_LOCALIDADE": "Localidade Quilombola",
        "SCT_LOCALIDADE": "Agrupamento Quilombola",
        "NM_RGINT": "Macapá",
        "CD_RGINT": 1601,
        "NM_RGI": "Macapá",
        "CD_RGI": 160001,
        "LAT_LOCALIDADE": 0.164399996399879,
        "LONG_LOCALIDADE": -50.9492988586426,
        "CATEGORIA_MAPA": "Rural",
        "DIST_MUNICIPIO": 18.26,
        "DIST_INFOVIA": 18.11
      },
      "geometry": {
        "type": "Point",
        "coordinates": [
          -50.9493048260869,
          0.164404869559804
        ]
      }
    },
    {
      "type": "Feature",
      "properties": {
        "NM_LOCALIDADE": "Comunidade Quilombola Rosa",
        "CD_LOCALIDADE": 160030300051.0,
        "SIGLA_UF": "AP",
        "NM_UF": "Amapá",
        "CD_UF": 16,
        "NM_MUN": "Macapá",
        "CD_MUN": 1600303,
        "CT_LOCALIDADE": "Localidade Quilombola",
        "SCT_LOCALIDADE": "Agrupamento Quilombola",
        "NM_RGINT": "Macapá",
        "CD_RGINT": 1601,
        "NM_RGI": "Macapá",
        "CD_RGI": 160001,
        "LAT_LOCALIDADE": 0.232199996709824,
        "LONG_LOCALIDADE": -51.1012001037598,
        "CATEGORIA_MAPA": "Rural",
        "DIST_MUNICIPIO": 21.85,
        "DIST_INFOVIA": 22.05
      },
      "geometry": {
        "type": "Point",
        "coordinates": [
          -51.101233326922994,
          0.232242173069277
        ]
      }
    },
    {
      "type": "Feature",
      "properties": {
        "NM_LOCALIDADE": "Comunidade Quilombola Rosa",
        "CD_LOCALIDADE": 160030300051.0,
        "SIGLA_UF": "AP",
        "NM_UF": "Amapá",
        "CD_UF": 16,
        "NM_MUN": "Macapá",
        "CD_MUN": 1600303,
        "CT_LOCALIDADE": "Povoado",
        "SCT_LOCALIDADE": "",
        "NM_RGINT": "Macapá",
        "CD_RGINT": 1601,
        "NM_RGI": "Macapá",
        "CD_RGI": 160001,
        "LAT_LOCALIDADE": 0.232199996709824,
        "LONG_LOCALIDADE": -51.1012001037598,
        "CATEGORIA_MAPA": "Rural",
        "DIST_MUNICIPIO": 21.85,
        "DIST_INFOVIA": 22.05
      },
      "geometry": {
        "type": "Point",
        "coordinates": [
          -51.101233326922994,
          0.232242173069277
        ]
      }
    },
    {
      "type": "Feature",
      "properties": {
        "NM_LOCALIDADE": "Comunidade Quilombola Santa Lúzia do Maruanum 1",
        "CD_LOCALIDADE": 160030300052.0,
        "SIGLA_UF": "AP",
        "NM_UF": "Amapá",
        "CD_UF": 16,
        "NM_MUN": "Macapá",
        "CD_MUN": 1600303,
        "CT_LOCALIDADE": "Localidade Quilombola",
        "SCT_LOCALIDADE": "Agrupamento Quilombola",
        "NM_RGINT": "Macapá",
        "CD_RGINT": 1601,
        "NM_RGI": "Macapá",
        "CD_RGI": 160001,
        "LAT_LOCALIDADE": 0.193800002336502,
        "LONG_LOCALIDADE": -51.2836990356445,
        "CATEGORIA_MAPA": "Rural",
        "DIST_MUNICIPIO": 30.39,
        "DIST_INFOVIA": 30.62
      },
      "geometry": {
        "type": "Point",
        "coordinates": [
          -51.28373747619041,
          0.193816523803142
        ]
      }
    },
    {
      "type": "Feature",
      "properties": {
        "NM_LOCALIDADE": "Comunidade Quilombola São Benedito do Rio Pedreira",
        "CD_LOCALIDADE": 160030300053.0,
        "SIGLA_UF": "AP",
        "NM_UF": "Amapá",
        "CD_UF": 16,
        "NM_MUN": "Macapá",
        "CD_MUN": 1600303,
        "CT_LOCALIDADE": "Lugarejo",
        "SCT_LOCALIDADE": "",
        "NM_RGINT": "Macapá",
        "CD_RGINT": 1601,
        "NM_RGI": "Macapá",
        "CD_RGI": 160001,
        "LAT_LOCALIDADE": 0.254000008106232,
        "LONG_LOCALIDADE": -50.8983001708984,
        "CATEGORIA_MAPA": "Rural",
        "DIST_MUNICIPIO": 29.58,
        "DIST_INFOVIA": 29.56
      },
      "geometry": {
        "type": "Point",
        "coordinates": [
          -50.8983282562053,
          0.253995568305284
        ]
      }
    },
    {
      "type": "Feature",
      "properties": {
        "NM_LOCALIDADE": "Comunidade Quilombola São Benedito do Rio Pedreira",
        "CD_LOCALIDADE": 160030300053.0,
        "SIGLA_UF": "AP",
        "NM_UF": "Amapá",
        "CD_UF": 16,
        "NM_MUN": "Macapá",
        "CD_MUN": 1600303,
        "CT_LOCALIDADE": "Localidade Quilombola",
        "SCT_LOCALIDADE": "Agrupamento Quilombola",
        "NM_RGINT": "Macapá",
        "CD_RGINT": 1601,
        "NM_RGI": "Macapá",
        "CD_RGI": 160001,
        "LAT_LOCALIDADE": 0.254000008106232,
        "LONG_LOCALIDADE": -50.8983001708984,
        "CATEGORIA_MAPA": "Rural",
        "DIST_MUNICIPIO": 29.58,
        "DIST_INFOVIA": 29.56
      },
      "geometry": {
        "type": "Point",
        "coordinates": [
          -50.8983282562053,
          0.253995568305284
        ]
      }
    },
    {
      "type": "Feature",
      "properties": {
        "NM_LOCALIDADE": "Comunidade Quilombola São João do Maruanum 2",
        "CD_LOCALIDADE": 160030300054.0,
        "SIGLA_UF": "AP",
        "NM_UF": "Amapá",
        "CD_UF": 16,
        "NM_MUN": "Macapá",
        "CD_MUN": 1600303,
        "CT_LOCALIDADE": "Localidade Quilombola",
        "SCT_LOCALIDADE": "Agrupamento Quilombola",
        "NM_RGINT": "Macapá",
        "CD_RGINT": 1601,
        "NM_RGI": "Macapá",
        "CD_RGI": 160001,
        "LAT_LOCALIDADE": 0.207000002264977,
        "LONG_LOCALIDADE": -51.238899230957,
        "CATEGORIA_MAPA": "Rural",
        "DIST_MUNICIPIO": 27.38,
        "DIST_INFOVIA": 27.61
      },
      "geometry": {
        "type": "Point",
        "coordinates": [
          -51.2389186363636,
          0.207047636356819
        ]
      }
    },
    {
      "type": "Feature",
      "properties": {
        "NM_LOCALIDADE": "Comunidade Quilombola São João do Matapi",
        "CD_LOCALIDADE": 160030300055.0,
        "SIGLA_UF": "AP",
        "NM_UF": "Amapá",
        "CD_UF": 16,
        "NM_MUN": "Macapá",
        "CD_MUN": 1600303,
        "CT_LOCALIDADE": "Localidade Quilombola",
        "SCT_LOCALIDADE": "Outras Localidades Quilombolas",
        "NM_RGINT": "Macapá",
        "CD_RGINT": 1601,
        "NM_RGI": "Macapá",
        "CD_RGI": 160001,
        "LAT_LOCALIDADE": 0.0469999983906746,
        "LONG_LOCALIDADE": -51.242000579834,
        "CATEGORIA_MAPA": "Rural",
        "DIST_MUNICIPIO": 20.54,
        "DIST_INFOVIA": 18.55
      },
      "geometry": {
        "type": "Point",
        "coordinates": [
          -51.24199019999999,
          0.046967299998454
        ]
      }
    },
    {
      "type": "Feature",
      "properties": {
        "NM_LOCALIDADE": "Comunidade Quilombola São José do Mata Fome",
        "CD_LOCALIDADE": 160030300056.0,
        "SIGLA_UF": "AP",
        "NM_UF": "Amapá",
        "CD_UF": 16,
        "NM_MUN": "Macapá",
        "CD_MUN": 1600303,
        "CT_LOCALIDADE": "Povoado",
        "SCT_LOCALIDADE": "",
        "NM_RGINT": "Macapá",
        "CD_RGINT": 1601,
        "NM_RGI": "Macapá",
        "CD_RGI": 160001,
        "LAT_LOCALIDADE": 0.213499993085861,
        "LONG_LOCALIDADE": -50.9735984802246,
        "CATEGORIA_MAPA": "Rural",
        "DIST_MUNICIPIO": 21.35,
        "DIST_INFOVIA": 21.44
      },
      "geometry": {
        "type": "Point",
        "coordinates": [
          -50.97355505,
          0.21350324999297
        ]
      }
    },
    {
      "type": "Feature",
      "properties": {
        "NM_LOCALIDADE": "Comunidade Quilombola São José do Mata Fome",
        "CD_LOCALIDADE": 160030300056.0,
        "SIGLA_UF": "AP",
        "NM_UF": "Amapá",
        "CD_UF": 16,
        "NM_MUN": "Macapá",
        "CD_MUN": 1600303,
        "CT_LOCALIDADE": "Localidade Quilombola",
        "SCT_LOCALIDADE": "Agrupamento Quilombola",
        "NM_RGINT": "Macapá",
        "CD_RGINT": 1601,
        "NM_RGI": "Macapá",
        "CD_RGI": 160001,
        "LAT_LOCALIDADE": 0.213499993085861,
        "LONG_LOCALIDADE": -50.9735984802246,
        "CATEGORIA_MAPA": "Rural",
        "DIST_MUNICIPIO": 21.35,
        "DIST_INFOVIA": 21.44
      },
      "geometry": {
        "type": "Point",
        "coordinates": [
          -50.97355505,
          0.21350324999297
        ]
      }
    },
    {
      "type": "Feature",
      "properties": {
        "NM_LOCALIDADE": "Comunidade Quilombola São José do Matapi do Porto do Céu",
        "CD_LOCALIDADE": 160030300057.0,
        "SIGLA_UF": "AP",
        "NM_UF": "Amapá",
        "CD_UF": 16,
        "NM_MUN": "Macapá",
        "CD_MUN": 1600303,
        "CT_LOCALIDADE": "Localidade Quilombola",
        "SCT_LOCALIDADE": "Agrupamento Quilombola",
        "NM_RGINT": "Macapá",
        "CD_RGINT": 1601,
        "NM_RGI": "Macapá",
        "CD_RGI": 160001,
        "LAT_LOCALIDADE": 0.0132999997586012,
        "LONG_LOCALIDADE": -51.2095985412598,
        "CATEGORIA_MAPA": "Rural",
        "DIST_MUNICIPIO": 17.2,
        "DIST_INFOVIA": 13.43
      },
      "geometry": {
        "type": "Point",
        "coordinates": [
          -51.2096115151515,
          0.013310131312693
        ]
      }
    },
    {
      "type": "Feature",
      "properties": {
        "NM_LOCALIDADE": "Comunidade Quilombola São José do Matapi do Porto do Céu",
        "CD_LOCALIDADE": 160030300057.0,
        "SIGLA_UF": "AP",
        "NM_UF": "Amapá",
        "CD_UF": 16,
        "NM_MUN": "Macapá",
        "CD_MUN": 1600303,
        "CT_LOCALIDADE": "Povoado",
        "SCT_LOCALIDADE": "",
        "NM_RGINT": "Macapá",
        "CD_RGINT": 1601,
        "NM_RGI": "Macapá",
        "CD_RGI": 160001,
        "LAT_LOCALIDADE": 0.0132999997586012,
        "LONG_LOCALIDADE": -51.2095985412598,
        "CATEGORIA_MAPA": "Rural",
        "DIST_MUNICIPIO": 17.2,
        "DIST_INFOVIA": 13.43
      },
      "geometry": {
        "type": "Point",
        "coordinates": [
          -51.2096115151515,
          0.013310131312693
        ]
      }
    },
    {
      "type": "Feature",
      "properties": {
        "NM_LOCALIDADE": "Comunidade Quilombola São Pedro dos Bois",
        "CD_LOCALIDADE": 160030300058.0,
        "SIGLA_UF": "AP",
        "NM_UF": "Amapá",
        "CD_UF": 16,
        "NM_MUN": "Macapá",
        "CD_MUN": 1600303,
        "CT_LOCALIDADE": "Povoado",
        "SCT_LOCALIDADE": "",
        "NM_RGINT": "Macapá",
        "CD_RGINT": 1601,
        "NM_RGI": "Macapá",
        "CD_RGI": 160001,
        "LAT_LOCALIDADE": 0.298799991607666,
        "LONG_LOCALIDADE": -50.9858016967773,
        "CATEGORIA_MAPA": "Rural",
        "DIST_MUNICIPIO": 29.78,
        "DIST_INFOVIA": 29.91
      },
      "geometry": {
        "type": "Point",
        "coordinates": [
          -50.9857840392156,
          0.298811098029377
        ]
      }
    },
    {
      "type": "Feature",
      "properties": {
        "NM_LOCALIDADE": "Comunidade Quilombola São Pedro dos Bois",
        "CD_LOCALIDADE": 160030300058.0,
        "SIGLA_UF": "AP",
        "NM_UF": "Amapá",
        "CD_UF": 16,
        "NM_MUN": "Macapá",
        "CD_MUN": 1600303,
        "CT_LOCALIDADE": "Localidade Quilombola",
        "SCT_LOCALIDADE": "Agrupamento Quilombola",
        "NM_RGINT": "Macapá",
        "CD_RGINT": 1601,
        "NM_RGI": "Macapá",
        "CD_RGI": 160001,
        "LAT_LOCALIDADE": 0.298799991607666,
        "LONG_LOCALIDADE": -50.9858016967773,
        "CATEGORIA_MAPA": "Rural",
        "DIST_MUNICIPIO": 29.78,
        "DIST_INFOVIA": 29.91
      },
      "geometry": {
        "type": "Point",
        "coordinates": [
          -50.9857840392156,
          0.298811098029377
        ]
      }
    },
    {
      "type": "Feature",
      "properties": {
        "NM_LOCALIDADE": "Campina Grande",
        "CD_LOCALIDADE": 160030300059.0,
        "SIGLA_UF": "AP",
        "NM_UF": "Amapá",
        "CD_UF": 16,
        "NM_MUN": "Macapá",
        "CD_MUN": 1600303,
        "CT_LOCALIDADE": "Outras Localidades",
        "SCT_LOCALIDADE": "",
        "NM_RGINT": "Macapá",
        "CD_RGINT": 1601,
        "NM_RGI": "Macapá",
        "CD_RGI": 160001,
        "LAT_LOCALIDADE": 0.236100003123283,
        "LONG_LOCALIDADE": -51.1403999328613,
        "CATEGORIA_MAPA": "Rural",
        "DIST_MUNICIPIO": 23.61,
        "DIST_INFOVIA": 23.83
      },
      "geometry": {
        "type": "Point",
        "coordinates": [
          -51.1404474,
          0.236127299992226
        ]
      }
    },
    {
      "type": "Feature",
      "properties": {
        "NM_LOCALIDADE": "São Luiz do Flexal",
        "CD_LOCALIDADE": 160030300060.0,
        "SIGLA_UF": "AP",
        "NM_UF": "Amapá",
        "CD_UF": 16,
        "NM_MUN": "Macapá",
        "CD_MUN": 1600303,
        "CT_LOCALIDADE": "Outras Localidades",
        "SCT_LOCALIDADE": "",
        "NM_RGINT": "Macapá",
        "CD_RGINT": 1601,
        "NM_RGI": "Macapá",
        "CD_RGI": 160001,
        "LAT_LOCALIDADE": 0.385399997234344,
        "LONG_LOCALIDADE": -51.1133995056152,
        "CATEGORIA_MAPA": "Rural",
        "DIST_MUNICIPIO": 38.83,
        "DIST_INFOVIA": 39.03
      },
      "geometry": {
        "type": "Point",
        "coordinates": [
          -51.1134222,
          0.385422299987311
        ]
      }
    },
    {
      "type": "Feature",
      "properties": {
        "NM_LOCALIDADE": "São Raimundo do Maruanum",
        "CD_LOCALIDADE": 160030300061.0,
        "SIGLA_UF": "AP",
        "NM_UF": "Amapá",
        "CD_UF": 16,
        "NM_MUN": "Macapá",
        "CD_MUN": 1600303,
        "CT_LOCALIDADE": "Outras Localidades",
        "SCT_LOCALIDADE": "",
        "NM_RGINT": "Macapá",
        "CD_RGINT": 1601,
        "NM_RGI": "Macapá",
        "CD_RGI": 160001,
        "LAT_LOCALIDADE": 0.234099999070168,
        "LONG_LOCALIDADE": -51.3287010192871,
        "CATEGORIA_MAPA": "Rural",
        "DIST_MUNICIPIO": 37.05,
        "DIST_INFOVIA": 37.28
      },
      "geometry": {
        "type": "Point",
        "coordinates": [
          -51.3286702,
          0.234136599992291
        ]
      }
    },
    {
      "type": "Feature",
      "properties": {
        "NM_LOCALIDADE": "São Francisco do Piririm",
        "CD_LOCALIDADE": 160030300062.0,
        "SIGLA_UF": "AP",
        "NM_UF": "Amapá",
        "CD_UF": 16,
        "NM_MUN": "Macapá",
        "CD_MUN": 1600303,
        "CT_LOCALIDADE": "Povoado",
        "SCT_LOCALIDADE": "",
        "NM_RGINT": "Macapá",
        "CD_RGINT": 1601,
        "NM_RGI": "Macapá",
        "CD_RGI": 160001,
        "LAT_LOCALIDADE": 0.76690000295639,
        "LONG_LOCALIDADE": -50.6287002563477,
        "CATEGORIA_MAPA": "Rural",
        "DIST_MUNICIPIO": 93.76,
        "DIST_INFOVIA": 93.83
      },
      "geometry": {
        "type": "Point",
        "coordinates": [
          -50.6286952222222,
          0.766888938246358
        ]
      }
    },
    {
      "type": "Feature",
      "properties": {
        "NM_LOCALIDADE": "Retiro Santo Antônio",
        "CD_LOCALIDADE": 160030300063.0,
        "SIGLA_UF": "AP",
        "NM_UF": "Amapá",
        "CD_UF": 16,
        "NM_MUN": "Macapá",
        "CD_MUN": 1600303,
        "CT_LOCALIDADE": "Outras Localidades",
        "SCT_LOCALIDADE": "",
        "NM_RGINT": "Macapá",
        "CD_RGINT": 1601,
        "NM_RGI": "Macapá",
        "CD_RGI": 160001,
        "LAT_LOCALIDADE": 0.369300007820129,
        "LONG_LOCALIDADE": -50.8280982971191,
        "CATEGORIA_MAPA": "Rural",
        "DIST_MUNICIPIO": 44.56,
        "DIST_INFOVIA": 44.57
      },
      "geometry": {
        "type": "Point",
        "coordinates": [
          -50.8280538,
          0.36934569998784
        ]
      }
    },
    {
      "type": "Feature",
      "properties": {
        "NM_LOCALIDADE": "Monte das Oliveiras",
        "CD_LOCALIDADE": 160030300064.0,
        "SIGLA_UF": "AP",
        "NM_UF": "Amapá",
        "CD_UF": 16,
        "NM_MUN": "Macapá",
        "CD_MUN": 1600303,
        "CT_LOCALIDADE": "Outras Localidades",
        "SCT_LOCALIDADE": "",
        "NM_RGINT": "Macapá",
        "CD_RGINT": 1601,
        "NM_RGI": "Macapá",
        "CD_RGI": 160001,
        "LAT_LOCALIDADE": 0.170399993658066,
        "LONG_LOCALIDADE": -51.217098236084,
        "CATEGORIA_MAPA": "Rural",
        "DIST_MUNICIPIO": 22.88,
        "DIST_INFOVIA": 23.12
      },
      "geometry": {
        "type": "Point",
        "coordinates": [
          -51.2171331,
          0.170422599994389
        ]
      }
    },
    {
      "type": "Feature",
      "properties": {
        "NM_LOCALIDADE": "Santa Maria do Maruanum II",
        "CD_LOCALIDADE": 160030300065.0,
        "SIGLA_UF": "AP",
        "NM_UF": "Amapá",
        "CD_UF": 16,
        "NM_MUN": "Macapá",
        "CD_MUN": 1600303,
        "CT_LOCALIDADE": "Outras Localidades",
        "SCT_LOCALIDADE": "",
        "NM_RGINT": "Macapá",
        "CD_RGINT": 1601,
        "NM_RGI": "Macapá",
        "CD_RGI": 160001,
        "LAT_LOCALIDADE": 0.17679999768734,
        "LONG_LOCALIDADE": -51.2481002807617,
        "CATEGORIA_MAPA": "Rural",
        "DIST_MUNICIPIO": 26.05,
        "DIST_INFOVIA": 26.28
      },
      "geometry": {
        "type": "Point",
        "coordinates": [
          -51.2480804,
          0.176833699994178
        ]
      }
    },
    {
      "type": "Feature",
      "properties": {
        "NM_LOCALIDADE": "Ananazal",
        "CD_LOCALIDADE": 160030300066.0,
        "SIGLA_UF": "AP",
        "NM_UF": "Amapá",
        "CD_UF": 16,
        "NM_MUN": "Macapá",
        "CD_MUN": 1600303,
        "CT_LOCALIDADE": "Outras Localidades",
        "SCT_LOCALIDADE": "",
        "NM_RGINT": "Macapá",
        "CD_RGINT": 1601,
        "NM_RGI": "Macapá",
        "CD_RGI": 160001,
        "LAT_LOCALIDADE": 0.719500005245209,
        "LONG_LOCALIDADE": -50.6348991394043,
        "CATEGORIA_MAPA": "Rural",
        "DIST_MUNICIPIO": 88.9,
        "DIST_INFOVIA": 88.97
      },
      "geometry": {
        "type": "Point",
        "coordinates": [
          -50.634873,
          0.719506499976314
        ]
      }
    },
    {
      "type": "Feature",
      "properties": {
        "NM_LOCALIDADE": "Comunidade Quilombola Areal Matapi",
        "CD_LOCALIDADE": 160030300067.0,
        "SIGLA_UF": "AP",
        "NM_UF": "Amapá",
        "CD_UF": 16,
        "NM_MUN": "Macapá",
        "CD_MUN": 1600303,
        "CT_LOCALIDADE": "Localidade Quilombola",
        "SCT_LOCALIDADE": "Outras Localidades Quilombolas",
        "NM_RGINT": "Macapá",
        "CD_RGINT": 1601,
        "NM_RGI": "Macapá",
        "CD_RGI": 160001,
        "LAT_LOCALIDADE": 0.259299993515015,
        "LONG_LOCALIDADE": -51.163200378418,
        "CATEGORIA_MAPA": "Rural",
        "DIST_MUNICIPIO": 27.0,
        "DIST_INFOVIA": 27.23
      },
      "geometry": {
        "type": "Point",
        "coordinates": [
          -51.1631585,
          0.259347699991461
        ]
      }
    },
    {
      "type": "Feature",
      "properties": {
        "NM_LOCALIDADE": "Ariri",
        "CD_LOCALIDADE": 160030300068.0,
        "SIGLA_UF": "AP",
        "NM_UF": "Amapá",
        "CD_UF": 16,
        "NM_MUN": "Macapá",
        "CD_MUN": 1600303,
        "CT_LOCALIDADE": "Povoado",
        "SCT_LOCALIDADE": "",
        "NM_RGINT": "Macapá",
        "CD_RGINT": 1601,
        "NM_RGI": "Macapá",
        "CD_RGI": 160001,
        "LAT_LOCALIDADE": 0.298200011253357,
        "LONG_LOCALIDADE": -51.1339988708496,
        "CATEGORIA_MAPA": "Rural",
        "DIST_MUNICIPIO": 29.87,
        "DIST_INFOVIA": 30.09
      },
      "geometry": {
        "type": "Point",
        "coordinates": [
          -51.1339811348314,
          0.298227303360967
        ]
      }
    },
    {
      "type": "Feature",
      "properties": {
        "NM_LOCALIDADE": "Assentamento Dra. Mércia Andrade",
        "CD_LOCALIDADE": 160030300069.0,
        "SIGLA_UF": "AP",
        "NM_UF": "Amapá",
        "CD_UF": 16,
        "NM_MUN": "Macapá",
        "CD_MUN": 1600303,
        "CT_LOCALIDADE": "Outras Localidades",
        "SCT_LOCALIDADE": "",
        "NM_RGINT": "Macapá",
        "CD_RGINT": 1601,
        "NM_RGI": "Macapá",
        "CD_RGI": 160001,
        "LAT_LOCALIDADE": 0.090599998831749,
        "LONG_LOCALIDADE": -51.1801986694336,
        "CATEGORIA_MAPA": "Rural",
        "DIST_MUNICIPIO": 14.74,
        "DIST_INFOVIA": 14.96
      },
      "geometry": {
        "type": "Point",
        "coordinates": [
          -51.1802162,
          0.090645099997016
        ]
      }
    },
    {
      "type": "Feature",
      "properties": {
        "NM_LOCALIDADE": "Assentamento Padre Josimo",
        "CD_LOCALIDADE": 160030300070.0,
        "SIGLA_UF": "AP",
        "NM_UF": "Amapá",
        "CD_UF": 16,
        "NM_MUN": "Macapá",
        "CD_MUN": 1600303,
        "CT_LOCALIDADE": "Outras Localidades",
        "SCT_LOCALIDADE": "",
        "NM_RGINT": "Macapá",
        "CD_RGINT": 1601,
        "NM_RGI": "Macapá",
        "CD_RGI": 160001,
        "LAT_LOCALIDADE": 0.266400009393692,
        "LONG_LOCALIDADE": -50.921501159668,
        "CATEGORIA_MAPA": "Rural",
        "DIST_MUNICIPIO": 29.29,
        "DIST_INFOVIA": 29.36
      },
      "geometry": {
        "type": "Point",
        "coordinates": [
          -50.9214764,
          0.26637529999123
        ]
      }
    },
    {
      "type": "Feature",
      "properties": {
        "NM_LOCALIDADE": "Bacaba",
        "CD_LOCALIDADE": 160030300071.0,
        "SIGLA_UF": "AP",
        "NM_UF": "Amapá",
        "CD_UF": 16,
        "NM_MUN": "Macapá",
        "CD_MUN": 1600303,
        "CT_LOCALIDADE": "Outras Localidades",
        "SCT_LOCALIDADE": "",
        "NM_RGINT": "Macapá",
        "CD_RGINT": 1601,
        "NM_RGI": "Macapá",
        "CD_RGI": 160001,
        "LAT_LOCALIDADE": 0.27250000834465,
        "LONG_LOCALIDADE": -50.7266998291016,
        "CATEGORIA_MAPA": "Rural",
        "DIST_MUNICIPIO": 44.9,
        "DIST_INFOVIA": 42.93
      },
      "geometry": {
        "type": "Point",
        "coordinates": [
          -50.7266892,
          0.272471199991029
        ]
      }
    },
    {
      "type": "Feature",
      "properties": {
        "NM_LOCALIDADE": "Bonito da Pedreira",
        "CD_LOCALIDADE": 160030300072.0,
        "SIGLA_UF": "AP",
        "NM_UF": "Amapá",
        "CD_UF": 16,
        "NM_MUN": "Macapá",
        "CD_MUN": 1600303,
        "CT_LOCALIDADE": "Lugarejo",
        "SCT_LOCALIDADE": "",
        "NM_RGINT": "Macapá",
        "CD_RGINT": 1601,
        "NM_RGI": "Macapá",
        "CD_RGI": 160001,
        "LAT_LOCALIDADE": 0.376599997282028,
        "LONG_LOCALIDADE": -50.899299621582,
        "CATEGORIA_MAPA": "Rural",
        "DIST_MUNICIPIO": 41.28,
        "DIST_INFOVIA": 41.37
      },
      "geometry": {
        "type": "Point",
        "coordinates": [
          -50.89926112997121,
          0.376640479439954
        ]
      }
    },
    {
      "type": "Feature",
      "properties": {
        "NM_LOCALIDADE": "Campina de São Benedito",
        "CD_LOCALIDADE": 160030300073.0,
        "SIGLA_UF": "AP",
        "NM_UF": "Amapá",
        "CD_UF": 16,
        "NM_MUN": "Macapá",
        "CD_MUN": 1600303,
        "CT_LOCALIDADE": "Lugarejo",
        "SCT_LOCALIDADE": "",
        "NM_RGINT": "Macapá",
        "CD_RGINT": 1601,
        "NM_RGI": "Macapá",
        "CD_RGI": 160001,
        "LAT_LOCALIDADE": 0.707099974155426,
        "LONG_LOCALIDADE": -50.6488990783691,
        "CATEGORIA_MAPA": "Rural",
        "DIST_MUNICIPIO": 86.91,
        "DIST_INFOVIA": 86.98
      },
      "geometry": {
        "type": "Point",
        "coordinates": [
          -50.6488864821428,
          0.707136982119577
        ]
      }
    },
    {
      "type": "Feature",
      "properties": {
        "NM_LOCALIDADE": "Cantazal",
        "CD_LOCALIDADE": 160030300074.0,
        "SIGLA_UF": "AP",
        "NM_UF": "Amapá",
        "CD_UF": 16,
        "NM_MUN": "Macapá",
        "CD_MUN": 1600303,
        "CT_LOCALIDADE": "Povoado",
        "SCT_LOCALIDADE": "",
        "NM_RGINT": "Macapá",
        "CD_RGINT": 1601,
        "NM_RGI": "Macapá",
        "CD_RGI": 160001,
        "LAT_LOCALIDADE": 0.800999999046326,
        "LONG_LOCALIDADE": -50.6907997131348,
        "CATEGORIA_MAPA": "Rural",
        "DIST_MUNICIPIO": 93.85,
        "DIST_INFOVIA": 93.94
      },
      "geometry": {
        "type": "Point",
        "coordinates": [
          -50.690781935185086,
          0.801025462936593
        ]
      }
    },
    {
      "type": "Feature",
      "properties": {
        "NM_LOCALIDADE": "Comunidade Quilombola do Formigueiro",
        "CD_LOCALIDADE": 160030300075.0,
        "SIGLA_UF": "AP",
        "NM_UF": "Amapá",
        "CD_UF": 16,
        "NM_MUN": "Macapá",
        "CD_MUN": 1600303,
        "CT_LOCALIDADE": "Localidade Quilombola",
        "SCT_LOCALIDADE": "Agrupamento Quilombola",
        "NM_RGINT": "Macapá",
        "CD_RGINT": 1601,
        "NM_RGI": "Macapá",
        "CD_RGI": 160001,
        "LAT_LOCALIDADE": 0.25229999423027,
        "LONG_LOCALIDADE": -51.1716003417969,
        "CATEGORIA_MAPA": "Rural",
        "DIST_MUNICIPIO": 26.73,
        "DIST_INFOVIA": 26.96
      },
      "geometry": {
        "type": "Point",
        "coordinates": [
          -51.1715627777777,
          0.252305333325026
        ]
      }
    },
    {
      "type": "Feature",
      "properties": {
        "NM_LOCALIDADE": "Comunidade Quilombola Nossa Senhora da Conceição",
        "CD_LOCALIDADE": 160030300076.0,
        "SIGLA_UF": "AP",
        "NM_UF": "Amapá",
        "CD_UF": 16,
        "NM_MUN": "Macapá",
        "CD_MUN": 1600303,
        "CT_LOCALIDADE": "Localidade Quilombola",
        "SCT_LOCALIDADE": "Agrupamento Quilombola",
        "NM_RGINT": "Macapá",
        "CD_RGINT": 1601,
        "NM_RGI": "Macapá",
        "CD_RGI": 160001,
        "LAT_LOCALIDADE": 0.289900004863739,
        "LONG_LOCALIDADE": -50.714900970459,
        "CATEGORIA_MAPA": "Rural",
        "DIST_MUNICIPIO": 47.09,
        "DIST_INFOVIA": 45.22
      },
      "geometry": {
        "type": "Point",
        "coordinates": [
          -50.71490997916659,
          0.289910479157121
        ]
      }
    },
    {
      "type": "Feature",
      "properties": {
        "NM_LOCALIDADE": "Damásio",
        "CD_LOCALIDADE": 160030300077.0,
        "SIGLA_UF": "AP",
        "NM_UF": "Amapá",
        "CD_UF": 16,
        "NM_MUN": "Macapá",
        "CD_MUN": 1600303,
        "CT_LOCALIDADE": "Outras Localidades",
        "SCT_LOCALIDADE": "",
        "NM_RGINT": "Macapá",
        "CD_RGINT": 1601,
        "NM_RGI": "Macapá",
        "CD_RGI": 160001,
        "LAT_LOCALIDADE": 0.765600025653839,
        "LONG_LOCALIDADE": -50.7182998657227,
        "CATEGORIA_MAPA": "Rural",
        "DIST_MUNICIPIO": 88.98,
        "DIST_INFOVIA": 89.08
      },
      "geometry": {
        "type": "Point",
        "coordinates": [
          -50.7182993,
          0.765621899974796
        ]
      }
    },
    {
      "type": "Feature",
      "properties": {
        "NM_LOCALIDADE": "Dois Irmãos",
        "CD_LOCALIDADE": 160030300078.0,
        "SIGLA_UF": "AP",
        "NM_UF": "Amapá",
        "CD_UF": 16,
        "NM_MUN": "Macapá",
        "CD_MUN": 1600303,
        "CT_LOCALIDADE": "Outras Localidades",
        "SCT_LOCALIDADE": "",
        "NM_RGINT": "Macapá",
        "CD_RGINT": 1601,
        "NM_RGI": "Macapá",
        "CD_RGI": 160001,
        "LAT_LOCALIDADE": 0.697200000286102,
        "LONG_LOCALIDADE": -50.701099395752,
        "CATEGORIA_MAPA": "Rural",
        "DIST_MUNICIPIO": 83.05,
        "DIST_INFOVIA": 83.13
      },
      "geometry": {
        "type": "Point",
        "coordinates": [
          -50.7010585,
          0.697173099977049
        ]
      }
    },
    {
      "type": "Feature",
      "properties": {
        "NM_LOCALIDADE": "Franquinho",
        "CD_LOCALIDADE": 160030300079.0,
        "SIGLA_UF": "AP",
        "NM_UF": "Amapá",
        "CD_UF": 16,
        "NM_MUN": "Macapá",
        "CD_MUN": 1600303,
        "CT_LOCALIDADE": "Outras Localidades",
        "SCT_LOCALIDADE": "",
        "NM_RGINT": "Macapá",
        "CD_RGINT": 1601,
        "NM_RGI": "Macapá",
        "CD_RGI": 160001,
        "LAT_LOCALIDADE": 0.942900002002716,
        "LONG_LOCALIDADE": -50.0745010375977,
        "CATEGORIA_MAPA": "Rural",
        "DIST_MUNICIPIO": 148.34,
        "DIST_INFOVIA": 146.9
      },
      "geometry": {
        "type": "Point",
        "coordinates": [
          -50.074519299999984,
          0.942896299968962
        ]
      }
    },
    {
      "type": "Feature",
      "properties": {
        "NM_LOCALIDADE": "Gordo",
        "CD_LOCALIDADE": 160030300080.0,
        "SIGLA_UF": "AP",
        "NM_UF": "Amapá",
        "CD_UF": 16,
        "NM_MUN": "Macapá",
        "CD_MUN": 1600303,
        "CT_LOCALIDADE": "Outras Localidades",
        "SCT_LOCALIDADE": "",
        "NM_RGINT": "Macapá",
        "CD_RGINT": 1601,
        "NM_RGI": "Macapá",
        "CD_RGI": 160001,
        "LAT_LOCALIDADE": 0.759700000286102,
        "LONG_LOCALIDADE": -50.7174987792969,
        "CATEGORIA_MAPA": "Rural",
        "DIST_MUNICIPIO": 88.42,
        "DIST_INFOVIA": 88.52
      },
      "geometry": {
        "type": "Point",
        "coordinates": [
          -50.7175086,
          0.759680899974991
        ]
      }
    },
    {
      "type": "Feature",
      "properties": {
        "NM_LOCALIDADE": "Ipixuna Miranda",
        "CD_LOCALIDADE": 160030300081.0,
        "SIGLA_UF": "AP",
        "NM_UF": "Amapá",
        "CD_UF": 16,
        "NM_MUN": "Macapá",
        "CD_MUN": 1600303,
        "CT_LOCALIDADE": "Outras Localidades",
        "SCT_LOCALIDADE": "",
        "NM_RGINT": "Macapá",
        "CD_RGINT": 1601,
        "NM_RGI": "Macapá",
        "CD_RGI": 160001,
        "LAT_LOCALIDADE": 0.243399992585182,
        "LONG_LOCALIDADE": -50.752799987793,
        "CATEGORIA_MAPA": "Rural",
        "DIST_MUNICIPIO": 40.68,
        "DIST_INFOVIA": 38.6
      },
      "geometry": {
        "type": "Point",
        "coordinates": [
          -50.7528436,
          0.243442899991985
        ]
      }
    },
    {
      "type": "Feature",
      "properties": {
        "NM_LOCALIDADE": "Jaranduba",
        "CD_LOCALIDADE": 160030300082.0,
        "SIGLA_UF": "AP",
        "NM_UF": "Amapá",
        "CD_UF": 16,
        "NM_MUN": "Macapá",
        "CD_MUN": 1600303,
        "CT_LOCALIDADE": "Outras Localidades",
        "SCT_LOCALIDADE": "",
        "NM_RGINT": "Macapá",
        "CD_RGINT": 1601,
        "NM_RGI": "Macapá",
        "CD_RGI": 160001,
        "LAT_LOCALIDADE": 0.882499992847443,
        "LONG_LOCALIDADE": -50.0639991760254,
        "CATEGORIA_MAPA": "Rural",
        "DIST_MUNICIPIO": 144.77,
        "DIST_INFOVIA": 143.07
      },
      "geometry": {
        "type": "Point",
        "coordinates": [
          -50.0640443,
          0.88250039997095
        ]
      }
    },
    {
      "type": "Feature",
      "properties": {
        "NM_LOCALIDADE": "Jupati",
        "CD_LOCALIDADE": 160030300083.0,
        "SIGLA_UF": "AP",
        "NM_UF": "Amapá",
        "CD_UF": 16,
        "NM_MUN": "Macapá",
        "CD_MUN": 1600303,
        "CT_LOCALIDADE": "Outras Localidades",
        "SCT_LOCALIDADE": "",
        "NM_RGINT": "Macapá",
        "CD_RGINT": 1601,
        "NM_RGI": "Macapá",
        "CD_RGI": 160001,
        "LAT_LOCALIDADE": 0.738600015640259,
        "LONG_LOCALIDADE": -50.3459014892578,
        "CATEGORIA_MAPA": "Rural",
        "DIST_MUNICIPIO": 110.81,
        "DIST_INFOVIA": 109.64
      },
      "geometry": {
        "type": "Point",
        "coordinates": [
          -50.3459355,
          0.738563099975686
        ]
      }
    },
    {
      "type": "Feature",
      "properties": {
        "NM_LOCALIDADE": "Liberdade",
        "CD_LOCALIDADE": 160030300084.0,
        "SIGLA_UF": "AP",
        "NM_UF": "Amapá",
        "CD_UF": 16,
        "NM_MUN": "Macapá",
        "CD_MUN": 1600303,
        "CT_LOCALIDADE": "Povoado",
        "SCT_LOCALIDADE": "",
        "NM_RGINT": "Macapá",
        "CD_RGINT": 1601,
        "NM_RGI": "Macapá",
        "CD_RGI": 160001,
        "LAT_LOCALIDADE": 0.814800024032593,
        "LONG_LOCALIDADE": -50.7191009521484,
        "CATEGORIA_MAPA": "Rural",
        "DIST_MUNICIPIO": 93.93,
        "DIST_INFOVIA": 94.03
      },
      "geometry": {
        "type": "Point",
        "coordinates": [
          -50.7190609375,
          0.814803296848177
        ]
      }
    },
    {
      "type": "Feature",
      "properties": {
        "NM_LOCALIDADE": "Livramento",
        "CD_LOCALIDADE": 160030300085.0,
        "SIGLA_UF": "AP",
        "NM_UF": "Amapá",
        "CD_UF": 16,
        "NM_MUN": "Macapá",
        "CD_MUN": 1600303,
        "CT_LOCALIDADE": "Outras Localidades",
        "SCT_LOCALIDADE": "",
        "NM_RGINT": "Macapá",
        "CD_RGINT": 1601,
        "NM_RGI": "Macapá",
        "CD_RGI": 160001,
        "LAT_LOCALIDADE": 1.03180003166199,
        "LONG_LOCALIDADE": -50.0674018859863,
        "CATEGORIA_MAPA": "Rural",
        "DIST_MUNICIPIO": 155.75,
        "DIST_INFOVIA": 154.6
      },
      "geometry": {
        "type": "Point",
        "coordinates": [
          -50.0674343,
          1.031783999966037
        ]
      }
    },
    {
      "type": "Feature",
      "properties": {
        "NM_LOCALIDADE": "Mangabeira",
        "CD_LOCALIDADE": 160030300086.0,
        "SIGLA_UF": "AP",
        "NM_UF": "Amapá",
        "CD_UF": 16,
        "NM_MUN": "Macapá",
        "CD_MUN": 1600303,
        "CT_LOCALIDADE": "Outras Localidades",
        "SCT_LOCALIDADE": "",
        "NM_RGINT": "Macapá",
        "CD_RGINT": 1601,
        "NM_RGI": "Macapá",
        "CD_RGI": 160001,
        "LAT_LOCALIDADE": 0.386400014162064,
        "LONG_LOCALIDADE": -50.9031982421875,
        "CATEGORIA_MAPA": "Rural",
        "DIST_MUNICIPIO": 42.09,
        "DIST_INFOVIA": 42.19
      },
      "geometry": {
        "type": "Point",
        "coordinates": [
          -50.9031682,
          0.386438299987277
        ]
      }
    },
    {
      "type": "Feature",
      "properties": {
        "NM_LOCALIDADE": "Marinheiro de Fora",
        "CD_LOCALIDADE": 160030300087.0,
        "SIGLA_UF": "AP",
        "NM_UF": "Amapá",
        "CD_UF": 16,
        "NM_MUN": "Macapá",
        "CD_MUN": 1600303,
        "CT_LOCALIDADE": "Outras Localidades",
        "SCT_LOCALIDADE": "",
        "NM_RGINT": "Macapá",
        "CD_RGINT": 1601,
        "NM_RGI": "Macapá",
        "CD_RGI": 160001,
        "LAT_LOCALIDADE": 0.904699981212616,
        "LONG_LOCALIDADE": -50.0222015380859,
        "CATEGORIA_MAPA": "Rural",
        "DIST_MUNICIPIO": 149.92,
        "DIST_INFOVIA": 148.17
      },
      "geometry": {
        "type": "Point",
        "coordinates": [
          -50.0222082,
          0.904717599970218
        ]
      }
    },
    {
      "type": "Feature",
      "properties": {
        "NM_LOCALIDADE": "Mauba",
        "CD_LOCALIDADE": 160030300088.0,
        "SIGLA_UF": "AP",
        "NM_UF": "Amapá",
        "CD_UF": 16,
        "NM_MUN": "Macapá",
        "CD_MUN": 1600303,
        "CT_LOCALIDADE": "Outras Localidades",
        "SCT_LOCALIDADE": "",
        "NM_RGINT": "Macapá",
        "CD_RGINT": 1601,
        "NM_RGI": "Macapá",
        "CD_RGI": 160001,
        "LAT_LOCALIDADE": 0.879499971866608,
        "LONG_LOCALIDADE": -50.1277008056641,
        "CATEGORIA_MAPA": "Rural",
        "DIST_MUNICIPIO": 139.22,
        "DIST_INFOVIA": 137.74
      },
      "geometry": {
        "type": "Point",
        "coordinates": [
          -50.1277105,
          0.879478399971049
        ]
      }
    },
    {
      "type": "Feature",
      "properties": {
        "NM_LOCALIDADE": "Palestina",
        "CD_LOCALIDADE": 160030300089.0,
        "SIGLA_UF": "AP",
        "NM_UF": "Amapá",
        "CD_UF": 16,
        "NM_MUN": "Macapá",
        "CD_MUN": 1600303,
        "CT_LOCALIDADE": "Outras Localidades",
        "SCT_LOCALIDADE": "",
        "NM_RGINT": "Macapá",
        "CD_RGINT": 1601,
        "NM_RGI": "Macapá",
        "CD_RGI": 160001,
        "LAT_LOCALIDADE": 0.875899970531464,
        "LONG_LOCALIDADE": -50.4688987731934,
        "CATEGORIA_MAPA": "Rural",
        "DIST_MUNICIPIO": 113.6,
        "DIST_INFOVIA": 113.55
      },
      "geometry": {
        "type": "Point",
        "coordinates": [
          -50.4689341,
          0.875866499971168
        ]
      }
    },
    {
      "type": "Feature",
      "properties": {
        "NM_LOCALIDADE": "Rio Pirativa",
        "CD_LOCALIDADE": 160030300091.0,
        "SIGLA_UF": "AP",
        "NM_UF": "Amapá",
        "CD_UF": 16,
        "NM_MUN": "Macapá",
        "CD_MUN": 1600303,
        "CT_LOCALIDADE": "Outras Localidades",
        "SCT_LOCALIDADE": "",
        "NM_RGINT": "Macapá",
        "CD_RGINT": 1601,
        "NM_RGI": "Macapá",
        "CD_RGI": 160001,
        "LAT_LOCALIDADE": 0.134100005030632,
        "LONG_LOCALIDADE": -50.9833984375,
        "CATEGORIA_MAPA": "Rural",
        "DIST_MUNICIPIO": 13.25,
        "DIST_INFOVIA": 13.24
      },
      "geometry": {
        "type": "Point",
        "coordinates": [
          -50.98341289999998,
          0.134149899995583
        ]
      }
    },
    {
      "type": "Feature",
      "properties": {
        "NM_LOCALIDADE": "São Benedito",
        "CD_LOCALIDADE": 160030300092.0,
        "SIGLA_UF": "AP",
        "NM_UF": "Amapá",
        "CD_UF": 16,
        "NM_MUN": "Macapá",
        "CD_MUN": 1600303,
        "CT_LOCALIDADE": "Povoado",
        "SCT_LOCALIDADE": "",
        "NM_RGINT": "Macapá",
        "CD_RGINT": 1601,
        "NM_RGI": "Macapá",
        "CD_RGI": 160001,
        "LAT_LOCALIDADE": 0.810599982738495,
        "LONG_LOCALIDADE": -50.6337013244629,
        "CATEGORIA_MAPA": "Rural",
        "DIST_MUNICIPIO": 97.71,
        "DIST_INFOVIA": 97.79
      },
      "geometry": {
        "type": "Point",
        "coordinates": [
          -50.6336727391304,
          0.810598913016794
        ]
      }
    },
    {
      "type": "Feature",
      "properties": {
        "NM_LOCALIDADE": "São Francisco do Alto",
        "CD_LOCALIDADE": 160030300093.0,
        "SIGLA_UF": "AP",
        "NM_UF": "Amapá",
        "CD_UF": 16,
        "NM_MUN": "Macapá",
        "CD_MUN": 1600303,
        "CT_LOCALIDADE": "Outras Localidades",
        "SCT_LOCALIDADE": "",
        "NM_RGINT": "Macapá",
        "CD_RGINT": 1601,
        "NM_RGI": "Macapá",
        "CD_RGI": 160001,
        "LAT_LOCALIDADE": 0.745999991893768,
        "LONG_LOCALIDADE": -50.6727981567383,
        "CATEGORIA_MAPA": "Rural",
        "DIST_MUNICIPIO": 89.32,
        "DIST_INFOVIA": 89.4
      },
      "geometry": {
        "type": "Point",
        "coordinates": [
          -50.6727587,
          0.745990099975442
        ]
      }
    },
    {
      "type": "Feature",
      "properties": {
        "NM_LOCALIDADE": "São Raimundo",
        "CD_LOCALIDADE": 160030300094.0,
        "SIGLA_UF": "AP",
        "NM_UF": "Amapá",
        "CD_UF": 16,
        "NM_MUN": "Macapá",
        "CD_MUN": 1600303,
        "CT_LOCALIDADE": "Outras Localidades",
        "SCT_LOCALIDADE": "",
        "NM_RGINT": "Macapá",
        "CD_RGINT": 1601,
        "NM_RGI": "Macapá",
        "CD_RGI": 160001,
        "LAT_LOCALIDADE": 0.630200028419495,
        "LONG_LOCALIDADE": -50.6744995117188,
        "CATEGORIA_MAPA": "Rural",
        "DIST_MUNICIPIO": 78.16,
        "DIST_INFOVIA": 78.21
      },
      "geometry": {
        "type": "Point",
        "coordinates": [
          -50.6745326,
          0.630218699979253
        ]
      }
    },
    {
      "type": "Feature",
      "properties": {
        "NM_LOCALIDADE": "São Sebastião",
        "CD_LOCALIDADE": 160030300095.0,
        "SIGLA_UF": "AP",
        "NM_UF": "Amapá",
        "CD_UF": 16,
        "NM_MUN": "Macapá",
        "CD_MUN": 1600303,
        "CT_LOCALIDADE": "Povoado",
        "SCT_LOCALIDADE": "",
        "NM_RGINT": "Macapá",
        "CD_RGINT": 1601,
        "NM_RGI": "Macapá",
        "CD_RGI": 160001,
        "LAT_LOCALIDADE": 0.793799996376038,
        "LONG_LOCALIDADE": -50.6482009887695,
        "CATEGORIA_MAPA": "Rural",
        "DIST_MUNICIPIO": 95.3,
        "DIST_INFOVIA": 95.37
      },
      "geometry": {
        "type": "Point",
        "coordinates": [
          -50.64821361616161,
          0.793779505024374
        ]
      }
    },
    {
      "type": "Feature",
      "properties": {
        "NM_LOCALIDADE": "Tracajatuba II",
        "CD_LOCALIDADE": 160030300096.0,
        "SIGLA_UF": "AP",
        "NM_UF": "Amapá",
        "CD_UF": 16,
        "NM_MUN": "Macapá",
        "CD_MUN": 1600303,
        "CT_LOCALIDADE": "Outras Localidades",
        "SCT_LOCALIDADE": "",
        "NM_RGINT": "Macapá",
        "CD_RGINT": 1601,
        "NM_RGI": "Macapá",
        "CD_RGI": 160001,
        "LAT_LOCALIDADE": 0.669700026512146,
        "LONG_LOCALIDADE": -50.6851005554199,
        "CATEGORIA_MAPA": "Rural",
        "DIST_MUNICIPIO": 81.27,
        "DIST_INFOVIA": 81.34
      },
      "geometry": {
        "type": "Point",
        "coordinates": [
          -50.6850514,
          0.669677999977954
        ]
      }
    },
    {
      "type": "Feature",
      "properties": {
        "NM_LOCALIDADE": "Tracajatuba III",
        "CD_LOCALIDADE": 160030300097.0,
        "SIGLA_UF": "AP",
        "NM_UF": "Amapá",
        "CD_UF": 16,
        "NM_MUN": "Macapá",
        "CD_MUN": 1600303,
        "CT_LOCALIDADE": "Outras Localidades",
        "SCT_LOCALIDADE": "",
        "NM_RGINT": "Macapá",
        "CD_RGINT": 1601,
        "NM_RGI": "Macapá",
        "CD_RGI": 160001,
        "LAT_LOCALIDADE": 0.643999993801117,
        "LONG_LOCALIDADE": -50.6706008911133,
        "CATEGORIA_MAPA": "Rural",
        "DIST_MUNICIPIO": 79.68,
        "DIST_INFOVIA": 79.74
      },
      "geometry": {
        "type": "Point",
        "coordinates": [
          -50.6706377,
          0.644004499978799
        ]
      }
    },
    {
      "type": "Feature",
      "properties": {
        "NM_LOCALIDADE": "São Pedro",
        "CD_LOCALIDADE": 160030300098.0,
        "SIGLA_UF": "AP",
        "NM_UF": "Amapá",
        "CD_UF": 16,
        "NM_MUN": "Macapá",
        "CD_MUN": 1600303,
        "CT_LOCALIDADE": "Outras Localidades",
        "SCT_LOCALIDADE": "",
        "NM_RGINT": "Macapá",
        "CD_RGINT": 1601,
        "NM_RGI": "Macapá",
        "CD_RGI": 160001,
        "LAT_LOCALIDADE": 0.86710000038147,
        "LONG_LOCALIDADE": -50.125,
        "CATEGORIA_MAPA": "Rural",
        "DIST_MUNICIPIO": 138.53,
        "DIST_INFOVIA": 136.99
      },
      "geometry": {
        "type": "Point",
        "coordinates": [
          -50.1249909,
          0.867109899971456
        ]
      }
    },
    {
      "type": "Feature",
      "properties": {
        "NM_LOCALIDADE": "Foz do Gurijuba",
        "CD_LOCALIDADE": 160030300099.0,
        "SIGLA_UF": "AP",
        "NM_UF": "Amapá",
        "CD_UF": 16,
        "NM_MUN": "Macapá",
        "CD_MUN": 1600303,
        "CT_LOCALIDADE": "Outras Localidades",
        "SCT_LOCALIDADE": "",
        "NM_RGINT": "Macapá",
        "CD_RGINT": 1601,
        "NM_RGI": "Macapá",
        "CD_RGI": 160001,
        "LAT_LOCALIDADE": 0.873300015926361,
        "LONG_LOCALIDADE": -50.2855987548828,
        "CATEGORIA_MAPA": "Rural",
        "DIST_MUNICIPIO": 126.24,
        "DIST_INFOVIA": 125.37
      },
      "geometry": {
        "type": "Point",
        "coordinates": [
          -50.285602,
          0.873345999971251
        ]
      }
    },
    {
      "type": "Feature",
      "properties": {
        "NM_LOCALIDADE": "Comunidade Quilombola Lontra da Pedreira",
        "CD_LOCALIDADE": 160030300100.0,
        "SIGLA_UF": "AP",
        "NM_UF": "Amapá",
        "CD_UF": 16,
        "NM_MUN": "Macapá",
        "CD_MUN": 1600303,
        "CT_LOCALIDADE": "Localidade Quilombola",
        "SCT_LOCALIDADE": "Outras Localidades Quilombolas",
        "NM_RGINT": "Macapá",
        "CD_RGINT": 1601,
        "NM_RGI": "Macapá",
        "CD_RGI": 160001,
        "LAT_LOCALIDADE": 0.299899995326996,
        "LONG_LOCALIDADE": -50.86669921875,
        "CATEGORIA_MAPA": "Rural",
        "DIST_MUNICIPIO": 35.78,
        "DIST_INFOVIA": 35.75
      },
      "geometry": {
        "type": "Point",
        "coordinates": [
          -50.86670741680001,
          0.299932513874125
        ]
      }
    },
    {
      "type": "Feature",
      "properties": {
        "NM_LOCALIDADE": "Comunidade Quilombola Casa Grande",
        "CD_LOCALIDADE": 160030300101.0,
        "SIGLA_UF": "AP",
        "NM_UF": "Amapá",
        "CD_UF": 16,
        "NM_MUN": "Macapá",
        "CD_MUN": 1600303,
        "CT_LOCALIDADE": "Localidade Quilombola",
        "SCT_LOCALIDADE": "Outras Localidades Quilombolas",
        "NM_RGINT": "Macapá",
        "CD_RGINT": 1601,
        "NM_RGI": "Macapá",
        "CD_RGI": 160001,
        "LAT_LOCALIDADE": 0.191200003027916,
        "LONG_LOCALIDADE": -51.00830078125,
        "CATEGORIA_MAPA": "Rural",
        "DIST_MUNICIPIO": 17.6,
        "DIST_INFOVIA": 17.72
      },
      "geometry": {
        "type": "Point",
        "coordinates": [
          -51.008349166799995,
          0.191224986101704
        ]
      }
    },
    {
      "type": "Feature",
      "properties": {
        "NM_LOCALIDADE": "Comunidade Quilombola Conceição do Macacoari",
        "CD_LOCALIDADE": 160030300102.0,
        "SIGLA_UF": "AP",
        "NM_UF": "Amapá",
        "CD_UF": 16,
        "NM_MUN": "Macapá",
        "CD_MUN": 1600303,
        "CT_LOCALIDADE": "Localidade Quilombola",
        "SCT_LOCALIDADE": "Outras Localidades Quilombolas",
        "NM_RGINT": "Macapá",
        "CD_RGINT": 1601,
        "NM_RGI": "Macapá",
        "CD_RGI": 160001,
        "LAT_LOCALIDADE": 0.457199990749359,
        "LONG_LOCALIDADE": -50.7592010498047,
        "CATEGORIA_MAPA": "Rural",
        "DIST_MUNICIPIO": 56.96,
        "DIST_INFOVIA": 56.92
      },
      "geometry": {
        "type": "Point",
        "coordinates": [
          -50.7591657778,
          0.457208374994948
        ]
      }
    },
    {
      "type": "Feature",
      "properties": {
        "NM_LOCALIDADE": "Comunidade Quilombola Cunani",
        "CD_LOCALIDADE": 160030300103.0,
        "SIGLA_UF": "AP",
        "NM_UF": "Amapá",
        "CD_UF": 16,
        "NM_MUN": "Macapá",
        "CD_MUN": 1600303,
        "CT_LOCALIDADE": "Localidade Quilombola",
        "SCT_LOCALIDADE": "Outras Localidades Quilombolas",
        "NM_RGINT": "Macapá",
        "CD_RGINT": 1601,
        "NM_RGI": "Macapá",
        "CD_RGI": 160001,
        "LAT_LOCALIDADE": 0.0992999970912933,
        "LONG_LOCALIDADE": -51.0448989868164,
        "CATEGORIA_MAPA": "Rural",
        "DIST_MUNICIPIO": 6.66,
        "DIST_INFOVIA": 6.8
      },
      "geometry": {
        "type": "Point",
        "coordinates": [
          -51.04491025,
          0.09931129166283
        ]
      }
    },
    {
      "type": "Feature",
      "properties": {
        "NM_LOCALIDADE": "Comunidade Quilombola Curiaú",
        "CD_LOCALIDADE": 160030300104.0,
        "SIGLA_UF": "AP",
        "NM_UF": "Amapá",
        "CD_UF": 16,
        "NM_MUN": "Macapá",
        "CD_MUN": 1600303,
        "CT_LOCALIDADE": "Localidade Quilombola",
        "SCT_LOCALIDADE": "Outras Localidades Quilombolas",
        "NM_RGINT": "Macapá",
        "CD_RGINT": 1601,
        "NM_RGI": "Macapá",
        "CD_RGI": 160001,
        "LAT_LOCALIDADE": 0.0489000007510185,
        "LONG_LOCALIDADE": -51.0587005615234,
        "CATEGORIA_MAPA": "Rural",
        "DIST_MUNICIPIO": 0.92,
        "DIST_INFOVIA": 1.13
      },
      "geometry": {
        "type": "Point",
        "coordinates": [
          -51.0587276229393,
          0.048879770185727
        ]
      }
    },
    {
      "type": "Feature",
      "properties": {
        "NM_LOCALIDADE": "Comunidade Quilombola Curralinho do Pontal",
        "CD_LOCALIDADE": 160030300105.0,
        "SIGLA_UF": "AP",
        "NM_UF": "Amapá",
        "CD_UF": 16,
        "NM_MUN": "Macapá",
        "CD_MUN": 1600303,
        "CT_LOCALIDADE": "Localidade Quilombola",
        "SCT_LOCALIDADE": "Outras Localidades Quilombolas",
        "NM_RGINT": "Macapá",
        "CD_RGINT": 1601,
        "NM_RGI": "Macapá",
        "CD_RGI": 160001,
        "LAT_LOCALIDADE": 0.102899998426437,
        "LONG_LOCALIDADE": -51.0964012145996,
        "CATEGORIA_MAPA": "Rural",
        "DIST_MUNICIPIO": 8.16,
        "DIST_INFOVIA": 8.39
      },
      "geometry": {
        "type": "Point",
        "coordinates": [
          -51.096373875,
          0.102871374995613
        ]
      }
    },
    {
      "type": "Feature",
      "properties": {
        "NM_LOCALIDADE": "Comunidade Quilombola Campina Grande",
        "CD_LOCALIDADE": 160030300106.0,
        "SIGLA_UF": "AP",
        "NM_UF": "Amapá",
        "CD_UF": 16,
        "NM_MUN": "Macapá",
        "CD_MUN": 1600303,
        "CT_LOCALIDADE": "Localidade Quilombola",
        "SCT_LOCALIDADE": "Outras Localidades Quilombolas",
        "NM_RGINT": "Macapá",
        "CD_RGINT": 1601,
        "NM_RGI": "Macapá",
        "CD_RGI": 160001,
        "LAT_LOCALIDADE": 0.234300002455711,
        "LONG_LOCALIDADE": -51.1414985656738,
        "CATEGORIA_MAPA": "Rural",
        "DIST_MUNICIPIO": 23.47,
        "DIST_INFOVIA": 23.69
      },
      "geometry": {
        "type": "Point",
        "coordinates": [
          -51.1415123055,
          0.234291833322286
        ]
      }
    },
    {
      "type": "Feature",
      "properties": {
        "NM_LOCALIDADE": "Comunidade Quilombola Igarapé das Armas",
        "CD_LOCALIDADE": 160030300109.0,
        "SIGLA_UF": "AP",
        "NM_UF": "Amapá",
        "CD_UF": 16,
        "NM_MUN": "Macapá",
        "CD_MUN": 1600303,
        "CT_LOCALIDADE": "Localidade Quilombola",
        "SCT_LOCALIDADE": "Outras Localidades Quilombolas",
        "NM_RGINT": "Macapá",
        "CD_RGINT": 1601,
        "NM_RGI": "Macapá",
        "CD_RGI": 160001,
        "LAT_LOCALIDADE": 0.331900000572205,
        "LONG_LOCALIDADE": -51.2310981750488,
        "CATEGORIA_MAPA": "Rural",
        "DIST_MUNICIPIO": 37.7,
        "DIST_INFOVIA": 37.93
      },
      "geometry": {
        "type": "Point",
        "coordinates": [
          -51.23113865279999,
          0.331862361098074
        ]
      }
    },
    {
      "type": "Feature",
      "properties": {
        "NM_LOCALIDADE": "Comunidade Quilombola Igarapé do Lago",
        "CD_LOCALIDADE": 160030300110.0,
        "SIGLA_UF": "AP",
        "NM_UF": "Amapá",
        "CD_UF": 16,
        "NM_MUN": "Macapá",
        "CD_MUN": 1600303,
        "CT_LOCALIDADE": "Localidade Quilombola",
        "SCT_LOCALIDADE": "Outras Localidades Quilombolas",
        "NM_RGINT": "Macapá",
        "CD_RGINT": 1601,
        "NM_RGI": "Macapá",
        "CD_RGI": 160001,
        "LAT_LOCALIDADE": 0.0516999997198582,
        "LONG_LOCALIDADE": -51.0491981506348,
        "CATEGORIA_MAPA": "Rural",
        "DIST_MUNICIPIO": 1.52,
        "DIST_INFOVIA": 1.59
      },
      "geometry": {
        "type": "Point",
        "coordinates": [
          -51.04915163889999,
          0.051700499997998
        ]
      }
    },
    {
      "type": "Feature",
      "properties": {
        "NM_LOCALIDADE": "Comunidade Quilombola Rio Pirativa",
        "CD_LOCALIDADE": 160030300112.0,
        "SIGLA_UF": "AP",
        "NM_UF": "Amapá",
        "CD_UF": 16,
        "NM_MUN": "Macapá",
        "CD_MUN": 1600303,
        "CT_LOCALIDADE": "Localidade Quilombola",
        "SCT_LOCALIDADE": "Outras Localidades Quilombolas",
        "NM_RGINT": "Macapá",
        "CD_RGINT": 1601,
        "NM_RGI": "Macapá",
        "CD_RGI": 160001,
        "LAT_LOCALIDADE": 0.127100005745888,
        "LONG_LOCALIDADE": -50.9866981506348,
        "CATEGORIA_MAPA": "Rural",
        "DIST_MUNICIPIO": 12.4,
        "DIST_INFOVIA": 12.37
      },
      "geometry": {
        "type": "Point",
        "coordinates": [
          -50.9867499999,
          0.127090805548816
        ]
      }
    },
    {
      "type": "Feature",
      "properties": {
        "NM_LOCALIDADE": "Comunidade Quilombola Santa Maria do Maruanum",
        "CD_LOCALIDADE": 160030300113.0,
        "SIGLA_UF": "AP",
        "NM_UF": "Amapá",
        "CD_UF": 16,
        "NM_MUN": "Macapá",
        "CD_MUN": 1600303,
        "CT_LOCALIDADE": "Localidade Quilombola",
        "SCT_LOCALIDADE": "Outras Localidades Quilombolas",
        "NM_RGINT": "Macapá",
        "CD_RGINT": 1601,
        "NM_RGI": "Macapá",
        "CD_RGI": 160001,
        "LAT_LOCALIDADE": 0.175799995660782,
        "LONG_LOCALIDADE": -51.2476997375488,
        "CATEGORIA_MAPA": "Rural",
        "DIST_MUNICIPIO": 25.96,
        "DIST_INFOVIA": 26.19
      },
      "geometry": {
        "type": "Point",
        "coordinates": [
          -51.2477363472,
          0.17584961110421
        ]
      }
    },
    {
      "type": "Feature",
      "properties": {
        "NM_LOCALIDADE": "Comunidade Quilombola São Pedro do Caranã",
        "CD_LOCALIDADE": 160030300115.0,
        "SIGLA_UF": "AP",
        "NM_UF": "Amapá",
        "CD_UF": 16,
        "NM_MUN": "Macapá",
        "CD_MUN": 1600303,
        "CT_LOCALIDADE": "Localidade Quilombola",
        "SCT_LOCALIDADE": "Outras Localidades Quilombolas",
        "NM_RGINT": "Macapá",
        "CD_RGINT": 1601,
        "NM_RGI": "Macapá",
        "CD_RGI": 160001,
        "LAT_LOCALIDADE": 0.086499996483326,
        "LONG_LOCALIDADE": -51.0498008728027,
        "CATEGORIA_MAPA": "Rural",
        "DIST_MUNICIPIO": 5.16,
        "DIST_INFOVIA": 5.31
      },
      "geometry": {
        "type": "Point",
        "coordinates": [
          -51.0498161944,
          0.086532249996751
        ]
      }
    },
    {
      "type": "Feature",
      "properties": {
        "NM_LOCALIDADE": "Pacui",
        "CD_LOCALIDADE": 160030300119.0,
        "SIGLA_UF": "AP",
        "NM_UF": "Amapá",
        "CD_UF": 16,
        "NM_MUN": "Macapá",
        "CD_MUN": 1600303,
        "CT_LOCALIDADE": "Outras Localidades",
        "SCT_LOCALIDADE": "",
        "NM_RGINT": "Macapá",
        "CD_RGINT": 1601,
        "NM_RGI": "Macapá",
        "CD_RGI": 160001,
        "LAT_LOCALIDADE": 0.661700010299683,
        "LONG_LOCALIDADE": -50.7532005310059,
        "CATEGORIA_MAPA": "Rural",
        "DIST_MUNICIPIO": 76.89,
        "DIST_INFOVIA": 76.98
      },
      "geometry": {
        "type": "Point",
        "coordinates": [
          -50.75321,
          0.661709999978216
        ]
      }
    },
    {
      "type": "Feature",
      "properties": {
        "NM_LOCALIDADE": "Arraial",
        "CD_LOCALIDADE": 160030300120.0,
        "SIGLA_UF": "AP",
        "NM_UF": "Amapá",
        "CD_UF": 16,
        "NM_MUN": "Macapá",
        "CD_MUN": 1600303,
        "CT_LOCALIDADE": "Outras Localidades",
        "SCT_LOCALIDADE": "",
        "NM_RGINT": "Macapá",
        "CD_RGINT": 1601,
        "NM_RGI": "Macapá",
        "CD_RGI": 160001,
        "LAT_LOCALIDADE": 1.00730001926422,
        "LONG_LOCALIDADE": -50.1137008666992,
        "CATEGORIA_MAPA": "Rural",
        "DIST_MUNICIPIO": 150.2,
        "DIST_INFOVIA": 149.13
      },
      "geometry": {
        "type": "Point",
        "coordinates": [
          -50.11374,
          1.007339999966841
        ]
      }
    },
    {
      "type": "Feature",
      "properties": {
        "NM_LOCALIDADE": "Poraque",
        "CD_LOCALIDADE": 160030300121.0,
        "SIGLA_UF": "AP",
        "NM_UF": "Amapá",
        "CD_UF": 16,
        "NM_MUN": "Macapá",
        "CD_MUN": 1600303,
        "CT_LOCALIDADE": "Outras Localidades",
        "SCT_LOCALIDADE": "",
        "NM_RGINT": "Macapá",
        "CD_RGINT": 1601,
        "NM_RGI": "Macapá",
        "CD_RGI": 160001,
        "LAT_LOCALIDADE": 0.668600022792816,
        "LONG_LOCALIDADE": -50.4450988769531,
        "CATEGORIA_MAPA": "Rural",
        "DIST_MUNICIPIO": 97.51,
        "DIST_INFOVIA": 96.53
      },
      "geometry": {
        "type": "Point",
        "coordinates": [
          -50.44512,
          0.66858999997799
        ]
      }
    },
    {
      "type": "Feature",
      "properties": {
        "NM_LOCALIDADE": "Agrovila do PA Maracá",
        "CD_LOCALIDADE": 160040200001.0,
        "SIGLA_UF": "AP",
        "NM_UF": "Amapá",
        "CD_UF": 16,
        "NM_MUN": "Mazagão",
        "CD_MUN": 1600402,
        "CT_LOCALIDADE": "Povoado",
        "SCT_LOCALIDADE": "",
        "NM_RGINT": "Macapá",
        "CD_RGINT": 1601,
        "NM_RGI": "Macapá",
        "CD_RGI": 160001,
        "LAT_LOCALIDADE": -0.180600002408028,
        "LONG_LOCALIDADE": -51.7359008789062,
        "CATEGORIA_MAPA": "Rural",
        "DIST_MUNICIPIO": 50.77,
        "DIST_INFOVIA": 44.21
      },
      "geometry": {
        "type": "Point",
        "coordinates": [
          -51.7359302617924,
          -0.180583252352545
        ]
      }
    },
    {
      "type": "Feature",
      "properties": {
        "NM_LOCALIDADE": "Agrovila do PA Maracá",
        "CD_LOCALIDADE": 160040200001.0,
        "SIGLA_UF": "AP",
        "NM_UF": "Amapá",
        "CD_UF": 16,
        "NM_MUN": "Mazagão",
        "CD_MUN": 1600402,
        "CT_LOCALIDADE": "Agrovila do PA",
        "SCT_LOCALIDADE": "",
        "NM_RGINT": "Macapá",
        "CD_RGINT": 1601,
        "NM_RGI": "Macapá",
        "CD_RGI": 160001,
        "LAT_LOCALIDADE": -0.180600002408028,
        "LONG_LOCALIDADE": -51.7359008789062,
        "CATEGORIA_MAPA": "Rural",
        "DIST_MUNICIPIO": 50.77,
        "DIST_INFOVIA": 44.21
      },
      "geometry": {
        "type": "Point",
        "coordinates": [
          -51.7359302617924,
          -0.180583252352545
        ]
      }
    },
    {
      "type": "Feature",
      "properties": {
        "NM_LOCALIDADE": "Betel",
        "CD_LOCALIDADE": 160040200004.0,
        "SIGLA_UF": "AP",
        "NM_UF": "Amapá",
        "CD_UF": 16,
        "NM_MUN": "Mazagão",
        "CD_MUN": 1600402,
        "CT_LOCALIDADE": "Povoado",
        "SCT_LOCALIDADE": "",
        "NM_RGINT": "Macapá",
        "CD_RGINT": 1601,
        "NM_RGI": "Macapá",
        "CD_RGI": 160001,
        "LAT_LOCALIDADE": -0.597500026226044,
        "LONG_LOCALIDADE": -51.6301002502441,
        "CATEGORIA_MAPA": "Rural",
        "DIST_MUNICIPIO": 65.94,
        "DIST_INFOVIA": 5.51
      },
      "geometry": {
        "type": "Point",
        "coordinates": [
          -51.6300862773722,
          -0.597479956184709
        ]
      }
    },
    {
      "type": "Feature",
      "properties": {
        "NM_LOCALIDADE": "Comunidade Quilombola Conceição do Maracá",
        "CD_LOCALIDADE": 160040200005.0,
        "SIGLA_UF": "AP",
        "NM_UF": "Amapá",
        "CD_UF": 16,
        "NM_MUN": "Mazagão",
        "CD_MUN": 1600402,
        "CT_LOCALIDADE": "Localidade Quilombola",
        "SCT_LOCALIDADE": "Agrupamento Quilombola",
        "NM_RGINT": "Macapá",
        "CD_RGINT": 1601,
        "NM_RGI": "Macapá",
        "CD_RGI": 160001,
        "LAT_LOCALIDADE": -0.294099986553192,
        "LONG_LOCALIDADE": -51.6918983459473,
        "CATEGORIA_MAPA": "Rural",
        "DIST_MUNICIPIO": 49.5,
        "DIST_INFOVIA": 33.58
      },
      "geometry": {
        "type": "Point",
        "coordinates": [
          -51.6918778448275,
          -0.294114206886868
        ]
      }
    },
    {
      "type": "Feature",
      "properties": {
        "NM_LOCALIDADE": "Comunidade Quilombola Fortaleza",
        "CD_LOCALIDADE": 160040200006.0,
        "SIGLA_UF": "AP",
        "NM_UF": "Amapá",
        "CD_UF": 16,
        "NM_MUN": "Mazagão",
        "CD_MUN": 1600402,
        "CT_LOCALIDADE": "Localidade Quilombola",
        "SCT_LOCALIDADE": "Agrupamento Quilombola",
        "NM_RGINT": "Macapá",
        "CD_RGINT": 1601,
        "NM_RGI": "Macapá",
        "CD_RGI": 160001,
        "LAT_LOCALIDADE": -0.303600013256073,
        "LONG_LOCALIDADE": -51.7370986938477,
        "CATEGORIA_MAPA": "Rural",
        "DIST_MUNICIPIO": 54.54,
        "DIST_INFOVIA": 36.31
      },
      "geometry": {
        "type": "Point",
        "coordinates": [
          -51.7370903809523,
          -0.303647380942383
        ]
      }
    },
    {
      "type": "Feature",
      "properties": {
        "NM_LOCALIDADE": "Comunidade Quilombola Lagoa do Maracá",
        "CD_LOCALIDADE": 160040200007.0,
        "SIGLA_UF": "AP",
        "NM_UF": "Amapá",
        "CD_UF": 16,
        "NM_MUN": "Mazagão",
        "CD_MUN": 1600402,
        "CT_LOCALIDADE": "Localidade Quilombola",
        "SCT_LOCALIDADE": "Agrupamento Quilombola",
        "NM_RGINT": "Macapá",
        "CD_RGINT": 1601,
        "NM_RGI": "Macapá",
        "CD_RGI": 160001,
        "LAT_LOCALIDADE": -0.293700009584427,
        "LONG_LOCALIDADE": -51.6590003967285,
        "CATEGORIA_MAPA": "Rural",
        "DIST_MUNICIPIO": 46.15,
        "DIST_INFOVIA": 30.38
      },
      "geometry": {
        "type": "Point",
        "coordinates": [
          -51.658953,
          -0.293724052621908
        ]
      }
    },
    {
      "type": "Feature",
      "properties": {
        "NM_LOCALIDADE": "Comunidade Quilombola Laranjal",
        "CD_LOCALIDADE": 160040200008.0,
        "SIGLA_UF": "AP",
        "NM_UF": "Amapá",
        "CD_UF": 16,
        "NM_MUN": "Mazagão",
        "CD_MUN": 1600402,
        "CT_LOCALIDADE": "Localidade Quilombola",
        "SCT_LOCALIDADE": "Agrupamento Quilombola",
        "NM_RGINT": "Macapá",
        "CD_RGINT": 1601,
        "NM_RGI": "Macapá",
        "CD_RGI": 160001,
        "LAT_LOCALIDADE": -0.288100004196167,
        "LONG_LOCALIDADE": -51.8125991821289,
        "CATEGORIA_MAPA": "Rural",
        "DIST_MUNICIPIO": 61.83,
        "DIST_INFOVIA": 43.21
      },
      "geometry": {
        "type": "Point",
        "coordinates": [
          -51.8126392619047,
          -0.288108571419086
        ]
      }
    },
    {
      "type": "Feature",
      "properties": {
        "NM_LOCALIDADE": "Comunidade Quilombola São Miguel do Rio Maracá",
        "CD_LOCALIDADE": 160040200009.0,
        "SIGLA_UF": "AP",
        "NM_UF": "Amapá",
        "CD_UF": 16,
        "NM_MUN": "Mazagão",
        "CD_MUN": 1600402,
        "CT_LOCALIDADE": "Localidade Quilombola",
        "SCT_LOCALIDADE": "Agrupamento Quilombola",
        "NM_RGINT": "Macapá",
        "CD_RGINT": 1601,
        "NM_RGI": "Macapá",
        "CD_RGI": 160001,
        "LAT_LOCALIDADE": -0.229300007224083,
        "LONG_LOCALIDADE": -51.6095008850098,
        "CATEGORIA_MAPA": "Rural",
        "DIST_MUNICIPIO": 38.34,
        "DIST_INFOVIA": 29.62
      },
      "geometry": {
        "type": "Point",
        "coordinates": [
          -51.6095495,
          -0.229327599992449
        ]
      }
    },
    {
      "type": "Feature",
      "properties": {
        "NM_LOCALIDADE": "Comunidade Quilombola Carvão",
        "CD_LOCALIDADE": 160040200010.0,
        "SIGLA_UF": "AP",
        "NM_UF": "Amapá",
        "CD_UF": 16,
        "NM_MUN": "Mazagão",
        "CD_MUN": 1600402,
        "CT_LOCALIDADE": "Localidade Quilombola",
        "SCT_LOCALIDADE": "Agrupamento Quilombola",
        "NM_RGINT": "Macapá",
        "CD_RGINT": 1601,
        "NM_RGI": "Macapá",
        "CD_RGI": 160001,
        "LAT_LOCALIDADE": -0.184900000691414,
        "LONG_LOCALIDADE": -51.3544006347656,
        "CATEGORIA_MAPA": "Rural",
        "DIST_MUNICIPIO": 10.97,
        "DIST_INFOVIA": 7.47
      },
      "geometry": {
        "type": "Point",
        "coordinates": [
          -51.3544402163009,
          -0.184915658301121
        ]
      }
    },
    {
      "type": "Feature",
      "properties": {
        "NM_LOCALIDADE": "Comunidade Quilombola Joaquina",
        "CD_LOCALIDADE": 160040200011.0,
        "SIGLA_UF": "AP",
        "NM_UF": "Amapá",
        "CD_UF": 16,
        "NM_MUN": "Mazagão",
        "CD_MUN": 1600402,
        "CT_LOCALIDADE": "Localidade Quilombola",
        "SCT_LOCALIDADE": "Agrupamento Quilombola",
        "NM_RGINT": "Macapá",
        "CD_RGINT": 1601,
        "NM_RGI": "Macapá",
        "CD_RGI": 160001,
        "LAT_LOCALIDADE": -0.292400002479553,
        "LONG_LOCALIDADE": -51.7327995300293,
        "CATEGORIA_MAPA": "Rural",
        "DIST_MUNICIPIO": 53.62,
        "DIST_INFOVIA": 36.99
      },
      "geometry": {
        "type": "Point",
        "coordinates": [
          -51.73275489999999,
          -0.292356299990374
        ]
      }
    },
    {
      "type": "Feature",
      "properties": {
        "NM_LOCALIDADE": "Comunidade Quilombola Mari",
        "CD_LOCALIDADE": 160040200012.0,
        "SIGLA_UF": "AP",
        "NM_UF": "Amapá",
        "CD_UF": 16,
        "NM_MUN": "Mazagão",
        "CD_MUN": 1600402,
        "CT_LOCALIDADE": "Localidade Quilombola",
        "SCT_LOCALIDADE": "Agrupamento Quilombola",
        "NM_RGINT": "Macapá",
        "CD_RGINT": 1601,
        "NM_RGI": "Macapá",
        "CD_RGI": 160001,
        "LAT_LOCALIDADE": -0.276800006628036,
        "LONG_LOCALIDADE": -51.6343002319336,
        "CATEGORIA_MAPA": "Rural",
        "DIST_MUNICIPIO": 42.86,
        "DIST_INFOVIA": 28.99
      },
      "geometry": {
        "type": "Point",
        "coordinates": [
          -51.6342754166666,
          -0.276797999990887
        ]
      }
    },
    {
      "type": "Feature",
      "properties": {
        "NM_LOCALIDADE": "Agrovila do PA Pancada do Camaipi",
        "CD_LOCALIDADE": 160040200013.0,
        "SIGLA_UF": "AP",
        "NM_UF": "Amapá",
        "CD_UF": 16,
        "NM_MUN": "Mazagão",
        "CD_MUN": 1600402,
        "CT_LOCALIDADE": "Outras Localidades",
        "SCT_LOCALIDADE": "",
        "NM_RGINT": "Macapá",
        "CD_RGINT": 1601,
        "NM_RGI": "Macapá",
        "CD_RGI": 160001,
        "LAT_LOCALIDADE": 0.172700002789497,
        "LONG_LOCALIDADE": -51.6291007995605,
        "CATEGORIA_MAPA": "Rural",
        "DIST_MUNICIPIO": 50.03,
        "DIST_INFOVIA": 57.36
      },
      "geometry": {
        "type": "Point",
        "coordinates": [
          -51.6291396,
          0.172728399994313
        ]
      }
    },
    {
      "type": "Feature",
      "properties": {
        "NM_LOCALIDADE": "Agrovila do PA Piquiazal",
        "CD_LOCALIDADE": 160040200014.0,
        "SIGLA_UF": "AP",
        "NM_UF": "Amapá",
        "CD_UF": 16,
        "NM_MUN": "Mazagão",
        "CD_MUN": 1600402,
        "CT_LOCALIDADE": "Outras Localidades",
        "SCT_LOCALIDADE": "",
        "NM_RGINT": "Macapá",
        "CD_RGINT": 1601,
        "NM_RGI": "Macapá",
        "CD_RGI": 160001,
        "LAT_LOCALIDADE": -0.149800002574921,
        "LONG_LOCALIDADE": -51.4851989746094,
        "CATEGORIA_MAPA": "Rural",
        "DIST_MUNICIPIO": 22.69,
        "DIST_INFOVIA": 21.26
      },
      "geometry": {
        "type": "Point",
        "coordinates": [
          -51.4852001,
          -0.149849099995066
        ]
      }
    },
    {
      "type": "Feature",
      "properties": {
        "NM_LOCALIDADE": "Ajudante",
        "CD_LOCALIDADE": 160040200015.0,
        "SIGLA_UF": "AP",
        "NM_UF": "Amapá",
        "CD_UF": 16,
        "NM_MUN": "Mazagão",
        "CD_MUN": 1600402,
        "CT_LOCALIDADE": "Outras Localidades",
        "SCT_LOCALIDADE": "",
        "NM_RGINT": "Macapá",
        "CD_RGINT": 1601,
        "NM_RGI": "Macapá",
        "CD_RGI": 160001,
        "LAT_LOCALIDADE": -0.174899995326996,
        "LONG_LOCALIDADE": -51.4117012023926,
        "CATEGORIA_MAPA": "Rural",
        "DIST_MUNICIPIO": 15.64,
        "DIST_INFOVIA": 12.96
      },
      "geometry": {
        "type": "Point",
        "coordinates": [
          -51.4116967,
          -0.174909499994241
        ]
      }
    },
    {
      "type": "Feature",
      "properties": {
        "NM_LOCALIDADE": "Boa Vista",
        "CD_LOCALIDADE": 160040200016.0,
        "SIGLA_UF": "AP",
        "NM_UF": "Amapá",
        "CD_UF": 16,
        "NM_MUN": "Mazagão",
        "CD_MUN": 1600402,
        "CT_LOCALIDADE": "Outras Localidades",
        "SCT_LOCALIDADE": "",
        "NM_RGINT": "Macapá",
        "CD_RGINT": 1601,
        "NM_RGI": "Macapá",
        "CD_RGI": 160001,
        "LAT_LOCALIDADE": -0.169799998402596,
        "LONG_LOCALIDADE": -51.5598983764648,
        "CATEGORIA_MAPA": "Rural",
        "DIST_MUNICIPIO": 31.26,
        "DIST_INFOVIA": 27.2
      },
      "geometry": {
        "type": "Point",
        "coordinates": [
          -51.5598798,
          -0.169811399994409
        ]
      }
    },
    {
      "type": "Feature",
      "properties": {
        "NM_LOCALIDADE": "Santo Expedito",
        "CD_LOCALIDADE": 160040200017.0,
        "SIGLA_UF": "AP",
        "NM_UF": "Amapá",
        "CD_UF": 16,
        "NM_MUN": "Mazagão",
        "CD_MUN": 1600402,
        "CT_LOCALIDADE": "Povoado",
        "SCT_LOCALIDADE": "",
        "NM_RGINT": "Macapá",
        "CD_RGINT": 1601,
        "NM_RGI": "Macapá",
        "CD_RGI": 160001,
        "LAT_LOCALIDADE": -0.0104000000283122,
        "LONG_LOCALIDADE": -51.6762008666992,
        "CATEGORIA_MAPA": "Rural",
        "DIST_MUNICIPIO": 45.17,
        "DIST_INFOVIA": 47.54
      },
      "geometry": {
        "type": "Point",
        "coordinates": [
          -51.6761904393939,
          -0.010364893939053
        ]
      }
    },
    {
      "type": "Feature",
      "properties": {
        "NM_LOCALIDADE": "Maranata",
        "CD_LOCALIDADE": 160040200018.0,
        "SIGLA_UF": "AP",
        "NM_UF": "Amapá",
        "CD_UF": 16,
        "NM_MUN": "Mazagão",
        "CD_MUN": 1600402,
        "CT_LOCALIDADE": "Outras Localidades",
        "SCT_LOCALIDADE": "",
        "NM_RGINT": "Macapá",
        "CD_RGINT": 1601,
        "NM_RGI": "Macapá",
        "CD_RGI": 160001,
        "LAT_LOCALIDADE": -0.535099983215332,
        "LONG_LOCALIDADE": -51.5480003356934,
        "CATEGORIA_MAPA": "Rural",
        "DIST_MUNICIPIO": 55.08,
        "DIST_INFOVIA": 3.08
      },
      "geometry": {
        "type": "Point",
        "coordinates": [
          -51.5479897,
          -0.535078499982384
        ]
      }
    },
    {
      "type": "Feature",
      "properties": {
        "NM_LOCALIDADE": "Canaã",
        "CD_LOCALIDADE": 160040200019.0,
        "SIGLA_UF": "AP",
        "NM_UF": "Amapá",
        "CD_UF": 16,
        "NM_MUN": "Mazagão",
        "CD_MUN": 1600402,
        "CT_LOCALIDADE": "Outras Localidades",
        "SCT_LOCALIDADE": "",
        "NM_RGINT": "Macapá",
        "CD_RGINT": 1601,
        "NM_RGI": "Macapá",
        "CD_RGI": 160001,
        "LAT_LOCALIDADE": -0.532299995422363,
        "LONG_LOCALIDADE": -51.5475006103516,
        "CATEGORIA_MAPA": "Rural",
        "DIST_MUNICIPIO": 54.8,
        "DIST_INFOVIA": 3.29
      },
      "geometry": {
        "type": "Point",
        "coordinates": [
          -51.5475497,
          -0.532316399982475
        ]
      }
    },
    {
      "type": "Feature",
      "properties": {
        "NM_LOCALIDADE": "José Hilário",
        "CD_LOCALIDADE": 160040200020.0,
        "SIGLA_UF": "AP",
        "NM_UF": "Amapá",
        "CD_UF": 16,
        "NM_MUN": "Mazagão",
        "CD_MUN": 1600402,
        "CT_LOCALIDADE": "Outras Localidades",
        "SCT_LOCALIDADE": "",
        "NM_RGINT": "Macapá",
        "CD_RGINT": 1601,
        "NM_RGI": "Macapá",
        "CD_RGI": 160001,
        "LAT_LOCALIDADE": -0.00769999995827675,
        "LONG_LOCALIDADE": -51.6689987182617,
        "CATEGORIA_MAPA": "Rural",
        "DIST_MUNICIPIO": 44.47,
        "DIST_INFOVIA": 47.04
      },
      "geometry": {
        "type": "Point",
        "coordinates": [
          -51.6689903,
          -0.007748699999745
        ]
      }
    },
    {
      "type": "Feature",
      "properties": {
        "NM_LOCALIDADE": "Arraias",
        "CD_LOCALIDADE": 160040200021.0,
        "SIGLA_UF": "AP",
        "NM_UF": "Amapá",
        "CD_UF": 16,
        "NM_MUN": "Mazagão",
        "CD_MUN": 1600402,
        "CT_LOCALIDADE": "Outras Localidades",
        "SCT_LOCALIDADE": "",
        "NM_RGINT": "Macapá",
        "CD_RGINT": 1601,
        "NM_RGI": "Macapá",
        "CD_RGI": 160001,
        "LAT_LOCALIDADE": -0.579500019550323,
        "LONG_LOCALIDADE": -51.5792999267578,
        "CATEGORIA_MAPA": "Rural",
        "DIST_MUNICIPIO": 61.12,
        "DIST_INFOVIA": 2.27
      },
      "geometry": {
        "type": "Point",
        "coordinates": [
          -51.5793202,
          -0.579464899980923
        ]
      }
    },
    {
      "type": "Feature",
      "properties": {
        "NM_LOCALIDADE": "Bom Jesus do Rio Capitão",
        "CD_LOCALIDADE": 160040200022.0,
        "SIGLA_UF": "AP",
        "NM_UF": "Amapá",
        "CD_UF": 16,
        "NM_MUN": "Mazagão",
        "CD_MUN": 1600402,
        "CT_LOCALIDADE": "Outras Localidades",
        "SCT_LOCALIDADE": "",
        "NM_RGINT": "Macapá",
        "CD_RGINT": 1601,
        "NM_RGI": "Macapá",
        "CD_RGI": 160001,
        "LAT_LOCALIDADE": -0.646700024604797,
        "LONG_LOCALIDADE": -51.6458015441895,
        "CATEGORIA_MAPA": "Rural",
        "DIST_MUNICIPIO": 71.43,
        "DIST_INFOVIA": 4.03
      },
      "geometry": {
        "type": "Point",
        "coordinates": [
          -51.6458373,
          -0.646748699978709
        ]
      }
    },
    {
      "type": "Feature",
      "properties": {
        "NM_LOCALIDADE": "Filadélfia",
        "CD_LOCALIDADE": 160040200023.0,
        "SIGLA_UF": "AP",
        "NM_UF": "Amapá",
        "CD_UF": 16,
        "NM_MUN": "Mazagão",
        "CD_MUN": 1600402,
        "CT_LOCALIDADE": "Outras Localidades",
        "SCT_LOCALIDADE": "",
        "NM_RGINT": "Macapá",
        "CD_RGINT": 1601,
        "NM_RGI": "Macapá",
        "CD_RGI": 160001,
        "LAT_LOCALIDADE": -0.609200000762939,
        "LONG_LOCALIDADE": -51.6106986999512,
        "CATEGORIA_MAPA": "Rural",
        "DIST_MUNICIPIO": 65.79,
        "DIST_INFOVIA": 2.99
      },
      "geometry": {
        "type": "Point",
        "coordinates": [
          -51.6107331,
          -0.609205699979944
        ]
      }
    },
    {
      "type": "Feature",
      "properties": {
        "NM_LOCALIDADE": "Ilha do Cajari",
        "CD_LOCALIDADE": 160040200024.0,
        "SIGLA_UF": "AP",
        "NM_UF": "Amapá",
        "CD_UF": 16,
        "NM_MUN": "Mazagão",
        "CD_MUN": 1600402,
        "CT_LOCALIDADE": "Outras Localidades",
        "SCT_LOCALIDADE": "",
        "NM_RGINT": "Macapá",
        "CD_RGINT": 1601,
        "NM_RGI": "Macapá",
        "CD_RGI": 160001,
        "LAT_LOCALIDADE": -0.736100018024445,
        "LONG_LOCALIDADE": -51.668098449707,
        "CATEGORIA_MAPA": "Rural",
        "DIST_MUNICIPIO": 81.11,
        "DIST_INFOVIA": 1.49
      },
      "geometry": {
        "type": "Point",
        "coordinates": [
          -51.6681248,
          -0.736062699975769
        ]
      }
    },
    {
      "type": "Feature",
      "properties": {
        "NM_LOCALIDADE": "Monte Sinai",
        "CD_LOCALIDADE": 160040200025.0,
        "SIGLA_UF": "AP",
        "NM_UF": "Amapá",
        "CD_UF": 16,
        "NM_MUN": "Mazagão",
        "CD_MUN": 1600402,
        "CT_LOCALIDADE": "Outras Localidades",
        "SCT_LOCALIDADE": "",
        "NM_RGINT": "Macapá",
        "CD_RGINT": 1601,
        "NM_RGI": "Macapá",
        "CD_RGI": 160001,
        "LAT_LOCALIDADE": -0.746800005435944,
        "LONG_LOCALIDADE": -51.7033004760742,
        "CATEGORIA_MAPA": "Rural",
        "DIST_MUNICIPIO": 84.23,
        "DIST_INFOVIA": 4.19
      },
      "geometry": {
        "type": "Point",
        "coordinates": [
          -51.7032915,
          -0.746774199975416
        ]
      }
    },
    {
      "type": "Feature",
      "properties": {
        "NM_LOCALIDADE": "Mulato",
        "CD_LOCALIDADE": 160040200026.0,
        "SIGLA_UF": "AP",
        "NM_UF": "Amapá",
        "CD_UF": 16,
        "NM_MUN": "Mazagão",
        "CD_MUN": 1600402,
        "CT_LOCALIDADE": "Outras Localidades",
        "SCT_LOCALIDADE": "",
        "NM_RGINT": "Macapá",
        "CD_RGINT": 1601,
        "NM_RGI": "Macapá",
        "CD_RGI": 160001,
        "LAT_LOCALIDADE": -0.597000002861023,
        "LONG_LOCALIDADE": -51.5890998840332,
        "CATEGORIA_MAPA": "Rural",
        "DIST_MUNICIPIO": 63.35,
        "DIST_INFOVIA": 1.89
      },
      "geometry": {
        "type": "Point",
        "coordinates": [
          -51.589105299999986,
          -0.597018699980345
        ]
      }
    },
    {
      "type": "Feature",
      "properties": {
        "NM_LOCALIDADE": "Nossa Senhora do Perpétuo Socorro",
        "CD_LOCALIDADE": 160040200027.0,
        "SIGLA_UF": "AP",
        "NM_UF": "Amapá",
        "CD_UF": 16,
        "NM_MUN": "Mazagão",
        "CD_MUN": 1600402,
        "CT_LOCALIDADE": "Outras Localidades",
        "SCT_LOCALIDADE": "",
        "NM_RGINT": "Macapá",
        "CD_RGINT": 1601,
        "NM_RGI": "Macapá",
        "CD_RGI": 160001,
        "LAT_LOCALIDADE": -0.645099997520447,
        "LONG_LOCALIDADE": -51.6347007751465,
        "CATEGORIA_MAPA": "Rural",
        "DIST_MUNICIPIO": 70.6,
        "DIST_INFOVIA": 3.08
      },
      "geometry": {
        "type": "Point",
        "coordinates": [
          -51.6346935,
          -0.645148899978761
        ]
      }
    },
    {
      "type": "Feature",
      "properties": {
        "NM_LOCALIDADE": "Timbó",
        "CD_LOCALIDADE": 160040200028.0,
        "SIGLA_UF": "AP",
        "NM_UF": "Amapá",
        "CD_UF": 16,
        "NM_MUN": "Mazagão",
        "CD_MUN": 1600402,
        "CT_LOCALIDADE": "Outras Localidades",
        "SCT_LOCALIDADE": "",
        "NM_RGINT": "Macapá",
        "CD_RGINT": 1601,
        "NM_RGI": "Macapá",
        "CD_RGI": 160001,
        "LAT_LOCALIDADE": -0.68860000371933,
        "LONG_LOCALIDADE": -51.9849014282227,
        "CATEGORIA_MAPA": "Rural",
        "DIST_MUNICIPIO": 100.65,
        "DIST_INFOVIA": 34.78
      },
      "geometry": {
        "type": "Point",
        "coordinates": [
          -51.9849461,
          -0.688572199977332
        ]
      }
    },
    {
      "type": "Feature",
      "properties": {
        "NM_LOCALIDADE": "Bom Jesus",
        "CD_LOCALIDADE": 160040200029.0,
        "SIGLA_UF": "AP",
        "NM_UF": "Amapá",
        "CD_UF": 16,
        "NM_MUN": "Mazagão",
        "CD_MUN": 1600402,
        "CT_LOCALIDADE": "Outras Localidades",
        "SCT_LOCALIDADE": "",
        "NM_RGINT": "Macapá",
        "CD_RGINT": 1601,
        "NM_RGI": "Macapá",
        "CD_RGI": 160001,
        "LAT_LOCALIDADE": -0.522800028324127,
        "LONG_LOCALIDADE": -51.6338996887207,
        "CATEGORIA_MAPA": "Rural",
        "DIST_MUNICIPIO": 59.67,
        "DIST_INFOVIA": 10.94
      },
      "geometry": {
        "type": "Point",
        "coordinates": [
          -51.6338526,
          -0.522794599982789
        ]
      }
    },
    {
      "type": "Feature",
      "properties": {
        "NM_LOCALIDADE": "Perpétuo Socorro",
        "CD_LOCALIDADE": 160040200030.0,
        "SIGLA_UF": "AP",
        "NM_UF": "Amapá",
        "CD_UF": 16,
        "NM_MUN": "Mazagão",
        "CD_MUN": 1600402,
        "CT_LOCALIDADE": "Outras Localidades",
        "SCT_LOCALIDADE": "",
        "NM_RGINT": "Macapá",
        "CD_RGINT": 1601,
        "NM_RGI": "Macapá",
        "CD_RGI": 160001,
        "LAT_LOCALIDADE": -0.518100023269653,
        "LONG_LOCALIDADE": -51.6242980957031,
        "CATEGORIA_MAPA": "Rural",
        "DIST_MUNICIPIO": 58.58,
        "DIST_INFOVIA": 10.44
      },
      "geometry": {
        "type": "Point",
        "coordinates": [
          -51.624289,
          -0.518069899982944
        ]
      }
    },
    {
      "type": "Feature",
      "properties": {
        "NM_LOCALIDADE": "São José do Ajuruxi",
        "CD_LOCALIDADE": 160040200031.0,
        "SIGLA_UF": "AP",
        "NM_UF": "Amapá",
        "CD_UF": 16,
        "NM_MUN": "Mazagão",
        "CD_MUN": 1600402,
        "CT_LOCALIDADE": "Outras Localidades",
        "SCT_LOCALIDADE": "",
        "NM_RGINT": "Macapá",
        "CD_RGINT": 1601,
        "NM_RGI": "Macapá",
        "CD_RGI": 160001,
        "LAT_LOCALIDADE": -0.493099987506866,
        "LONG_LOCALIDADE": -51.7178993225098,
        "CATEGORIA_MAPA": "Rural",
        "DIST_MUNICIPIO": 63.93,
        "DIST_INFOVIA": 20.28
      },
      "geometry": {
        "type": "Point",
        "coordinates": [
          -51.7179002,
          -0.493064899983767
        ]
      }
    },
    {
      "type": "Feature",
      "properties": {
        "NM_LOCALIDADE": "Santa Maria do Curuçá",
        "CD_LOCALIDADE": 160040200032.0,
        "SIGLA_UF": "AP",
        "NM_UF": "Amapá",
        "CD_UF": 16,
        "NM_MUN": "Mazagão",
        "CD_MUN": 1600402,
        "CT_LOCALIDADE": "Outras Localidades",
        "SCT_LOCALIDADE": "",
        "NM_RGINT": "Macapá",
        "CD_RGINT": 1601,
        "NM_RGI": "Macapá",
        "CD_RGI": 160001,
        "LAT_LOCALIDADE": -0.503199994564056,
        "LONG_LOCALIDADE": -51.4887008666992,
        "CATEGORIA_MAPA": "Rural",
        "DIST_MUNICIPIO": 48.71,
        "DIST_INFOVIA": 1.94
      },
      "geometry": {
        "type": "Point",
        "coordinates": [
          -51.4887081,
          -0.503222499983433
        ]
      }
    },
    {
      "type": "Feature",
      "properties": {
        "NM_LOCALIDADE": "Soldado",
        "CD_LOCALIDADE": 160040200033.0,
        "SIGLA_UF": "AP",
        "NM_UF": "Amapá",
        "CD_UF": 16,
        "NM_MUN": "Mazagão",
        "CD_MUN": 1600402,
        "CT_LOCALIDADE": "Outras Localidades",
        "SCT_LOCALIDADE": "",
        "NM_RGINT": "Macapá",
        "CD_RGINT": 1601,
        "NM_RGI": "Macapá",
        "CD_RGI": 160001,
        "LAT_LOCALIDADE": -0.492599993944168,
        "LONG_LOCALIDADE": -51.4720993041992,
        "CATEGORIA_MAPA": "Rural",
        "DIST_MUNICIPIO": 46.82,
        "DIST_INFOVIA": 1.59
      },
      "geometry": {
        "type": "Point",
        "coordinates": [
          -51.4720723,
          -0.492634699983781
        ]
      }
    },
    {
      "type": "Feature",
      "properties": {
        "NM_LOCALIDADE": "Central do Maracá",
        "CD_LOCALIDADE": 160040200034.0,
        "SIGLA_UF": "AP",
        "NM_UF": "Amapá",
        "CD_UF": 16,
        "NM_MUN": "Mazagão",
        "CD_MUN": 1600402,
        "CT_LOCALIDADE": "Outras Localidades",
        "SCT_LOCALIDADE": "",
        "NM_RGINT": "Macapá",
        "CD_RGINT": 1601,
        "NM_RGI": "Macapá",
        "CD_RGI": 160001,
        "LAT_LOCALIDADE": -0.183799996972084,
        "LONG_LOCALIDADE": -51.6537017822266,
        "CATEGORIA_MAPA": "Rural",
        "DIST_MUNICIPIO": 41.8,
        "DIST_INFOVIA": 36.39
      },
      "geometry": {
        "type": "Point",
        "coordinates": [
          -51.653706,
          -0.183833999993948
        ]
      }
    },
    {
      "type": "Feature",
      "properties": {
        "NM_LOCALIDADE": "Macedônia",
        "CD_LOCALIDADE": 160040200035.0,
        "SIGLA_UF": "AP",
        "NM_UF": "Amapá",
        "CD_UF": 16,
        "NM_MUN": "Mazagão",
        "CD_MUN": 1600402,
        "CT_LOCALIDADE": "Outras Localidades",
        "SCT_LOCALIDADE": "",
        "NM_RGINT": "Macapá",
        "CD_RGINT": 1601,
        "NM_RGI": "Macapá",
        "CD_RGI": 160001,
        "LAT_LOCALIDADE": -0.498299986124039,
        "LONG_LOCALIDADE": -51.7243003845215,
        "CATEGORIA_MAPA": "Rural",
        "DIST_MUNICIPIO": 64.85,
        "DIST_INFOVIA": 20.44
      },
      "geometry": {
        "type": "Point",
        "coordinates": [
          -51.72431059999999,
          -0.498302999983595
        ]
      }
    },
    {
      "type": "Feature",
      "properties": {
        "NM_LOCALIDADE": "Caranã",
        "CD_LOCALIDADE": 160040200036.0,
        "SIGLA_UF": "AP",
        "NM_UF": "Amapá",
        "CD_UF": 16,
        "NM_MUN": "Mazagão",
        "CD_MUN": 1600402,
        "CT_LOCALIDADE": "Outras Localidades",
        "SCT_LOCALIDADE": "",
        "NM_RGINT": "Macapá",
        "CD_RGINT": 1601,
        "NM_RGI": "Macapá",
        "CD_RGI": 160001,
        "LAT_LOCALIDADE": -0.0194000005722046,
        "LONG_LOCALIDADE": -51.8907012939453,
        "CATEGORIA_MAPA": "Rural",
        "DIST_MUNICIPIO": 68.31,
        "DIST_INFOVIA": 67.6
      },
      "geometry": {
        "type": "Point",
        "coordinates": [
          -51.8906757,
          -0.019415599999361
        ]
      }
    },
    {
      "type": "Feature",
      "properties": {
        "NM_LOCALIDADE": "São João",
        "CD_LOCALIDADE": 160040200037.0,
        "SIGLA_UF": "AP",
        "NM_UF": "Amapá",
        "CD_UF": 16,
        "NM_MUN": "Mazagão",
        "CD_MUN": 1600402,
        "CT_LOCALIDADE": "Outras Localidades",
        "SCT_LOCALIDADE": "",
        "NM_RGINT": "Macapá",
        "CD_RGINT": 1601,
        "NM_RGI": "Macapá",
        "CD_RGI": 160001,
        "LAT_LOCALIDADE": -0.519200026988983,
        "LONG_LOCALIDADE": -51.7784996032715,
        "CATEGORIA_MAPA": "Rural",
        "DIST_MUNICIPIO": 70.96,
        "DIST_INFOVIA": 24.1
      },
      "geometry": {
        "type": "Point",
        "coordinates": [
          -51.7784979,
          -0.519233999982906
        ]
      }
    },
    {
      "type": "Feature",
      "properties": {
        "NM_LOCALIDADE": "São Pedro",
        "CD_LOCALIDADE": 160040200038.0,
        "SIGLA_UF": "AP",
        "NM_UF": "Amapá",
        "CD_UF": 16,
        "NM_MUN": "Mazagão",
        "CD_MUN": 1600402,
        "CT_LOCALIDADE": "Outras Localidades",
        "SCT_LOCALIDADE": "",
        "NM_RGINT": "Macapá",
        "CD_RGINT": 1601,
        "NM_RGI": "Macapá",
        "CD_RGI": 160001,
        "LAT_LOCALIDADE": -0.507300019264221,
        "LONG_LOCALIDADE": -51.7821998596191,
        "CATEGORIA_MAPA": "Rural",
        "DIST_MUNICIPIO": 70.45,
        "DIST_INFOVIA": 25.16
      },
      "geometry": {
        "type": "Point",
        "coordinates": [
          -51.7821982,
          -0.507300299983299
        ]
      }
    },
    {
      "type": "Feature",
      "properties": {
        "NM_LOCALIDADE": "São Lázaro",
        "CD_LOCALIDADE": 160040200039.0,
        "SIGLA_UF": "AP",
        "NM_UF": "Amapá",
        "CD_UF": 16,
        "NM_MUN": "Mazagão",
        "CD_MUN": 1600402,
        "CT_LOCALIDADE": "Outras Localidades",
        "SCT_LOCALIDADE": "",
        "NM_RGINT": "Macapá",
        "CD_RGINT": 1601,
        "NM_RGI": "Macapá",
        "CD_RGI": 160001,
        "LAT_LOCALIDADE": -0.108400002121925,
        "LONG_LOCALIDADE": -51.6134986877441,
        "CATEGORIA_MAPA": "Rural",
        "DIST_MUNICIPIO": 36.65,
        "DIST_INFOVIA": 35.7
      },
      "geometry": {
        "type": "Point",
        "coordinates": [
          -51.6134554,
          -0.108409199996431
        ]
      }
    },
    {
      "type": "Feature",
      "properties": {
        "NM_LOCALIDADE": "Santa Clara do Cajari",
        "CD_LOCALIDADE": 160040200040.0,
        "SIGLA_UF": "AP",
        "NM_UF": "Amapá",
        "CD_UF": 16,
        "NM_MUN": "Mazagão",
        "CD_MUN": 1600402,
        "CT_LOCALIDADE": "Outras Localidades",
        "SCT_LOCALIDADE": "",
        "NM_RGINT": "Macapá",
        "CD_RGINT": 1601,
        "NM_RGI": "Macapá",
        "CD_RGI": 160001,
        "LAT_LOCALIDADE": -0.47299998998642,
        "LONG_LOCALIDADE": -52.0647010803223,
        "CATEGORIA_MAPA": "Rural",
        "DIST_MUNICIPIO": 95.46,
        "DIST_INFOVIA": 54.01
      },
      "geometry": {
        "type": "Point",
        "coordinates": [
          -52.0646536,
          -0.472978599984429
        ]
      }
    },
    {
      "type": "Feature",
      "properties": {
        "NM_LOCALIDADE": "Santo Antônio",
        "CD_LOCALIDADE": 160040200041.0,
        "SIGLA_UF": "AP",
        "NM_UF": "Amapá",
        "CD_UF": 16,
        "NM_MUN": "Mazagão",
        "CD_MUN": 1600402,
        "CT_LOCALIDADE": "Outras Localidades",
        "SCT_LOCALIDADE": "",
        "NM_RGINT": "Macapá",
        "CD_RGINT": 1601,
        "NM_RGI": "Macapá",
        "CD_RGI": 160001,
        "LAT_LOCALIDADE": -0.536499977111816,
        "LONG_LOCALIDADE": -51.5423011779785,
        "CATEGORIA_MAPA": "Rural",
        "DIST_MUNICIPIO": 54.88,
        "DIST_INFOVIA": 2.57
      },
      "geometry": {
        "type": "Point",
        "coordinates": [
          -51.5423165,
          -0.536503399982337
        ]
      }
    },
    {
      "type": "Feature",
      "properties": {
        "NM_LOCALIDADE": "Comunidade Quilombola Taperera",
        "CD_LOCALIDADE": 160040200042.0,
        "SIGLA_UF": "AP",
        "NM_UF": "Amapá",
        "CD_UF": 16,
        "NM_MUN": "Mazagão",
        "CD_MUN": 1600402,
        "CT_LOCALIDADE": "Localidade Quilombola",
        "SCT_LOCALIDADE": "Outras Localidades Quilombolas",
        "NM_RGINT": "Macapá",
        "CD_RGINT": 1601,
        "NM_RGI": "Macapá",
        "CD_RGI": 160001,
        "LAT_LOCALIDADE": -0.884800016880035,
        "LONG_LOCALIDADE": -51.901798248291,
        "CATEGORIA_MAPA": "Rural",
        "DIST_MUNICIPIO": 109.68,
        "DIST_INFOVIA": 22.37
      },
      "geometry": {
        "type": "Point",
        "coordinates": [
          -51.9018074025,
          -0.884805555515873
        ]
      }
    },
    {
      "type": "Feature",
      "properties": {
        "NM_LOCALIDADE": "Comunidade Quilombola Santa Cruz",
        "CD_LOCALIDADE": 160040200043.0,
        "SIGLA_UF": "AP",
        "NM_UF": "Amapá",
        "CD_UF": 16,
        "NM_MUN": "Mazagão",
        "CD_MUN": 1600402,
        "CT_LOCALIDADE": "Localidade Quilombola",
        "SCT_LOCALIDADE": "Agrupamento Quilombola",
        "NM_RGINT": "Macapá",
        "CD_RGINT": 1601,
        "NM_RGI": "Macapá",
        "CD_RGI": 160001,
        "LAT_LOCALIDADE": -0.434799998998642,
        "LONG_LOCALIDADE": -51.4541015625,
        "CATEGORIA_MAPA": "Rural",
        "DIST_MUNICIPIO": 40.19,
        "DIST_INFOVIA": 3.44
      },
      "geometry": {
        "type": "Point",
        "coordinates": [
          -51.4540795,
          -0.434812499985684
        ]
      }
    },
    {
      "type": "Feature",
      "properties": {
        "NM_LOCALIDADE": "Nova Jerusalém",
        "CD_LOCALIDADE": 160040200044.0,
        "SIGLA_UF": "AP",
        "NM_UF": "Amapá",
        "CD_UF": 16,
        "NM_MUN": "Mazagão",
        "CD_MUN": 1600402,
        "CT_LOCALIDADE": "Outras Localidades",
        "SCT_LOCALIDADE": "",
        "NM_RGINT": "Macapá",
        "CD_RGINT": 1601,
        "NM_RGI": "Macapá",
        "CD_RGI": 160001,
        "LAT_LOCALIDADE": -0.711600005626678,
        "LONG_LOCALIDADE": -51.6913986206055,
        "CATEGORIA_MAPA": "Rural",
        "DIST_MUNICIPIO": 80.24,
        "DIST_INFOVIA": 4.96
      },
      "geometry": {
        "type": "Point",
        "coordinates": [
          -51.691358,
          -0.711604999976574
        ]
      }
    },
    {
      "type": "Feature",
      "properties": {
        "NM_LOCALIDADE": "Jesus de Nazaré",
        "CD_LOCALIDADE": 160040200045.0,
        "SIGLA_UF": "AP",
        "NM_UF": "Amapá",
        "CD_UF": 16,
        "NM_MUN": "Mazagão",
        "CD_MUN": 1600402,
        "CT_LOCALIDADE": "Outras Localidades",
        "SCT_LOCALIDADE": "",
        "NM_RGINT": "Macapá",
        "CD_RGINT": 1601,
        "NM_RGI": "Macapá",
        "CD_RGI": 160001,
        "LAT_LOCALIDADE": -0.567300021648407,
        "LONG_LOCALIDADE": -51.619800567627,
        "CATEGORIA_MAPA": "Rural",
        "DIST_MUNICIPIO": 62.56,
        "DIST_INFOVIA": 6.63
      },
      "geometry": {
        "type": "Point",
        "coordinates": [
          -51.619838,
          -0.567278999981324
        ]
      }
    },
    {
      "type": "Feature",
      "properties": {
        "NM_LOCALIDADE": "Comunidade Quilombola Maracá",
        "CD_LOCALIDADE": 160040200046.0,
        "SIGLA_UF": "AP",
        "NM_UF": "Amapá",
        "CD_UF": 16,
        "NM_MUN": "Mazagão",
        "CD_MUN": 1600402,
        "CT_LOCALIDADE": "Localidade Quilombola",
        "SCT_LOCALIDADE": "Outras Localidades Quilombolas",
        "NM_RGINT": "Macapá",
        "CD_RGINT": 1601,
        "NM_RGI": "Macapá",
        "CD_RGI": 160001,
        "LAT_LOCALIDADE": -0.182899996638298,
        "LONG_LOCALIDADE": -51.7375984191895,
        "CATEGORIA_MAPA": "Rural",
        "DIST_MUNICIPIO": 50.99,
        "DIST_INFOVIA": 44.23
      },
      "geometry": {
        "type": "Point",
        "coordinates": [
          -51.73758626390001,
          -0.182927874991977
        ]
      }
    },
    {
      "type": "Feature",
      "properties": {
        "NM_LOCALIDADE": "Comunidade Quilombola Conceição do Maracá",
        "CD_LOCALIDADE": 160040200047.0,
        "SIGLA_UF": "AP",
        "NM_UF": "Amapá",
        "CD_UF": 16,
        "NM_MUN": "Mazagão",
        "CD_MUN": 1600402,
        "CT_LOCALIDADE": "Localidade Quilombola",
        "SCT_LOCALIDADE": "Outras Localidades Quilombolas",
        "NM_RGINT": "Macapá",
        "CD_RGINT": 1601,
        "NM_RGI": "Macapá",
        "CD_RGI": 160001,
        "LAT_LOCALIDADE": -0.180600002408028,
        "LONG_LOCALIDADE": -51.7356986999512,
        "CATEGORIA_MAPA": "Rural",
        "DIST_MUNICIPIO": 50.74,
        "DIST_INFOVIA": 44.19
      },
      "geometry": {
        "type": "Point",
        "coordinates": [
          -51.7356533472,
          -0.180585833324055
        ]
      }
    },
    {
      "type": "Feature",
      "properties": {
        "NM_LOCALIDADE": "Comunidade Quilombola Maruim",
        "CD_LOCALIDADE": 160040200048.0,
        "SIGLA_UF": "AP",
        "NM_UF": "Amapá",
        "CD_UF": 16,
        "NM_MUN": "Mazagão",
        "CD_MUN": 1600402,
        "CT_LOCALIDADE": "Localidade Quilombola",
        "SCT_LOCALIDADE": "Outras Localidades Quilombolas",
        "NM_RGINT": "Macapá",
        "CD_RGINT": 1601,
        "NM_RGI": "Macapá",
        "CD_RGI": 160001,
        "LAT_LOCALIDADE": -0.119400002062321,
        "LONG_LOCALIDADE": -51.8051986694336,
        "CATEGORIA_MAPA": "Rural",
        "DIST_MUNICIPIO": 57.96,
        "DIST_INFOVIA": 54.39
      },
      "geometry": {
        "type": "Point",
        "coordinates": [
          -51.805185527800006,
          -0.11936573610607
        ]
      }
    },
    {
      "type": "Feature",
      "properties": {
        "NM_LOCALIDADE": "Comunidade Quilombola Santa Luzia",
        "CD_LOCALIDADE": 160040200049.0,
        "SIGLA_UF": "AP",
        "NM_UF": "Amapá",
        "CD_UF": 16,
        "NM_MUN": "Mazagão",
        "CD_MUN": 1600402,
        "CT_LOCALIDADE": "Localidade Quilombola",
        "SCT_LOCALIDADE": "Outras Localidades Quilombolas",
        "NM_RGINT": "Macapá",
        "CD_RGINT": 1601,
        "NM_RGI": "Macapá",
        "CD_RGI": 160001,
        "LAT_LOCALIDADE": -0.423099994659424,
        "LONG_LOCALIDADE": -51.5129013061523,
        "CATEGORIA_MAPA": "Rural",
        "DIST_MUNICIPIO": 42.6,
        "DIST_INFOVIA": 10.1
      },
      "geometry": {
        "type": "Point",
        "coordinates": [
          -51.51291841670001,
          -0.42312127776207
        ]
      }
    },
    {
      "type": "Feature",
      "properties": {
        "NM_LOCALIDADE": "Aldeia Indígena Kumenê",
        "CD_LOCALIDADE": 160050100001.0,
        "SIGLA_UF": "AP",
        "NM_UF": "Amapá",
        "CD_UF": 16,
        "NM_MUN": "Oiapoque",
        "CD_MUN": 1600501,
        "CT_LOCALIDADE": "Localidade Indígena",
        "SCT_LOCALIDADE": "Agrupamento Indígena",
        "NM_RGINT": "Oiapoque - Porto Grande",
        "CD_RGINT": 1602,
        "NM_RGI": "Oiapoque",
        "CD_RGI": 160003,
        "LAT_LOCALIDADE": 3.4893000125885,
        "LONG_LOCALIDADE": -51.4828987121582,
        "CATEGORIA_MAPA": "Rural",
        "DIST_MUNICIPIO": 55.91,
        "DIST_INFOVIA": 386.56
      },
      "geometry": {
        "type": "Point",
        "coordinates": [
          -51.4829495308056,
          3.489276753439905
        ]
      }
    },
    {
      "type": "Feature",
      "properties": {
        "NM_LOCALIDADE": "Aldeia Indígena Kumenê",
        "CD_LOCALIDADE": 160050100001.0,
        "SIGLA_UF": "AP",
        "NM_UF": "Amapá",
        "CD_UF": 16,
        "NM_MUN": "Oiapoque",
        "CD_MUN": 1600501,
        "CT_LOCALIDADE": "Povoado",
        "SCT_LOCALIDADE": "",
        "NM_RGINT": "Oiapoque - Porto Grande",
        "CD_RGINT": 1602,
        "NM_RGI": "Oiapoque",
        "CD_RGI": 160003,
        "LAT_LOCALIDADE": 3.4893000125885,
        "LONG_LOCALIDADE": -51.4828987121582,
        "CATEGORIA_MAPA": "Rural",
        "DIST_MUNICIPIO": 55.91,
        "DIST_INFOVIA": 386.56
      },
      "geometry": {
        "type": "Point",
        "coordinates": [
          -51.4829495308056,
          3.489276753439905
        ]
      }
    },
    {
      "type": "Feature",
      "properties": {
        "NM_LOCALIDADE": "Aldeia Indígena Kamarumã",
        "CD_LOCALIDADE": 160050100002.0,
        "SIGLA_UF": "AP",
        "NM_UF": "Amapá",
        "CD_UF": 16,
        "NM_MUN": "Oiapoque",
        "CD_MUN": 1600501,
        "CT_LOCALIDADE": "Localidade Indígena",
        "SCT_LOCALIDADE": "Agrupamento Indígena",
        "NM_RGINT": "Oiapoque - Porto Grande",
        "CD_RGINT": 1602,
        "NM_RGI": "Oiapoque",
        "CD_RGI": 160003,
        "LAT_LOCALIDADE": 3.38030004501343,
        "LONG_LOCALIDADE": -51.2995986938477,
        "CATEGORIA_MAPA": "Rural",
        "DIST_MUNICIPIO": 79.06,
        "DIST_INFOVIA": 372.5
      },
      "geometry": {
        "type": "Point",
        "coordinates": [
          -51.2996168481847,
          3.380293382727248
        ]
      }
    },
    {
      "type": "Feature",
      "properties": {
        "NM_LOCALIDADE": "Aldeia Indígena Kamarumã",
        "CD_LOCALIDADE": 160050100002.0,
        "SIGLA_UF": "AP",
        "NM_UF": "Amapá",
        "CD_UF": 16,
        "NM_MUN": "Oiapoque",
        "CD_MUN": 1600501,
        "CT_LOCALIDADE": "Povoado",
        "SCT_LOCALIDADE": "",
        "NM_RGINT": "Oiapoque - Porto Grande",
        "CD_RGINT": 1602,
        "NM_RGI": "Oiapoque",
        "CD_RGI": 160003,
        "LAT_LOCALIDADE": 3.38030004501343,
        "LONG_LOCALIDADE": -51.2995986938477,
        "CATEGORIA_MAPA": "Rural",
        "DIST_MUNICIPIO": 79.06,
        "DIST_INFOVIA": 372.5
      },
      "geometry": {
        "type": "Point",
        "coordinates": [
          -51.2996168481847,
          3.380293382727248
        ]
      }
    },
    {
      "type": "Feature",
      "properties": {
        "NM_LOCALIDADE": "Aldeia Indígena Manga",
        "CD_LOCALIDADE": 160050100003.0,
        "SIGLA_UF": "AP",
        "NM_UF": "Amapá",
        "CD_UF": 16,
        "NM_MUN": "Oiapoque",
        "CD_MUN": 1600501,
        "CT_LOCALIDADE": "Povoado",
        "SCT_LOCALIDADE": "",
        "NM_RGINT": "Oiapoque - Porto Grande",
        "CD_RGINT": 1602,
        "NM_RGI": "Oiapoque",
        "CD_RGI": 160003,
        "LAT_LOCALIDADE": 3.72519993782043,
        "LONG_LOCALIDADE": -51.719799041748,
        "CATEGORIA_MAPA": "Rural",
        "DIST_MUNICIPIO": 18.78,
        "DIST_INFOVIA": 416.46
      },
      "geometry": {
        "type": "Point",
        "coordinates": [
          -51.719773009146294,
          3.725238664511838
        ]
      }
    },
    {
      "type": "Feature",
      "properties": {
        "NM_LOCALIDADE": "Aldeia Indígena Manga",
        "CD_LOCALIDADE": 160050100003.0,
        "SIGLA_UF": "AP",
        "NM_UF": "Amapá",
        "CD_UF": 16,
        "NM_MUN": "Oiapoque",
        "CD_MUN": 1600501,
        "CT_LOCALIDADE": "Localidade Indígena",
        "SCT_LOCALIDADE": "Agrupamento Indígena",
        "NM_RGINT": "Oiapoque - Porto Grande",
        "CD_RGINT": 1602,
        "NM_RGI": "Oiapoque",
        "CD_RGI": 160003,
        "LAT_LOCALIDADE": 3.72519993782043,
        "LONG_LOCALIDADE": -51.719799041748,
        "CATEGORIA_MAPA": "Rural",
        "DIST_MUNICIPIO": 18.78,
        "DIST_INFOVIA": 416.46
      },
      "geometry": {
        "type": "Point",
        "coordinates": [
          -51.719773009146294,
          3.725238664511838
        ]
      }
    },
    {
      "type": "Feature",
      "properties": {
        "NM_LOCALIDADE": "Aldeia Indígena São José dos Galibis",
        "CD_LOCALIDADE": 160050100004.0,
        "SIGLA_UF": "AP",
        "NM_UF": "Amapá",
        "CD_UF": 16,
        "NM_MUN": "Oiapoque",
        "CD_MUN": 1600501,
        "CT_LOCALIDADE": "Localidade Indígena",
        "SCT_LOCALIDADE": "Agrupamento Indígena",
        "NM_RGINT": "Oiapoque - Porto Grande",
        "CD_RGINT": 1602,
        "NM_RGI": "Oiapoque",
        "CD_RGI": 160003,
        "LAT_LOCALIDADE": 3.96799993515015,
        "LONG_LOCALIDADE": -51.7680015563965,
        "CATEGORIA_MAPA": "Rural",
        "DIST_MUNICIPIO": 15.49,
        "DIST_INFOVIA": 443.97
      },
      "geometry": {
        "type": "Point",
        "coordinates": [
          -51.7679666428571,
          3.967958642726919
        ]
      }
    },
    {
      "type": "Feature",
      "properties": {
        "NM_LOCALIDADE": "Aldeia Indígena São José dos Galibis",
        "CD_LOCALIDADE": 160050100004.0,
        "SIGLA_UF": "AP",
        "NM_UF": "Amapá",
        "CD_UF": 16,
        "NM_MUN": "Oiapoque",
        "CD_MUN": 1600501,
        "CT_LOCALIDADE": "Povoado",
        "SCT_LOCALIDADE": "",
        "NM_RGINT": "Oiapoque - Porto Grande",
        "CD_RGINT": 1602,
        "NM_RGI": "Oiapoque",
        "CD_RGI": 160003,
        "LAT_LOCALIDADE": 3.96799993515015,
        "LONG_LOCALIDADE": -51.7680015563965,
        "CATEGORIA_MAPA": "Rural",
        "DIST_MUNICIPIO": 15.49,
        "DIST_INFOVIA": 443.97
      },
      "geometry": {
        "type": "Point",
        "coordinates": [
          -51.7679666428571,
          3.967958642726919
        ]
      }
    },
    {
      "type": "Feature",
      "properties": {
        "NM_LOCALIDADE": "Aldeia Indígena Piquiá",
        "CD_LOCALIDADE": 160050100005.0,
        "SIGLA_UF": "AP",
        "NM_UF": "Amapá",
        "CD_UF": 16,
        "NM_MUN": "Oiapoque",
        "CD_MUN": 1600501,
        "CT_LOCALIDADE": "Povoado",
        "SCT_LOCALIDADE": "",
        "NM_RGINT": "Oiapoque - Porto Grande",
        "CD_RGINT": 1602,
        "NM_RGI": "Oiapoque",
        "CD_RGI": 160003,
        "LAT_LOCALIDADE": 3.57529997825623,
        "LONG_LOCALIDADE": -51.780200958252,
        "CATEGORIA_MAPA": "Rural",
        "DIST_MUNICIPIO": 30.86,
        "DIST_INFOVIA": 401.35
      },
      "geometry": {
        "type": "Point",
        "coordinates": [
          -51.7802362941176,
          3.575270705764945
        ]
      }
    },
    {
      "type": "Feature",
      "properties": {
        "NM_LOCALIDADE": "Aldeia Indígena Piquiá",
        "CD_LOCALIDADE": 160050100005.0,
        "SIGLA_UF": "AP",
        "NM_UF": "Amapá",
        "CD_UF": 16,
        "NM_MUN": "Oiapoque",
        "CD_MUN": 1600501,
        "CT_LOCALIDADE": "Localidade Indígena",
        "SCT_LOCALIDADE": "Agrupamento Indígena",
        "NM_RGINT": "Oiapoque - Porto Grande",
        "CD_RGINT": 1602,
        "NM_RGI": "Oiapoque",
        "CD_RGI": 160003,
        "LAT_LOCALIDADE": 3.57529997825623,
        "LONG_LOCALIDADE": -51.780200958252,
        "CATEGORIA_MAPA": "Rural",
        "DIST_MUNICIPIO": 30.86,
        "DIST_INFOVIA": 401.35
      },
      "geometry": {
        "type": "Point",
        "coordinates": [
          -51.7802362941176,
          3.575270705764945
        ]
      }
    },
    {
      "type": "Feature",
      "properties": {
        "NM_LOCALIDADE": "Aldeia Indígena Curipi",
        "CD_LOCALIDADE": 160050100006.0,
        "SIGLA_UF": "AP",
        "NM_UF": "Amapá",
        "CD_UF": 16,
        "NM_MUN": "Oiapoque",
        "CD_MUN": 1600501,
        "CT_LOCALIDADE": "Povoado",
        "SCT_LOCALIDADE": "",
        "NM_RGINT": "Oiapoque - Porto Grande",
        "CD_RGINT": 1602,
        "NM_RGI": "Oiapoque",
        "CD_RGI": 160003,
        "LAT_LOCALIDADE": 3.50119996070862,
        "LONG_LOCALIDADE": -51.7402000427246,
        "CATEGORIA_MAPA": "Rural",
        "DIST_MUNICIPIO": 39.92,
        "DIST_INFOVIA": 392.4
      },
      "geometry": {
        "type": "Point",
        "coordinates": [
          -51.740150333333304,
          3.501196761789775
        ]
      }
    },
    {
      "type": "Feature",
      "properties": {
        "NM_LOCALIDADE": "Aldeia Indígena Curipi",
        "CD_LOCALIDADE": 160050100006.0,
        "SIGLA_UF": "AP",
        "NM_UF": "Amapá",
        "CD_UF": 16,
        "NM_MUN": "Oiapoque",
        "CD_MUN": 1600501,
        "CT_LOCALIDADE": "Localidade Indígena",
        "SCT_LOCALIDADE": "Agrupamento Indígena",
        "NM_RGINT": "Oiapoque - Porto Grande",
        "CD_RGINT": 1602,
        "NM_RGI": "Oiapoque",
        "CD_RGI": 160003,
        "LAT_LOCALIDADE": 3.50119996070862,
        "LONG_LOCALIDADE": -51.7402000427246,
        "CATEGORIA_MAPA": "Rural",
        "DIST_MUNICIPIO": 39.92,
        "DIST_INFOVIA": 392.4
      },
      "geometry": {
        "type": "Point",
        "coordinates": [
          -51.740150333333304,
          3.501196761789775
        ]
      }
    },
    {
      "type": "Feature",
      "properties": {
        "NM_LOCALIDADE": "Aldeia Indígena Kariá",
        "CD_LOCALIDADE": 160050100007.0,
        "SIGLA_UF": "AP",
        "NM_UF": "Amapá",
        "CD_UF": 16,
        "NM_MUN": "Oiapoque",
        "CD_MUN": 1600501,
        "CT_LOCALIDADE": "Localidade Indígena",
        "SCT_LOCALIDADE": "Agrupamento Indígena",
        "NM_RGINT": "Oiapoque - Porto Grande",
        "CD_RGINT": 1602,
        "NM_RGI": "Oiapoque",
        "CD_RGI": 160003,
        "LAT_LOCALIDADE": 3.43540000915527,
        "LONG_LOCALIDADE": -51.7275009155273,
        "CATEGORIA_MAPA": "Rural",
        "DIST_MUNICIPIO": 47.35,
        "DIST_INFOVIA": 384.95
      },
      "geometry": {
        "type": "Point",
        "coordinates": [
          -51.72752794444439,
          3.435428333220496
        ]
      }
    },
    {
      "type": "Feature",
      "properties": {
        "NM_LOCALIDADE": "Aldeia Indígena Kariá",
        "CD_LOCALIDADE": 160050100007.0,
        "SIGLA_UF": "AP",
        "NM_UF": "Amapá",
        "CD_UF": 16,
        "NM_MUN": "Oiapoque",
        "CD_MUN": 1600501,
        "CT_LOCALIDADE": "Povoado",
        "SCT_LOCALIDADE": "",
        "NM_RGINT": "Oiapoque - Porto Grande",
        "CD_RGINT": 1602,
        "NM_RGI": "Oiapoque",
        "CD_RGI": 160003,
        "LAT_LOCALIDADE": 3.43540000915527,
        "LONG_LOCALIDADE": -51.7275009155273,
        "CATEGORIA_MAPA": "Rural",
        "DIST_MUNICIPIO": 47.35,
        "DIST_INFOVIA": 384.95
      },
      "geometry": {
        "type": "Point",
        "coordinates": [
          -51.72752794444439,
          3.435428333220496
        ]
      }
    },
    {
      "type": "Feature",
      "properties": {
        "NM_LOCALIDADE": "Aldeia Indígena Estrela",
        "CD_LOCALIDADE": 160050100008.0,
        "SIGLA_UF": "AP",
        "NM_UF": "Amapá",
        "CD_UF": 16,
        "NM_MUN": "Oiapoque",
        "CD_MUN": 1600501,
        "CT_LOCALIDADE": "Localidade Indígena",
        "SCT_LOCALIDADE": "Agrupamento Indígena",
        "NM_RGINT": "Oiapoque - Porto Grande",
        "CD_RGINT": 1602,
        "NM_RGI": "Oiapoque",
        "CD_RGI": 160003,
        "LAT_LOCALIDADE": 3.37719988822937,
        "LONG_LOCALIDADE": -51.6922988891602,
        "CATEGORIA_MAPA": "Rural",
        "DIST_MUNICIPIO": 54.65,
        "DIST_INFOVIA": 377.85
      },
      "geometry": {
        "type": "Point",
        "coordinates": [
          -51.692293749999905,
          3.377231349889057
        ]
      }
    },
    {
      "type": "Feature",
      "properties": {
        "NM_LOCALIDADE": "Aldeia Indígena Estrela",
        "CD_LOCALIDADE": 160050100008.0,
        "SIGLA_UF": "AP",
        "NM_UF": "Amapá",
        "CD_UF": 16,
        "NM_MUN": "Oiapoque",
        "CD_MUN": 1600501,
        "CT_LOCALIDADE": "Povoado",
        "SCT_LOCALIDADE": "",
        "NM_RGINT": "Oiapoque - Porto Grande",
        "CD_RGINT": 1602,
        "NM_RGI": "Oiapoque",
        "CD_RGI": 160003,
        "LAT_LOCALIDADE": 3.37719988822937,
        "LONG_LOCALIDADE": -51.6922988891602,
        "CATEGORIA_MAPA": "Rural",
        "DIST_MUNICIPIO": 54.65,
        "DIST_INFOVIA": 377.85
      },
      "geometry": {
        "type": "Point",
        "coordinates": [
          -51.692293749999905,
          3.377231349889057
        ]
      }
    },
    {
      "type": "Feature",
      "properties": {
        "NM_LOCALIDADE": "Aldeia Indígena Ywaká / Ywakwá / Ywawká",
        "CD_LOCALIDADE": 160050100009.0,
        "SIGLA_UF": "AP",
        "NM_UF": "Amapá",
        "CD_UF": 16,
        "NM_MUN": "Oiapoque",
        "CD_MUN": 1600501,
        "CT_LOCALIDADE": "Povoado",
        "SCT_LOCALIDADE": "",
        "NM_RGINT": "Oiapoque - Porto Grande",
        "CD_RGINT": 1602,
        "NM_RGI": "Oiapoque",
        "CD_RGI": 160003,
        "LAT_LOCALIDADE": 3.31500005722046,
        "LONG_LOCALIDADE": -51.630298614502,
        "CATEGORIA_MAPA": "Rural",
        "DIST_MUNICIPIO": 63.45,
        "DIST_INFOVIA": 369.81
      },
      "geometry": {
        "type": "Point",
        "coordinates": [
          -51.630266,
          3.315033549891101
        ]
      }
    },
    {
      "type": "Feature",
      "properties": {
        "NM_LOCALIDADE": "Aldeia Indígena Ywaká / Ywakwá / Ywawká",
        "CD_LOCALIDADE": 160050100009.0,
        "SIGLA_UF": "AP",
        "NM_UF": "Amapá",
        "CD_UF": 16,
        "NM_MUN": "Oiapoque",
        "CD_MUN": 1600501,
        "CT_LOCALIDADE": "Localidade Indígena",
        "SCT_LOCALIDADE": "Agrupamento Indígena",
        "NM_RGINT": "Oiapoque - Porto Grande",
        "CD_RGINT": 1602,
        "NM_RGI": "Oiapoque",
        "CD_RGI": 160003,
        "LAT_LOCALIDADE": 3.31500005722046,
        "LONG_LOCALIDADE": -51.630298614502,
        "CATEGORIA_MAPA": "Rural",
        "DIST_MUNICIPIO": 63.45,
        "DIST_INFOVIA": 369.81
      },
      "geometry": {
        "type": "Point",
        "coordinates": [
          -51.630266,
          3.315033549891101
        ]
      }
    },
    {
      "type": "Feature",
      "properties": {
        "NM_LOCALIDADE": "Aldeia Indígena Espírito Santo",
        "CD_LOCALIDADE": 160050100010.0,
        "SIGLA_UF": "AP",
        "NM_UF": "Amapá",
        "CD_UF": 16,
        "NM_MUN": "Oiapoque",
        "CD_MUN": 1600501,
        "CT_LOCALIDADE": "Localidade Indígena",
        "SCT_LOCALIDADE": "Agrupamento Indígena",
        "NM_RGINT": "Oiapoque - Porto Grande",
        "CD_RGINT": 1602,
        "NM_RGI": "Oiapoque",
        "CD_RGI": 160003,
        "LAT_LOCALIDADE": 3.77749991416931,
        "LONG_LOCALIDADE": -51.5834007263184,
        "CATEGORIA_MAPA": "Rural",
        "DIST_MUNICIPIO": 29.18,
        "DIST_INFOVIA": 419.8
      },
      "geometry": {
        "type": "Point",
        "coordinates": [
          -51.583441729508095,
          3.777520803154672
        ]
      }
    },
    {
      "type": "Feature",
      "properties": {
        "NM_LOCALIDADE": "Aldeia Indígena Espírito Santo",
        "CD_LOCALIDADE": 160050100010.0,
        "SIGLA_UF": "AP",
        "NM_UF": "Amapá",
        "CD_UF": 16,
        "NM_MUN": "Oiapoque",
        "CD_MUN": 1600501,
        "CT_LOCALIDADE": "Povoado",
        "SCT_LOCALIDADE": "",
        "NM_RGINT": "Oiapoque - Porto Grande",
        "CD_RGINT": 1602,
        "NM_RGI": "Oiapoque",
        "CD_RGI": 160003,
        "LAT_LOCALIDADE": 3.77749991416931,
        "LONG_LOCALIDADE": -51.5834007263184,
        "CATEGORIA_MAPA": "Rural",
        "DIST_MUNICIPIO": 29.18,
        "DIST_INFOVIA": 419.8
      },
      "geometry": {
        "type": "Point",
        "coordinates": [
          -51.583441729508095,
          3.777520803154672
        ]
      }
    },
    {
      "type": "Feature",
      "properties": {
        "NM_LOCALIDADE": "Aldeia Indígena Santa Izabel",
        "CD_LOCALIDADE": 160050100011.0,
        "SIGLA_UF": "AP",
        "NM_UF": "Amapá",
        "CD_UF": 16,
        "NM_MUN": "Oiapoque",
        "CD_MUN": 1600501,
        "CT_LOCALIDADE": "Povoado",
        "SCT_LOCALIDADE": "",
        "NM_RGINT": "Oiapoque - Porto Grande",
        "CD_RGINT": 1602,
        "NM_RGI": "Oiapoque",
        "CD_RGI": 160003,
        "LAT_LOCALIDADE": 3.76119995117188,
        "LONG_LOCALIDADE": -51.5955009460449,
        "CATEGORIA_MAPA": "Rural",
        "DIST_MUNICIPIO": 28.45,
        "DIST_INFOVIA": 418.19
      },
      "geometry": {
        "type": "Point",
        "coordinates": [
          -51.5954946283186,
          3.761153504301296
        ]
      }
    },
    {
      "type": "Feature",
      "properties": {
        "NM_LOCALIDADE": "Aldeia Indígena Santa Izabel",
        "CD_LOCALIDADE": 160050100011.0,
        "SIGLA_UF": "AP",
        "NM_UF": "Amapá",
        "CD_UF": 16,
        "NM_MUN": "Oiapoque",
        "CD_MUN": 1600501,
        "CT_LOCALIDADE": "Localidade Indígena",
        "SCT_LOCALIDADE": "Agrupamento Indígena",
        "NM_RGINT": "Oiapoque - Porto Grande",
        "CD_RGINT": 1602,
        "NM_RGI": "Oiapoque",
        "CD_RGI": 160003,
        "LAT_LOCALIDADE": 3.76119995117188,
        "LONG_LOCALIDADE": -51.5955009460449,
        "CATEGORIA_MAPA": "Rural",
        "DIST_MUNICIPIO": 28.45,
        "DIST_INFOVIA": 418.19
      },
      "geometry": {
        "type": "Point",
        "coordinates": [
          -51.5954946283186,
          3.761153504301296
        ]
      }
    },
    {
      "type": "Feature",
      "properties": {
        "NM_LOCALIDADE": "Aldeia Indígena Samaúma",
        "CD_LOCALIDADE": 160050100012.0,
        "SIGLA_UF": "AP",
        "NM_UF": "Amapá",
        "CD_UF": 16,
        "NM_MUN": "Oiapoque",
        "CD_MUN": 1600501,
        "CT_LOCALIDADE": "Povoado",
        "SCT_LOCALIDADE": "",
        "NM_RGINT": "Oiapoque - Porto Grande",
        "CD_RGINT": 1602,
        "NM_RGI": "Oiapoque",
        "CD_RGI": 160003,
        "LAT_LOCALIDADE": 3.27629995346069,
        "LONG_LOCALIDADE": -51.6021003723145,
        "CATEGORIA_MAPA": "Rural",
        "DIST_MUNICIPIO": 68.61,
        "DIST_INFOVIA": 365.04
      },
      "geometry": {
        "type": "Point",
        "coordinates": [
          -51.6020803636363,
          3.276295696862058
        ]
      }
    },
    {
      "type": "Feature",
      "properties": {
        "NM_LOCALIDADE": "Aldeia Indígena Samaúma",
        "CD_LOCALIDADE": 160050100012.0,
        "SIGLA_UF": "AP",
        "NM_UF": "Amapá",
        "CD_UF": 16,
        "NM_MUN": "Oiapoque",
        "CD_MUN": 1600501,
        "CT_LOCALIDADE": "Localidade Indígena",
        "SCT_LOCALIDADE": "Agrupamento Indígena",
        "NM_RGINT": "Oiapoque - Porto Grande",
        "CD_RGINT": 1602,
        "NM_RGI": "Oiapoque",
        "CD_RGI": 160003,
        "LAT_LOCALIDADE": 3.27629995346069,
        "LONG_LOCALIDADE": -51.6021003723145,
        "CATEGORIA_MAPA": "Rural",
        "DIST_MUNICIPIO": 68.61,
        "DIST_INFOVIA": 365.04
      },
      "geometry": {
        "type": "Point",
        "coordinates": [
          -51.6020803636363,
          3.276295696862058
        ]
      }
    },
    {
      "type": "Feature",
      "properties": {
        "NM_LOCALIDADE": "Aldeia Indígena Tukay",
        "CD_LOCALIDADE": 160050100013.0,
        "SIGLA_UF": "AP",
        "NM_UF": "Amapá",
        "CD_UF": 16,
        "NM_MUN": "Oiapoque",
        "CD_MUN": 1600501,
        "CT_LOCALIDADE": "Povoado",
        "SCT_LOCALIDADE": "",
        "NM_RGINT": "Oiapoque - Porto Grande",
        "CD_RGINT": 1602,
        "NM_RGI": "Oiapoque",
        "CD_RGI": 160003,
        "LAT_LOCALIDADE": 3.21779990196228,
        "LONG_LOCALIDADE": -51.5545997619629,
        "CATEGORIA_MAPA": "Rural",
        "DIST_MUNICIPIO": 76.66,
        "DIST_INFOVIA": 357.77
      },
      "geometry": {
        "type": "Point",
        "coordinates": [
          -51.554595431818115,
          3.217806068076092
        ]
      }
    },
    {
      "type": "Feature",
      "properties": {
        "NM_LOCALIDADE": "Aldeia Indígena Tukay",
        "CD_LOCALIDADE": 160050100013.0,
        "SIGLA_UF": "AP",
        "NM_UF": "Amapá",
        "CD_UF": 16,
        "NM_MUN": "Oiapoque",
        "CD_MUN": 1600501,
        "CT_LOCALIDADE": "Localidade Indígena",
        "SCT_LOCALIDADE": "Agrupamento Indígena",
        "NM_RGINT": "Oiapoque - Porto Grande",
        "CD_RGINT": 1602,
        "NM_RGI": "Oiapoque",
        "CD_RGI": 160003,
        "LAT_LOCALIDADE": 3.21779990196228,
        "LONG_LOCALIDADE": -51.5545997619629,
        "CATEGORIA_MAPA": "Rural",
        "DIST_MUNICIPIO": 76.66,
        "DIST_INFOVIA": 357.77
      },
      "geometry": {
        "type": "Point",
        "coordinates": [
          -51.554595431818115,
          3.217806068076092
        ]
      }
    },
    {
      "type": "Feature",
      "properties": {
        "NM_LOCALIDADE": "Vila Brasil",
        "CD_LOCALIDADE": 160050100014.0,
        "SIGLA_UF": "AP",
        "NM_UF": "Amapá",
        "CD_UF": 16,
        "NM_MUN": "Oiapoque",
        "CD_MUN": 1600501,
        "CT_LOCALIDADE": "Povoado",
        "SCT_LOCALIDADE": "",
        "NM_RGINT": "Oiapoque - Porto Grande",
        "CD_RGINT": 1602,
        "NM_RGI": "Oiapoque",
        "CD_RGI": 160003,
        "LAT_LOCALIDADE": 3.167799949646,
        "LONG_LOCALIDADE": -52.3292007446289,
        "CATEGORIA_MAPA": "Rural",
        "DIST_MUNICIPIO": 93.2,
        "DIST_INFOVIA": 375.57
      },
      "geometry": {
        "type": "Point",
        "coordinates": [
          -52.329156795580005,
          3.167789314813038
        ]
      }
    },
    {
      "type": "Feature",
      "properties": {
        "NM_LOCALIDADE": "Vitória",
        "CD_LOCALIDADE": 160050100015.0,
        "SIGLA_UF": "AP",
        "NM_UF": "Amapá",
        "CD_UF": 16,
        "NM_MUN": "Oiapoque",
        "CD_MUN": 1600501,
        "CT_LOCALIDADE": "Povoado",
        "SCT_LOCALIDADE": "",
        "NM_RGINT": "Oiapoque - Porto Grande",
        "CD_RGINT": 1602,
        "NM_RGI": "Oiapoque",
        "CD_RGI": 160003,
        "LAT_LOCALIDADE": 3.88019990921021,
        "LONG_LOCALIDADE": -51.7949981689453,
        "CATEGORIA_MAPA": "Rural",
        "DIST_MUNICIPIO": 5.96,
        "DIST_INFOVIA": 434.92
      },
      "geometry": {
        "type": "Point",
        "coordinates": [
          -51.7949706712564,
          3.880181896602411
        ]
      }
    },
    {
      "type": "Feature",
      "properties": {
        "NM_LOCALIDADE": "Aldeia Indígena Flexa",
        "CD_LOCALIDADE": 160050100016.0,
        "SIGLA_UF": "AP",
        "NM_UF": "Amapá",
        "CD_UF": 16,
        "NM_MUN": "Oiapoque",
        "CD_MUN": 1600501,
        "CT_LOCALIDADE": "Localidade Indígena",
        "SCT_LOCALIDADE": "Agrupamento Indígena",
        "NM_RGINT": "Oiapoque - Porto Grande",
        "CD_RGINT": 1602,
        "NM_RGI": "Oiapoque",
        "CD_RGI": 160003,
        "LAT_LOCALIDADE": 3.68530011177063,
        "LONG_LOCALIDADE": -51.3755989074707,
        "CATEGORIA_MAPA": "Rural",
        "DIST_MUNICIPIO": 54.27,
        "DIST_INFOVIA": 406.98
      },
      "geometry": {
        "type": "Point",
        "coordinates": [
          -51.375583,
          3.685283699879003
        ]
      }
    },
    {
      "type": "Feature",
      "properties": {
        "NM_LOCALIDADE": "Aldeia Indígena Flexa",
        "CD_LOCALIDADE": 160050100016.0,
        "SIGLA_UF": "AP",
        "NM_UF": "Amapá",
        "CD_UF": 16,
        "NM_MUN": "Oiapoque",
        "CD_MUN": 1600501,
        "CT_LOCALIDADE": "Povoado",
        "SCT_LOCALIDADE": "",
        "NM_RGINT": "Oiapoque - Porto Grande",
        "CD_RGINT": 1602,
        "NM_RGI": "Oiapoque",
        "CD_RGI": 160003,
        "LAT_LOCALIDADE": 3.68530011177063,
        "LONG_LOCALIDADE": -51.3755989074707,
        "CATEGORIA_MAPA": "Rural",
        "DIST_MUNICIPIO": 54.27,
        "DIST_INFOVIA": 406.98
      },
      "geometry": {
        "type": "Point",
        "coordinates": [
          -51.375583,
          3.685283699879003
        ]
      }
    },
    {
      "type": "Feature",
      "properties": {
        "NM_LOCALIDADE": "Aldeia Indígena Urubu",
        "CD_LOCALIDADE": 160050100017.0,
        "SIGLA_UF": "AP",
        "NM_UF": "Amapá",
        "CD_UF": 16,
        "NM_MUN": "Oiapoque",
        "CD_MUN": 1600501,
        "CT_LOCALIDADE": "Localidade Indígena",
        "SCT_LOCALIDADE": "Agrupamento Indígena",
        "NM_RGINT": "Oiapoque - Porto Grande",
        "CD_RGINT": 1602,
        "NM_RGI": "Oiapoque",
        "CD_RGI": 160003,
        "LAT_LOCALIDADE": 3.53520011901855,
        "LONG_LOCALIDADE": -51.4726982116699,
        "CATEGORIA_MAPA": "Rural",
        "DIST_MUNICIPIO": 53.26,
        "DIST_INFOVIA": 391.49
      },
      "geometry": {
        "type": "Point",
        "coordinates": [
          -51.472687875,
          3.535224249883893
        ]
      }
    },
    {
      "type": "Feature",
      "properties": {
        "NM_LOCALIDADE": "Aldeia Indígena Urubu",
        "CD_LOCALIDADE": 160050100017.0,
        "SIGLA_UF": "AP",
        "NM_UF": "Amapá",
        "CD_UF": 16,
        "NM_MUN": "Oiapoque",
        "CD_MUN": 1600501,
        "CT_LOCALIDADE": "Lugarejo",
        "SCT_LOCALIDADE": "",
        "NM_RGINT": "Oiapoque - Porto Grande",
        "CD_RGINT": 1602,
        "NM_RGI": "Oiapoque",
        "CD_RGI": 160003,
        "LAT_LOCALIDADE": 3.53520011901855,
        "LONG_LOCALIDADE": -51.4726982116699,
        "CATEGORIA_MAPA": "Rural",
        "DIST_MUNICIPIO": 53.26,
        "DIST_INFOVIA": 391.49
      },
      "geometry": {
        "type": "Point",
        "coordinates": [
          -51.472687875,
          3.535224249883893
        ]
      }
    },
    {
      "type": "Feature",
      "properties": {
        "NM_LOCALIDADE": "Aldeia Indígena Amomi",
        "CD_LOCALIDADE": 160050100018.0,
        "SIGLA_UF": "AP",
        "NM_UF": "Amapá",
        "CD_UF": 16,
        "NM_MUN": "Oiapoque",
        "CD_MUN": 1600501,
        "CT_LOCALIDADE": "Localidade Indígena",
        "SCT_LOCALIDADE": "Agrupamento Indígena",
        "NM_RGINT": "Oiapoque - Porto Grande",
        "CD_RGINT": 1602,
        "NM_RGI": "Oiapoque",
        "CD_RGI": 160003,
        "LAT_LOCALIDADE": 3.50929999351501,
        "LONG_LOCALIDADE": -51.478401184082,
        "CATEGORIA_MAPA": "Rural",
        "DIST_MUNICIPIO": 54.72,
        "DIST_INFOVIA": 388.71
      },
      "geometry": {
        "type": "Point",
        "coordinates": [
          -51.4784342142857,
          3.5092943570276
        ]
      }
    },
    {
      "type": "Feature",
      "properties": {
        "NM_LOCALIDADE": "Aldeia Indígena Amomi",
        "CD_LOCALIDADE": 160050100018.0,
        "SIGLA_UF": "AP",
        "NM_UF": "Amapá",
        "CD_UF": 16,
        "NM_MUN": "Oiapoque",
        "CD_MUN": 1600501,
        "CT_LOCALIDADE": "Povoado",
        "SCT_LOCALIDADE": "",
        "NM_RGINT": "Oiapoque - Porto Grande",
        "CD_RGINT": 1602,
        "NM_RGI": "Oiapoque",
        "CD_RGI": 160003,
        "LAT_LOCALIDADE": 3.50929999351501,
        "LONG_LOCALIDADE": -51.478401184082,
        "CATEGORIA_MAPA": "Rural",
        "DIST_MUNICIPIO": 54.72,
        "DIST_INFOVIA": 388.71
      },
      "geometry": {
        "type": "Point",
        "coordinates": [
          -51.4784342142857,
          3.5092943570276
        ]
      }
    },
    {
      "type": "Feature",
      "properties": {
        "NM_LOCALIDADE": "Aldeia Indígena Pwaytyekety",
        "CD_LOCALIDADE": 160050100019.0,
        "SIGLA_UF": "AP",
        "NM_UF": "Amapá",
        "CD_UF": 16,
        "NM_MUN": "Oiapoque",
        "CD_MUN": 1600501,
        "CT_LOCALIDADE": "Povoado",
        "SCT_LOCALIDADE": "",
        "NM_RGINT": "Oiapoque - Porto Grande",
        "CD_RGINT": 1602,
        "NM_RGI": "Oiapoque",
        "CD_RGI": 160003,
        "LAT_LOCALIDADE": 3.47889995574951,
        "LONG_LOCALIDADE": -51.4939002990723,
        "CATEGORIA_MAPA": "Rural",
        "DIST_MUNICIPIO": 55.91,
        "DIST_INFOVIA": 385.56
      },
      "geometry": {
        "type": "Point",
        "coordinates": [
          -51.4938717391304,
          3.478887825972695
        ]
      }
    },
    {
      "type": "Feature",
      "properties": {
        "NM_LOCALIDADE": "Aldeia Indígena Pwaytyekety",
        "CD_LOCALIDADE": 160050100019.0,
        "SIGLA_UF": "AP",
        "NM_UF": "Amapá",
        "CD_UF": 16,
        "NM_MUN": "Oiapoque",
        "CD_MUN": 1600501,
        "CT_LOCALIDADE": "Localidade Indígena",
        "SCT_LOCALIDADE": "Agrupamento Indígena",
        "NM_RGINT": "Oiapoque - Porto Grande",
        "CD_RGINT": 1602,
        "NM_RGI": "Oiapoque",
        "CD_RGI": 160003,
        "LAT_LOCALIDADE": 3.47889995574951,
        "LONG_LOCALIDADE": -51.4939002990723,
        "CATEGORIA_MAPA": "Rural",
        "DIST_MUNICIPIO": 55.91,
        "DIST_INFOVIA": 385.56
      },
      "geometry": {
        "type": "Point",
        "coordinates": [
          -51.4938717391304,
          3.478887825972695
        ]
      }
    },
    {
      "type": "Feature",
      "properties": {
        "NM_LOCALIDADE": "Aldeia Indígena Kamuyuwá",
        "CD_LOCALIDADE": 160050100020.0,
        "SIGLA_UF": "AP",
        "NM_UF": "Amapá",
        "CD_UF": 16,
        "NM_MUN": "Oiapoque",
        "CD_MUN": 1600501,
        "CT_LOCALIDADE": "Povoado",
        "SCT_LOCALIDADE": "",
        "NM_RGINT": "Oiapoque - Porto Grande",
        "CD_RGINT": 1602,
        "NM_RGI": "Oiapoque",
        "CD_RGI": 160003,
        "LAT_LOCALIDADE": 3.47129988670349,
        "LONG_LOCALIDADE": -51.5027008056641,
        "CATEGORIA_MAPA": "Rural",
        "DIST_MUNICIPIO": 55.88,
        "DIST_INFOVIA": 384.85
      },
      "geometry": {
        "type": "Point",
        "coordinates": [
          -51.5026840588235,
          3.471277176356574
        ]
      }
    },
    {
      "type": "Feature",
      "properties": {
        "NM_LOCALIDADE": "Aldeia Indígena Kamuyuwá",
        "CD_LOCALIDADE": 160050100020.0,
        "SIGLA_UF": "AP",
        "NM_UF": "Amapá",
        "CD_UF": 16,
        "NM_MUN": "Oiapoque",
        "CD_MUN": 1600501,
        "CT_LOCALIDADE": "Localidade Indígena",
        "SCT_LOCALIDADE": "Agrupamento Indígena",
        "NM_RGINT": "Oiapoque - Porto Grande",
        "CD_RGINT": 1602,
        "NM_RGI": "Oiapoque",
        "CD_RGI": 160003,
        "LAT_LOCALIDADE": 3.47129988670349,
        "LONG_LOCALIDADE": -51.5027008056641,
        "CATEGORIA_MAPA": "Rural",
        "DIST_MUNICIPIO": 55.88,
        "DIST_INFOVIA": 384.85
      },
      "geometry": {
        "type": "Point",
        "coordinates": [
          -51.5026840588235,
          3.471277176356574
        ]
      }
    },
    {
      "type": "Feature",
      "properties": {
        "NM_LOCALIDADE": "Aldeia Indígena Txipidon / Txipidnon / Txipidon / Tixipidô / Tipidon",
        "CD_LOCALIDADE": 160050100021.0,
        "SIGLA_UF": "AP",
        "NM_UF": "Amapá",
        "CD_UF": 16,
        "NM_MUN": "Oiapoque",
        "CD_MUN": 1600501,
        "CT_LOCALIDADE": "Localidade Indígena",
        "SCT_LOCALIDADE": "Agrupamento Indígena",
        "NM_RGINT": "Oiapoque - Porto Grande",
        "CD_RGINT": 1602,
        "NM_RGI": "Oiapoque",
        "CD_RGI": 160003,
        "LAT_LOCALIDADE": 3.76810002326965,
        "LONG_LOCALIDADE": -51.5998992919922,
        "CATEGORIA_MAPA": "Rural",
        "DIST_MUNICIPIO": 27.75,
        "DIST_INFOVIA": 419.02
      },
      "geometry": {
        "type": "Point",
        "coordinates": [
          -51.599855454545406,
          3.768067454421751
        ]
      }
    },
    {
      "type": "Feature",
      "properties": {
        "NM_LOCALIDADE": "Aldeia Indígena Txipidon / Txipidnon / Txipidon / Tixipidô / Tipidon",
        "CD_LOCALIDADE": 160050100021.0,
        "SIGLA_UF": "AP",
        "NM_UF": "Amapá",
        "CD_UF": 16,
        "NM_MUN": "Oiapoque",
        "CD_MUN": 1600501,
        "CT_LOCALIDADE": "Lugarejo",
        "SCT_LOCALIDADE": "",
        "NM_RGINT": "Oiapoque - Porto Grande",
        "CD_RGINT": 1602,
        "NM_RGI": "Oiapoque",
        "CD_RGI": 160003,
        "LAT_LOCALIDADE": 3.76810002326965,
        "LONG_LOCALIDADE": -51.5998992919922,
        "CATEGORIA_MAPA": "Rural",
        "DIST_MUNICIPIO": 27.75,
        "DIST_INFOVIA": 419.02
      },
      "geometry": {
        "type": "Point",
        "coordinates": [
          -51.599855454545406,
          3.768067454421751
        ]
      }
    },
    {
      "type": "Feature",
      "properties": {
        "NM_LOCALIDADE": "Aldeia Indígena Taminã",
        "CD_LOCALIDADE": 160050100022.0,
        "SIGLA_UF": "AP",
        "NM_UF": "Amapá",
        "CD_UF": 16,
        "NM_MUN": "Oiapoque",
        "CD_MUN": 1600501,
        "CT_LOCALIDADE": "Lugarejo",
        "SCT_LOCALIDADE": "",
        "NM_RGINT": "Oiapoque - Porto Grande",
        "CD_RGINT": 1602,
        "NM_RGI": "Oiapoque",
        "CD_RGI": 160003,
        "LAT_LOCALIDADE": 3.75480008125305,
        "LONG_LOCALIDADE": -51.5821990966797,
        "CATEGORIA_MAPA": "Rural",
        "DIST_MUNICIPIO": 30.08,
        "DIST_INFOVIA": 417.28
      },
      "geometry": {
        "type": "Point",
        "coordinates": [
          -51.5821975789473,
          3.754774420929364
        ]
      }
    },
    {
      "type": "Feature",
      "properties": {
        "NM_LOCALIDADE": "Aldeia Indígena Taminã",
        "CD_LOCALIDADE": 160050100022.0,
        "SIGLA_UF": "AP",
        "NM_UF": "Amapá",
        "CD_UF": 16,
        "NM_MUN": "Oiapoque",
        "CD_MUN": 1600501,
        "CT_LOCALIDADE": "Localidade Indígena",
        "SCT_LOCALIDADE": "Agrupamento Indígena",
        "NM_RGINT": "Oiapoque - Porto Grande",
        "CD_RGINT": 1602,
        "NM_RGI": "Oiapoque",
        "CD_RGI": 160003,
        "LAT_LOCALIDADE": 3.75480008125305,
        "LONG_LOCALIDADE": -51.5821990966797,
        "CATEGORIA_MAPA": "Rural",
        "DIST_MUNICIPIO": 30.08,
        "DIST_INFOVIA": 417.28
      },
      "geometry": {
        "type": "Point",
        "coordinates": [
          -51.5821975789473,
          3.754774420929364
        ]
      }
    },
    {
      "type": "Feature",
      "properties": {
        "NM_LOCALIDADE": "Aldeia Indígena Paxiubal",
        "CD_LOCALIDADE": 160050100023.0,
        "SIGLA_UF": "AP",
        "NM_UF": "Amapá",
        "CD_UF": 16,
        "NM_MUN": "Oiapoque",
        "CD_MUN": 1600501,
        "CT_LOCALIDADE": "Povoado",
        "SCT_LOCALIDADE": "",
        "NM_RGINT": "Oiapoque - Porto Grande",
        "CD_RGINT": 1602,
        "NM_RGI": "Oiapoque",
        "CD_RGI": 160003,
        "LAT_LOCALIDADE": 3.74749994277954,
        "LONG_LOCALIDADE": -51.6922988891602,
        "CATEGORIA_MAPA": "Rural",
        "DIST_MUNICIPIO": 19.5,
        "DIST_INFOVIA": 418.37
      },
      "geometry": {
        "type": "Point",
        "coordinates": [
          -51.6923250833333,
          3.7475223332103
        ]
      }
    },
    {
      "type": "Feature",
      "properties": {
        "NM_LOCALIDADE": "Aldeia Indígena Paxiubal",
        "CD_LOCALIDADE": 160050100023.0,
        "SIGLA_UF": "AP",
        "NM_UF": "Amapá",
        "CD_UF": 16,
        "NM_MUN": "Oiapoque",
        "CD_MUN": 1600501,
        "CT_LOCALIDADE": "Localidade Indígena",
        "SCT_LOCALIDADE": "Agrupamento Indígena",
        "NM_RGINT": "Oiapoque - Porto Grande",
        "CD_RGINT": 1602,
        "NM_RGI": "Oiapoque",
        "CD_RGI": 160003,
        "LAT_LOCALIDADE": 3.74749994277954,
        "LONG_LOCALIDADE": -51.6922988891602,
        "CATEGORIA_MAPA": "Rural",
        "DIST_MUNICIPIO": 19.5,
        "DIST_INFOVIA": 418.37
      },
      "geometry": {
        "type": "Point",
        "coordinates": [
          -51.6923250833333,
          3.7475223332103
        ]
      }
    },
    {
      "type": "Feature",
      "properties": {
        "NM_LOCALIDADE": "Aldeia Indígena Japiim",
        "CD_LOCALIDADE": 160050100024.0,
        "SIGLA_UF": "AP",
        "NM_UF": "Amapá",
        "CD_UF": 16,
        "NM_MUN": "Oiapoque",
        "CD_MUN": 1600501,
        "CT_LOCALIDADE": "Povoado",
        "SCT_LOCALIDADE": "",
        "NM_RGINT": "Oiapoque - Porto Grande",
        "CD_RGINT": 1602,
        "NM_RGI": "Oiapoque",
        "CD_RGI": 160003,
        "LAT_LOCALIDADE": 3.64829993247986,
        "LONG_LOCALIDADE": -51.7158012390137,
        "CATEGORIA_MAPA": "Rural",
        "DIST_MUNICIPIO": 25.86,
        "DIST_INFOVIA": 407.97
      },
      "geometry": {
        "type": "Point",
        "coordinates": [
          -51.715834647058806,
          3.648324823409619
        ]
      }
    },
    {
      "type": "Feature",
      "properties": {
        "NM_LOCALIDADE": "Aldeia Indígena Japiim",
        "CD_LOCALIDADE": 160050100024.0,
        "SIGLA_UF": "AP",
        "NM_UF": "Amapá",
        "CD_UF": 16,
        "NM_MUN": "Oiapoque",
        "CD_MUN": 1600501,
        "CT_LOCALIDADE": "Localidade Indígena",
        "SCT_LOCALIDADE": "Agrupamento Indígena",
        "NM_RGINT": "Oiapoque - Porto Grande",
        "CD_RGINT": 1602,
        "NM_RGI": "Oiapoque",
        "CD_RGI": 160003,
        "LAT_LOCALIDADE": 3.64829993247986,
        "LONG_LOCALIDADE": -51.7158012390137,
        "CATEGORIA_MAPA": "Rural",
        "DIST_MUNICIPIO": 25.86,
        "DIST_INFOVIA": 407.97
      },
      "geometry": {
        "type": "Point",
        "coordinates": [
          -51.715834647058806,
          3.648324823409619
        ]
      }
    },
    {
      "type": "Feature",
      "properties": {
        "NM_LOCALIDADE": "Aldeia Indígena Jõndef - Cutit",
        "CD_LOCALIDADE": 160050100025.0,
        "SIGLA_UF": "AP",
        "NM_UF": "Amapá",
        "CD_UF": 16,
        "NM_MUN": "Oiapoque",
        "CD_MUN": 1600501,
        "CT_LOCALIDADE": "Localidade Indígena",
        "SCT_LOCALIDADE": "Agrupamento Indígena",
        "NM_RGINT": "Oiapoque - Porto Grande",
        "CD_RGINT": 1602,
        "NM_RGI": "Oiapoque",
        "CD_RGI": 160003,
        "LAT_LOCALIDADE": 3.78570008277893,
        "LONG_LOCALIDADE": -51.5862998962402,
        "CATEGORIA_MAPA": "Rural",
        "DIST_MUNICIPIO": 28.65,
        "DIST_INFOVIA": 420.75
      },
      "geometry": {
        "type": "Point",
        "coordinates": [
          -51.5862937,
          3.785743699875724
        ]
      }
    },
    {
      "type": "Feature",
      "properties": {
        "NM_LOCALIDADE": "Aldeia Indígena Jõndef - Cutit",
        "CD_LOCALIDADE": 160050100025.0,
        "SIGLA_UF": "AP",
        "NM_UF": "Amapá",
        "CD_UF": 16,
        "NM_MUN": "Oiapoque",
        "CD_MUN": 1600501,
        "CT_LOCALIDADE": "Povoado",
        "SCT_LOCALIDADE": "",
        "NM_RGINT": "Oiapoque - Porto Grande",
        "CD_RGINT": 1602,
        "NM_RGI": "Oiapoque",
        "CD_RGI": 160003,
        "LAT_LOCALIDADE": 3.78570008277893,
        "LONG_LOCALIDADE": -51.5862998962402,
        "CATEGORIA_MAPA": "Rural",
        "DIST_MUNICIPIO": 28.65,
        "DIST_INFOVIA": 420.75
      },
      "geometry": {
        "type": "Point",
        "coordinates": [
          -51.5862937,
          3.785743699875724
        ]
      }
    },
    {
      "type": "Feature",
      "properties": {
        "NM_LOCALIDADE": "Aldeia Indígena Zakarias",
        "CD_LOCALIDADE": 160050100026.0,
        "SIGLA_UF": "AP",
        "NM_UF": "Amapá",
        "CD_UF": 16,
        "NM_MUN": "Oiapoque",
        "CD_MUN": 1600501,
        "CT_LOCALIDADE": "Localidade Indígena",
        "SCT_LOCALIDADE": "Agrupamento Indígena",
        "NM_RGINT": "Oiapoque - Porto Grande",
        "CD_RGINT": 1602,
        "NM_RGI": "Oiapoque",
        "CD_RGI": 160003,
        "LAT_LOCALIDADE": 3.70830011367798,
        "LONG_LOCALIDADE": -51.711799621582,
        "CATEGORIA_MAPA": "Rural",
        "DIST_MUNICIPIO": 20.76,
        "DIST_INFOVIA": 414.45
      },
      "geometry": {
        "type": "Point",
        "coordinates": [
          -51.7118214,
          3.708284999878251
        ]
      }
    },
    {
      "type": "Feature",
      "properties": {
        "NM_LOCALIDADE": "Aldeia Indígena Zakarias",
        "CD_LOCALIDADE": 160050100026.0,
        "SIGLA_UF": "AP",
        "NM_UF": "Amapá",
        "CD_UF": 16,
        "NM_MUN": "Oiapoque",
        "CD_MUN": 1600501,
        "CT_LOCALIDADE": "Lugarejo",
        "SCT_LOCALIDADE": "",
        "NM_RGINT": "Oiapoque - Porto Grande",
        "CD_RGINT": 1602,
        "NM_RGI": "Oiapoque",
        "CD_RGI": 160003,
        "LAT_LOCALIDADE": 3.70830011367798,
        "LONG_LOCALIDADE": -51.711799621582,
        "CATEGORIA_MAPA": "Rural",
        "DIST_MUNICIPIO": 20.76,
        "DIST_INFOVIA": 414.45
      },
      "geometry": {
        "type": "Point",
        "coordinates": [
          -51.7118214,
          3.708284999878251
        ]
      }
    },
    {
      "type": "Feature",
      "properties": {
        "NM_LOCALIDADE": "Aldeia Indígena Encruzo",
        "CD_LOCALIDADE": 160050100027.0,
        "SIGLA_UF": "AP",
        "NM_UF": "Amapá",
        "CD_UF": 16,
        "NM_MUN": "Oiapoque",
        "CD_MUN": 1600501,
        "CT_LOCALIDADE": "Localidade Indígena",
        "SCT_LOCALIDADE": "Agrupamento Indígena",
        "NM_RGINT": "Oiapoque - Porto Grande",
        "CD_RGINT": 1602,
        "NM_RGI": "Oiapoque",
        "CD_RGI": 160003,
        "LAT_LOCALIDADE": 3.9488000869751,
        "LONG_LOCALIDADE": -51.4533996582031,
        "CATEGORIA_MAPA": "Rural",
        "DIST_MUNICIPIO": 44.05,
        "DIST_INFOVIA": 436.97
      },
      "geometry": {
        "type": "Point",
        "coordinates": [
          -51.4533752,
          3.948788199870406
        ]
      }
    },
    {
      "type": "Feature",
      "properties": {
        "NM_LOCALIDADE": "Aldeia Indígena Encruzo",
        "CD_LOCALIDADE": 160050100027.0,
        "SIGLA_UF": "AP",
        "NM_UF": "Amapá",
        "CD_UF": 16,
        "NM_MUN": "Oiapoque",
        "CD_MUN": 1600501,
        "CT_LOCALIDADE": "Lugarejo",
        "SCT_LOCALIDADE": "",
        "NM_RGINT": "Oiapoque - Porto Grande",
        "CD_RGINT": 1602,
        "NM_RGI": "Oiapoque",
        "CD_RGI": 160003,
        "LAT_LOCALIDADE": 3.9488000869751,
        "LONG_LOCALIDADE": -51.4533996582031,
        "CATEGORIA_MAPA": "Rural",
        "DIST_MUNICIPIO": 44.05,
        "DIST_INFOVIA": 436.97
      },
      "geometry": {
        "type": "Point",
        "coordinates": [
          -51.4533752,
          3.948788199870406
        ]
      }
    },
    {
      "type": "Feature",
      "properties": {
        "NM_LOCALIDADE": "Aldeia Indígena Açaizal",
        "CD_LOCALIDADE": 160050100028.0,
        "SIGLA_UF": "AP",
        "NM_UF": "Amapá",
        "CD_UF": 16,
        "NM_MUN": "Oiapoque",
        "CD_MUN": 1600501,
        "CT_LOCALIDADE": "Povoado",
        "SCT_LOCALIDADE": "",
        "NM_RGINT": "Oiapoque - Porto Grande",
        "CD_RGINT": 1602,
        "NM_RGI": "Oiapoque",
        "CD_RGI": 160003,
        "LAT_LOCALIDADE": 3.89479994773865,
        "LONG_LOCALIDADE": -51.5157012939453,
        "CATEGORIA_MAPA": "Rural",
        "DIST_MUNICIPIO": 36.05,
        "DIST_INFOVIA": 431.76
      },
      "geometry": {
        "type": "Point",
        "coordinates": [
          -51.515748030303,
          3.894757424114587
        ]
      }
    },
    {
      "type": "Feature",
      "properties": {
        "NM_LOCALIDADE": "Aldeia Indígena Açaizal",
        "CD_LOCALIDADE": 160050100028.0,
        "SIGLA_UF": "AP",
        "NM_UF": "Amapá",
        "CD_UF": 16,
        "NM_MUN": "Oiapoque",
        "CD_MUN": 1600501,
        "CT_LOCALIDADE": "Localidade Indígena",
        "SCT_LOCALIDADE": "Agrupamento Indígena",
        "NM_RGINT": "Oiapoque - Porto Grande",
        "CD_RGINT": 1602,
        "NM_RGI": "Oiapoque",
        "CD_RGI": 160003,
        "LAT_LOCALIDADE": 3.89479994773865,
        "LONG_LOCALIDADE": -51.5157012939453,
        "CATEGORIA_MAPA": "Rural",
        "DIST_MUNICIPIO": 36.05,
        "DIST_INFOVIA": 431.76
      },
      "geometry": {
        "type": "Point",
        "coordinates": [
          -51.515748030303,
          3.894757424114587
        ]
      }
    },
    {
      "type": "Feature",
      "properties": {
        "NM_LOCALIDADE": "Aldeia Indígena Ahumã",
        "CD_LOCALIDADE": 160050100029.0,
        "SIGLA_UF": "AP",
        "NM_UF": "Amapá",
        "CD_UF": 16,
        "NM_MUN": "Oiapoque",
        "CD_MUN": 1600501,
        "CT_LOCALIDADE": "Localidade Indígena",
        "SCT_LOCALIDADE": "Agrupamento Indígena",
        "NM_RGINT": "Oiapoque - Porto Grande",
        "CD_RGINT": 1602,
        "NM_RGI": "Oiapoque",
        "CD_RGI": 160003,
        "LAT_LOCALIDADE": 3.37969994544983,
        "LONG_LOCALIDADE": -51.7080001831055,
        "CATEGORIA_MAPA": "Rural",
        "DIST_MUNICIPIO": 53.9,
        "DIST_INFOVIA": 378.45
      },
      "geometry": {
        "type": "Point",
        "coordinates": [
          -51.7080356470588,
          3.379666705771339
        ]
      }
    },
    {
      "type": "Feature",
      "properties": {
        "NM_LOCALIDADE": "Aldeia Indígena Ahumã",
        "CD_LOCALIDADE": 160050100029.0,
        "SIGLA_UF": "AP",
        "NM_UF": "Amapá",
        "CD_UF": 16,
        "NM_MUN": "Oiapoque",
        "CD_MUN": 1600501,
        "CT_LOCALIDADE": "Povoado",
        "SCT_LOCALIDADE": "",
        "NM_RGINT": "Oiapoque - Porto Grande",
        "CD_RGINT": 1602,
        "NM_RGI": "Oiapoque",
        "CD_RGI": 160003,
        "LAT_LOCALIDADE": 3.37969994544983,
        "LONG_LOCALIDADE": -51.7080001831055,
        "CATEGORIA_MAPA": "Rural",
        "DIST_MUNICIPIO": 53.9,
        "DIST_INFOVIA": 378.45
      },
      "geometry": {
        "type": "Point",
        "coordinates": [
          -51.7080356470588,
          3.379666705771339
        ]
      }
    },
    {
      "type": "Feature",
      "properties": {
        "NM_LOCALIDADE": "Aldeia Indígena Tawary",
        "CD_LOCALIDADE": 160050100030.0,
        "SIGLA_UF": "AP",
        "NM_UF": "Amapá",
        "CD_UF": 16,
        "NM_MUN": "Oiapoque",
        "CD_MUN": 1600501,
        "CT_LOCALIDADE": "Povoado",
        "SCT_LOCALIDADE": "",
        "NM_RGINT": "Oiapoque - Porto Grande",
        "CD_RGINT": 1602,
        "NM_RGI": "Oiapoque",
        "CD_RGI": 160003,
        "LAT_LOCALIDADE": 3.53970003128052,
        "LONG_LOCALIDADE": -51.4376983642578,
        "CATEGORIA_MAPA": "Rural",
        "DIST_MUNICIPIO": 55.97,
        "DIST_INFOVIA": 391.54
      },
      "geometry": {
        "type": "Point",
        "coordinates": [
          -51.43766320833329,
          3.539669249883759
        ]
      }
    },
    {
      "type": "Feature",
      "properties": {
        "NM_LOCALIDADE": "Aldeia Indígena Tawary",
        "CD_LOCALIDADE": 160050100030.0,
        "SIGLA_UF": "AP",
        "NM_UF": "Amapá",
        "CD_UF": 16,
        "NM_MUN": "Oiapoque",
        "CD_MUN": 1600501,
        "CT_LOCALIDADE": "Localidade Indígena",
        "SCT_LOCALIDADE": "Agrupamento Indígena",
        "NM_RGINT": "Oiapoque - Porto Grande",
        "CD_RGINT": 1602,
        "NM_RGI": "Oiapoque",
        "CD_RGI": 160003,
        "LAT_LOCALIDADE": 3.53970003128052,
        "LONG_LOCALIDADE": -51.4376983642578,
        "CATEGORIA_MAPA": "Rural",
        "DIST_MUNICIPIO": 55.97,
        "DIST_INFOVIA": 391.54
      },
      "geometry": {
        "type": "Point",
        "coordinates": [
          -51.43766320833329,
          3.539669249883759
        ]
      }
    },
    {
      "type": "Feature",
      "properties": {
        "NM_LOCALIDADE": "Aldeia Indígena Mangue I",
        "CD_LOCALIDADE": 160050100031.0,
        "SIGLA_UF": "AP",
        "NM_UF": "Amapá",
        "CD_UF": 16,
        "NM_MUN": "Oiapoque",
        "CD_MUN": 1600501,
        "CT_LOCALIDADE": "Localidade Indígena",
        "SCT_LOCALIDADE": "Agrupamento Indígena",
        "NM_RGINT": "Oiapoque - Porto Grande",
        "CD_RGINT": 1602,
        "NM_RGI": "Oiapoque",
        "CD_RGI": 160003,
        "LAT_LOCALIDADE": 3.48729991912842,
        "LONG_LOCALIDADE": -51.467399597168,
        "CATEGORIA_MAPA": "Rural",
        "DIST_MUNICIPIO": 57.3,
        "DIST_INFOVIA": 386.13
      },
      "geometry": {
        "type": "Point",
        "coordinates": [
          -51.467374,
          3.48727199988547
        ]
      }
    },
    {
      "type": "Feature",
      "properties": {
        "NM_LOCALIDADE": "Aldeia Indígena Mangue I",
        "CD_LOCALIDADE": 160050100031.0,
        "SIGLA_UF": "AP",
        "NM_UF": "Amapá",
        "CD_UF": 16,
        "NM_MUN": "Oiapoque",
        "CD_MUN": 1600501,
        "CT_LOCALIDADE": "Lugarejo",
        "SCT_LOCALIDADE": "",
        "NM_RGINT": "Oiapoque - Porto Grande",
        "CD_RGINT": 1602,
        "NM_RGI": "Oiapoque",
        "CD_RGI": 160003,
        "LAT_LOCALIDADE": 3.48729991912842,
        "LONG_LOCALIDADE": -51.467399597168,
        "CATEGORIA_MAPA": "Rural",
        "DIST_MUNICIPIO": 57.3,
        "DIST_INFOVIA": 386.13
      },
      "geometry": {
        "type": "Point",
        "coordinates": [
          -51.467374,
          3.48727199988547
        ]
      }
    },
    {
      "type": "Feature",
      "properties": {
        "NM_LOCALIDADE": "Aldeia Indígena Kwikwit",
        "CD_LOCALIDADE": 160050100032.0,
        "SIGLA_UF": "AP",
        "NM_UF": "Amapá",
        "CD_UF": 16,
        "NM_MUN": "Oiapoque",
        "CD_MUN": 1600501,
        "CT_LOCALIDADE": "Lugarejo",
        "SCT_LOCALIDADE": "",
        "NM_RGINT": "Oiapoque - Porto Grande",
        "CD_RGINT": 1602,
        "NM_RGI": "Oiapoque",
        "CD_RGI": 160003,
        "LAT_LOCALIDADE": 3.47849988937378,
        "LONG_LOCALIDADE": -51.484001159668,
        "CATEGORIA_MAPA": "Rural",
        "DIST_MUNICIPIO": 56.69,
        "DIST_INFOVIA": 385.39
      },
      "geometry": {
        "type": "Point",
        "coordinates": [
          -51.4840425,
          3.478499499885758
        ]
      }
    },
    {
      "type": "Feature",
      "properties": {
        "NM_LOCALIDADE": "Aldeia Indígena Kwikwit",
        "CD_LOCALIDADE": 160050100032.0,
        "SIGLA_UF": "AP",
        "NM_UF": "Amapá",
        "CD_UF": 16,
        "NM_MUN": "Oiapoque",
        "CD_MUN": 1600501,
        "CT_LOCALIDADE": "Localidade Indígena",
        "SCT_LOCALIDADE": "Agrupamento Indígena",
        "NM_RGINT": "Oiapoque - Porto Grande",
        "CD_RGINT": 1602,
        "NM_RGI": "Oiapoque",
        "CD_RGI": 160003,
        "LAT_LOCALIDADE": 3.47849988937378,
        "LONG_LOCALIDADE": -51.484001159668,
        "CATEGORIA_MAPA": "Rural",
        "DIST_MUNICIPIO": 56.69,
        "DIST_INFOVIA": 385.39
      },
      "geometry": {
        "type": "Point",
        "coordinates": [
          -51.4840425,
          3.478499499885758
        ]
      }
    },
    {
      "type": "Feature",
      "properties": {
        "NM_LOCALIDADE": "Aldeia Indígena Aruatu",
        "CD_LOCALIDADE": 160050100033.0,
        "SIGLA_UF": "AP",
        "NM_UF": "Amapá",
        "CD_UF": 16,
        "NM_MUN": "Oiapoque",
        "CD_MUN": 1600501,
        "CT_LOCALIDADE": "Lugarejo",
        "SCT_LOCALIDADE": "",
        "NM_RGINT": "Oiapoque - Porto Grande",
        "CD_RGINT": 1602,
        "NM_RGI": "Oiapoque",
        "CD_RGI": 160003,
        "LAT_LOCALIDADE": 3.37319993972778,
        "LONG_LOCALIDADE": -51.3026008605957,
        "CATEGORIA_MAPA": "Rural",
        "DIST_MUNICIPIO": 79.34,
        "DIST_INFOVIA": 371.74
      },
      "geometry": {
        "type": "Point",
        "coordinates": [
          -51.30255875,
          3.373184624889201
        ]
      }
    },
    {
      "type": "Feature",
      "properties": {
        "NM_LOCALIDADE": "Aldeia Indígena Aruatu",
        "CD_LOCALIDADE": 160050100033.0,
        "SIGLA_UF": "AP",
        "NM_UF": "Amapá",
        "CD_UF": 16,
        "NM_MUN": "Oiapoque",
        "CD_MUN": 1600501,
        "CT_LOCALIDADE": "Localidade Indígena",
        "SCT_LOCALIDADE": "Agrupamento Indígena",
        "NM_RGINT": "Oiapoque - Porto Grande",
        "CD_RGINT": 1602,
        "NM_RGI": "Oiapoque",
        "CD_RGI": 160003,
        "LAT_LOCALIDADE": 3.37319993972778,
        "LONG_LOCALIDADE": -51.3026008605957,
        "CATEGORIA_MAPA": "Rural",
        "DIST_MUNICIPIO": 79.34,
        "DIST_INFOVIA": 371.74
      },
      "geometry": {
        "type": "Point",
        "coordinates": [
          -51.30255875,
          3.373184624889201
        ]
      }
    },
    {
      "type": "Feature",
      "properties": {
        "NM_LOCALIDADE": "Aldeia Indígena Uahá",
        "CD_LOCALIDADE": 160050100034.0,
        "SIGLA_UF": "AP",
        "NM_UF": "Amapá",
        "CD_UF": 16,
        "NM_MUN": "Oiapoque",
        "CD_MUN": 1600501,
        "CT_LOCALIDADE": "Localidade Indígena",
        "SCT_LOCALIDADE": "Agrupamento Indígena",
        "NM_RGINT": "Oiapoque - Porto Grande",
        "CD_RGINT": 1602,
        "NM_RGI": "Oiapoque",
        "CD_RGI": 160003,
        "LAT_LOCALIDADE": 4.02909994125366,
        "LONG_LOCALIDADE": -51.6248016357422,
        "CATEGORIA_MAPA": "Rural",
        "DIST_MUNICIPIO": 31.07,
        "DIST_INFOVIA": 448.14
      },
      "geometry": {
        "type": "Point",
        "coordinates": [
          -51.624751407407416,
          4.029123296164074
        ]
      }
    },
    {
      "type": "Feature",
      "properties": {
        "NM_LOCALIDADE": "Aldeia Indígena Uahá",
        "CD_LOCALIDADE": 160050100034.0,
        "SIGLA_UF": "AP",
        "NM_UF": "Amapá",
        "CD_UF": 16,
        "NM_MUN": "Oiapoque",
        "CD_MUN": 1600501,
        "CT_LOCALIDADE": "Povoado",
        "SCT_LOCALIDADE": "",
        "NM_RGINT": "Oiapoque - Porto Grande",
        "CD_RGINT": 1602,
        "NM_RGI": "Oiapoque",
        "CD_RGI": 160003,
        "LAT_LOCALIDADE": 4.02909994125366,
        "LONG_LOCALIDADE": -51.6248016357422,
        "CATEGORIA_MAPA": "Rural",
        "DIST_MUNICIPIO": 31.07,
        "DIST_INFOVIA": 448.14
      },
      "geometry": {
        "type": "Point",
        "coordinates": [
          -51.624751407407416,
          4.029123296164074
        ]
      }
    },
    {
      "type": "Feature",
      "properties": {
        "NM_LOCALIDADE": "Aldeia Indígena Kunanã",
        "CD_LOCALIDADE": 160050100035.0,
        "SIGLA_UF": "AP",
        "NM_UF": "Amapá",
        "CD_UF": 16,
        "NM_MUN": "Oiapoque",
        "CD_MUN": 1600501,
        "CT_LOCALIDADE": "Localidade Indígena",
        "SCT_LOCALIDADE": "Agrupamento Indígena",
        "NM_RGINT": "Oiapoque - Porto Grande",
        "CD_RGINT": 1602,
        "NM_RGI": "Oiapoque",
        "CD_RGI": 160003,
        "LAT_LOCALIDADE": 4.01989984512329,
        "LONG_LOCALIDADE": -51.6179008483887,
        "CATEGORIA_MAPA": "Rural",
        "DIST_MUNICIPIO": 31.0,
        "DIST_INFOVIA": 447.02
      },
      "geometry": {
        "type": "Point",
        "coordinates": [
          -51.61793682857141,
          4.019869514153796
        ]
      }
    },
    {
      "type": "Feature",
      "properties": {
        "NM_LOCALIDADE": "Aldeia Indígena Kunanã",
        "CD_LOCALIDADE": 160050100035.0,
        "SIGLA_UF": "AP",
        "NM_UF": "Amapá",
        "CD_UF": 16,
        "NM_MUN": "Oiapoque",
        "CD_MUN": 1600501,
        "CT_LOCALIDADE": "Povoado",
        "SCT_LOCALIDADE": "",
        "NM_RGINT": "Oiapoque - Porto Grande",
        "CD_RGINT": 1602,
        "NM_RGI": "Oiapoque",
        "CD_RGI": 160003,
        "LAT_LOCALIDADE": 4.01989984512329,
        "LONG_LOCALIDADE": -51.6179008483887,
        "CATEGORIA_MAPA": "Rural",
        "DIST_MUNICIPIO": 31.0,
        "DIST_INFOVIA": 447.02
      },
      "geometry": {
        "type": "Point",
        "coordinates": [
          -51.61793682857141,
          4.019869514153796
        ]
      }
    },
    {
      "type": "Feature",
      "properties": {
        "NM_LOCALIDADE": "Aldeia Indígena Ariramba",
        "CD_LOCALIDADE": 160050100036.0,
        "SIGLA_UF": "AP",
        "NM_UF": "Amapá",
        "CD_UF": 16,
        "NM_MUN": "Oiapoque",
        "CD_MUN": 1600501,
        "CT_LOCALIDADE": "Localidade Indígena",
        "SCT_LOCALIDADE": "Agrupamento Indígena",
        "NM_RGINT": "Oiapoque - Porto Grande",
        "CD_RGINT": 1602,
        "NM_RGI": "Oiapoque",
        "CD_RGI": 160003,
        "LAT_LOCALIDADE": 3.9993999004364,
        "LONG_LOCALIDADE": -51.726001739502,
        "CATEGORIA_MAPA": "Rural",
        "DIST_MUNICIPIO": 20.95,
        "DIST_INFOVIA": 446.61
      },
      "geometry": {
        "type": "Point",
        "coordinates": [
          -51.726040125,
          3.999370812368755
        ]
      }
    },
    {
      "type": "Feature",
      "properties": {
        "NM_LOCALIDADE": "Aldeia Indígena Ariramba",
        "CD_LOCALIDADE": 160050100036.0,
        "SIGLA_UF": "AP",
        "NM_UF": "Amapá",
        "CD_UF": 16,
        "NM_MUN": "Oiapoque",
        "CD_MUN": 1600501,
        "CT_LOCALIDADE": "Povoado",
        "SCT_LOCALIDADE": "",
        "NM_RGINT": "Oiapoque - Porto Grande",
        "CD_RGINT": 1602,
        "NM_RGI": "Oiapoque",
        "CD_RGI": 160003,
        "LAT_LOCALIDADE": 3.9993999004364,
        "LONG_LOCALIDADE": -51.726001739502,
        "CATEGORIA_MAPA": "Rural",
        "DIST_MUNICIPIO": 20.95,
        "DIST_INFOVIA": 446.61
      },
      "geometry": {
        "type": "Point",
        "coordinates": [
          -51.726040125,
          3.999370812368755
        ]
      }
    },
    {
      "type": "Feature",
      "properties": {
        "NM_LOCALIDADE": "Ilha Bela",
        "CD_LOCALIDADE": 160050100037.0,
        "SIGLA_UF": "AP",
        "NM_UF": "Amapá",
        "CD_UF": 16,
        "NM_MUN": "Oiapoque",
        "CD_MUN": 1600501,
        "CT_LOCALIDADE": "Povoado",
        "SCT_LOCALIDADE": "",
        "NM_RGINT": "Oiapoque - Porto Grande",
        "CD_RGINT": 1602,
        "NM_RGI": "Oiapoque",
        "CD_RGI": 160003,
        "LAT_LOCALIDADE": 3.24930000305176,
        "LONG_LOCALIDADE": -52.2611999511719,
        "CATEGORIA_MAPA": "Rural",
        "DIST_MUNICIPIO": 81.44,
        "DIST_INFOVIA": 381.26
      },
      "geometry": {
        "type": "Point",
        "coordinates": [
          -52.26119492561979,
          3.249290041215562
        ]
      }
    },
    {
      "type": "Feature",
      "properties": {
        "NM_LOCALIDADE": "Rio Primeiro do Cassiporé",
        "CD_LOCALIDADE": 160050100038.0,
        "SIGLA_UF": "AP",
        "NM_UF": "Amapá",
        "CD_UF": 16,
        "NM_MUN": "Oiapoque",
        "CD_MUN": 1600501,
        "CT_LOCALIDADE": "Povoado",
        "SCT_LOCALIDADE": "",
        "NM_RGINT": "Oiapoque - Porto Grande",
        "CD_RGINT": 1602,
        "NM_RGI": "Oiapoque",
        "CD_RGI": 160003,
        "LAT_LOCALIDADE": 3.04410004615784,
        "LONG_LOCALIDADE": -51.4600982666016,
        "CATEGORIA_MAPA": "Rural",
        "DIST_MUNICIPIO": 98.59,
        "DIST_INFOVIA": 337.14
      },
      "geometry": {
        "type": "Point",
        "coordinates": [
          -51.4601481829268,
          3.044075097460937
        ]
      }
    },
    {
      "type": "Feature",
      "properties": {
        "NM_LOCALIDADE": "Aldeia Indígena Benoá",
        "CD_LOCALIDADE": 160050100039.0,
        "SIGLA_UF": "AP",
        "NM_UF": "Amapá",
        "CD_UF": 16,
        "NM_MUN": "Oiapoque",
        "CD_MUN": 1600501,
        "CT_LOCALIDADE": "Localidade Indígena",
        "SCT_LOCALIDADE": "Agrupamento Indígena",
        "NM_RGINT": "Oiapoque - Porto Grande",
        "CD_RGINT": 1602,
        "NM_RGI": "Oiapoque",
        "CD_RGI": 160003,
        "LAT_LOCALIDADE": 3.68849992752075,
        "LONG_LOCALIDADE": -51.7187995910645,
        "CATEGORIA_MAPA": "Rural",
        "DIST_MUNICIPIO": 21.97,
        "DIST_INFOVIA": 412.42
      },
      "geometry": {
        "type": "Point",
        "coordinates": [
          -51.7187574736842,
          3.688531368299948
        ]
      }
    },
    {
      "type": "Feature",
      "properties": {
        "NM_LOCALIDADE": "Aldeia Indígena Kuahí",
        "CD_LOCALIDADE": 160050100040.0,
        "SIGLA_UF": "AP",
        "NM_UF": "Amapá",
        "CD_UF": 16,
        "NM_MUN": "Oiapoque",
        "CD_MUN": 1600501,
        "CT_LOCALIDADE": "Localidade Indígena",
        "SCT_LOCALIDADE": "Agrupamento Indígena",
        "NM_RGINT": "Oiapoque - Porto Grande",
        "CD_RGINT": 1602,
        "NM_RGI": "Oiapoque",
        "CD_RGI": 160003,
        "LAT_LOCALIDADE": 3.71129989624023,
        "LONG_LOCALIDADE": -51.7690010070801,
        "CATEGORIA_MAPA": "Rural",
        "DIST_MUNICIPIO": 16.87,
        "DIST_INFOVIA": 415.94
      },
      "geometry": {
        "type": "Point",
        "coordinates": [
          -51.7690416818181,
          3.711290772605425
        ]
      }
    },
    {
      "type": "Feature",
      "properties": {
        "NM_LOCALIDADE": "Aldeia Indígena Flamã",
        "CD_LOCALIDADE": 160050100041.0,
        "SIGLA_UF": "AP",
        "NM_UF": "Amapá",
        "CD_UF": 16,
        "NM_MUN": "Oiapoque",
        "CD_MUN": 1600501,
        "CT_LOCALIDADE": "Povoado",
        "SCT_LOCALIDADE": "",
        "NM_RGINT": "Oiapoque - Porto Grande",
        "CD_RGINT": 1602,
        "NM_RGI": "Oiapoque",
        "CD_RGI": 160003,
        "LAT_LOCALIDADE": 3.23200011253357,
        "LONG_LOCALIDADE": -51.3387985229492,
        "CATEGORIA_MAPA": "Rural",
        "DIST_MUNICIPIO": 87.94,
        "DIST_INFOVIA": 356.42
      },
      "geometry": {
        "type": "Point",
        "coordinates": [
          -51.3387537916666,
          3.232049041560475
        ]
      }
    },
    {
      "type": "Feature",
      "properties": {
        "NM_LOCALIDADE": "Aldeia Indígena Flamã",
        "CD_LOCALIDADE": 160050100041.0,
        "SIGLA_UF": "AP",
        "NM_UF": "Amapá",
        "CD_UF": 16,
        "NM_MUN": "Oiapoque",
        "CD_MUN": 1600501,
        "CT_LOCALIDADE": "Localidade Indígena",
        "SCT_LOCALIDADE": "Agrupamento Indígena",
        "NM_RGINT": "Oiapoque - Porto Grande",
        "CD_RGINT": 1602,
        "NM_RGI": "Oiapoque",
        "CD_RGI": 160003,
        "LAT_LOCALIDADE": 3.23200011253357,
        "LONG_LOCALIDADE": -51.3387985229492,
        "CATEGORIA_MAPA": "Rural",
        "DIST_MUNICIPIO": 87.94,
        "DIST_INFOVIA": 356.42
      },
      "geometry": {
        "type": "Point",
        "coordinates": [
          -51.3387537916666,
          3.232049041560475
        ]
      }
    },
    {
      "type": "Feature",
      "properties": {
        "NM_LOCALIDADE": "Aldeia Indígena Paramuaka",
        "CD_LOCALIDADE": 160050100042.0,
        "SIGLA_UF": "AP",
        "NM_UF": "Amapá",
        "CD_UF": 16,
        "NM_MUN": "Oiapoque",
        "CD_MUN": 1600501,
        "CT_LOCALIDADE": "Localidade Indígena",
        "SCT_LOCALIDADE": "Agrupamento Indígena",
        "NM_RGINT": "Oiapoque - Porto Grande",
        "CD_RGINT": 1602,
        "NM_RGI": "Oiapoque",
        "CD_RGI": 160003,
        "LAT_LOCALIDADE": 3.22000002861023,
        "LONG_LOCALIDADE": -51.3412017822266,
        "CATEGORIA_MAPA": "Rural",
        "DIST_MUNICIPIO": 88.82,
        "DIST_INFOVIA": 355.11
      },
      "geometry": {
        "type": "Point",
        "coordinates": [
          -51.3412242352941,
          3.219952235188321
        ]
      }
    },
    {
      "type": "Feature",
      "properties": {
        "NM_LOCALIDADE": "Aldeia Indígena Tukuyui",
        "CD_LOCALIDADE": 160050100043.0,
        "SIGLA_UF": "AP",
        "NM_UF": "Amapá",
        "CD_UF": 16,
        "NM_MUN": "Oiapoque",
        "CD_MUN": 1600501,
        "CT_LOCALIDADE": "Localidade Indígena",
        "SCT_LOCALIDADE": "Outras Localidades Indígenas",
        "NM_RGINT": "Oiapoque - Porto Grande",
        "CD_RGINT": 1602,
        "NM_RGI": "Oiapoque",
        "CD_RGI": 160003,
        "LAT_LOCALIDADE": 3.24609994888306,
        "LONG_LOCALIDADE": -51.3384017944336,
        "CATEGORIA_MAPA": "Rural",
        "DIST_MUNICIPIO": 86.76,
        "DIST_INFOVIA": 357.98
      },
      "geometry": {
        "type": "Point",
        "coordinates": [
          -51.338361,
          3.246147999893355
        ]
      }
    },
    {
      "type": "Feature",
      "properties": {
        "NM_LOCALIDADE": "Aldeia Indígena Paraikur",
        "CD_LOCALIDADE": 160050100044.0,
        "SIGLA_UF": "AP",
        "NM_UF": "Amapá",
        "CD_UF": 16,
        "NM_MUN": "Oiapoque",
        "CD_MUN": 1600501,
        "CT_LOCALIDADE": "Localidade Indígena",
        "SCT_LOCALIDADE": "Outras Localidades Indígenas",
        "NM_RGINT": "Oiapoque - Porto Grande",
        "CD_RGINT": 1602,
        "NM_RGI": "Oiapoque",
        "CD_RGI": 160003,
        "LAT_LOCALIDADE": 3.28600001335144,
        "LONG_LOCALIDADE": -51.3573989868164,
        "CATEGORIA_MAPA": "Rural",
        "DIST_MUNICIPIO": 82.01,
        "DIST_INFOVIA": 362.58
      },
      "geometry": {
        "type": "Point",
        "coordinates": [
          -51.357359,
          3.285985999892051
        ]
      }
    },
    {
      "type": "Feature",
      "properties": {
        "NM_LOCALIDADE": "Aldeia Indígena Maji",
        "CD_LOCALIDADE": 160050100045.0,
        "SIGLA_UF": "AP",
        "NM_UF": "Amapá",
        "CD_UF": 16,
        "NM_MUN": "Oiapoque",
        "CD_MUN": 1600501,
        "CT_LOCALIDADE": "Localidade Indígena",
        "SCT_LOCALIDADE": "Outras Localidades Indígenas",
        "NM_RGINT": "Oiapoque - Porto Grande",
        "CD_RGINT": 1602,
        "NM_RGI": "Oiapoque",
        "CD_RGI": 160003,
        "LAT_LOCALIDADE": 3.31010007858276,
        "LONG_LOCALIDADE": -51.342098236084,
        "CATEGORIA_MAPA": "Rural",
        "DIST_MUNICIPIO": 81.13,
        "DIST_INFOVIA": 365.1
      },
      "geometry": {
        "type": "Point",
        "coordinates": [
          -51.342067,
          3.310053999891264
        ]
      }
    },
    {
      "type": "Feature",
      "properties": {
        "NM_LOCALIDADE": "Aldeia Indígena Manau",
        "CD_LOCALIDADE": 160050100046.0,
        "SIGLA_UF": "AP",
        "NM_UF": "Amapá",
        "CD_UF": 16,
        "NM_MUN": "Oiapoque",
        "CD_MUN": 1600501,
        "CT_LOCALIDADE": "Localidade Indígena",
        "SCT_LOCALIDADE": "Agrupamento Indígena",
        "NM_RGINT": "Oiapoque - Porto Grande",
        "CD_RGINT": 1602,
        "NM_RGI": "Oiapoque",
        "CD_RGI": 160003,
        "LAT_LOCALIDADE": 3.32459998130798,
        "LONG_LOCALIDADE": -51.3422012329102,
        "CATEGORIA_MAPA": "Rural",
        "DIST_MUNICIPIO": 79.94,
        "DIST_INFOVIA": 366.71
      },
      "geometry": {
        "type": "Point",
        "coordinates": [
          -51.34223588235291,
          3.324612646949609
        ]
      }
    },
    {
      "type": "Feature",
      "properties": {
        "NM_LOCALIDADE": "Comunidade Quilombola Kulumbú do Patuazinho",
        "CD_LOCALIDADE": 160050100047.0,
        "SIGLA_UF": "AP",
        "NM_UF": "Amapá",
        "CD_UF": 16,
        "NM_MUN": "Oiapoque",
        "CD_MUN": 1600501,
        "CT_LOCALIDADE": "Localidade Quilombola",
        "SCT_LOCALIDADE": "Agrupamento Quilombola",
        "NM_RGINT": "Oiapoque - Porto Grande",
        "CD_RGINT": 1602,
        "NM_RGI": "Oiapoque",
        "CD_RGI": 160003,
        "LAT_LOCALIDADE": 3.8390998840332,
        "LONG_LOCALIDADE": -51.8050994873047,
        "CATEGORIA_MAPA": "Rural",
        "DIST_MUNICIPIO": 3.66,
        "DIST_INFOVIA": 430.66
      },
      "geometry": {
        "type": "Point",
        "coordinates": [
          -51.8050826,
          3.839147299873981
        ]
      }
    },
    {
      "type": "Feature",
      "properties": {
        "NM_LOCALIDADE": "Comunidade Quilombola Vila Velha",
        "CD_LOCALIDADE": 160050100048.0,
        "SIGLA_UF": "AP",
        "NM_UF": "Amapá",
        "CD_UF": 16,
        "NM_MUN": "Oiapoque",
        "CD_MUN": 1600501,
        "CT_LOCALIDADE": "Localidade Quilombola",
        "SCT_LOCALIDADE": "Agrupamento Quilombola",
        "NM_RGINT": "Oiapoque - Porto Grande",
        "CD_RGINT": 1602,
        "NM_RGI": "Oiapoque",
        "CD_RGI": 160003,
        "LAT_LOCALIDADE": 3.21199989318848,
        "LONG_LOCALIDADE": -51.2285003662109,
        "CATEGORIA_MAPA": "Rural",
        "DIST_MUNICIPIO": 97.71,
        "DIST_INFOVIA": 353.32
      },
      "geometry": {
        "type": "Point",
        "coordinates": [
          -51.2285095932203,
          3.211981465996162
        ]
      }
    },
    {
      "type": "Feature",
      "properties": {
        "NM_LOCALIDADE": "Aldeia Indígena Anawera",
        "CD_LOCALIDADE": 160050100049.0,
        "SIGLA_UF": "AP",
        "NM_UF": "Amapá",
        "CD_UF": 16,
        "NM_MUN": "Oiapoque",
        "CD_MUN": 1600501,
        "CT_LOCALIDADE": "Localidade Indígena",
        "SCT_LOCALIDADE": "Agrupamento Indígena",
        "NM_RGINT": "Oiapoque - Porto Grande",
        "CD_RGINT": 1602,
        "NM_RGI": "Oiapoque",
        "CD_RGI": 160003,
        "LAT_LOCALIDADE": 3.1414999961853,
        "LONG_LOCALIDADE": -51.5065002441406,
        "CATEGORIA_MAPA": "Rural",
        "DIST_MUNICIPIO": 86.6,
        "DIST_INFOVIA": 348.58
      },
      "geometry": {
        "type": "Point",
        "coordinates": [
          -51.5064772777777,
          3.141517111007888
        ]
      }
    },
    {
      "type": "Feature",
      "properties": {
        "NM_LOCALIDADE": "Aldeia Indígena Bastiôn",
        "CD_LOCALIDADE": 160050100050.0,
        "SIGLA_UF": "AP",
        "NM_UF": "Amapá",
        "CD_UF": 16,
        "NM_MUN": "Oiapoque",
        "CD_MUN": 1600501,
        "CT_LOCALIDADE": "Localidade Indígena",
        "SCT_LOCALIDADE": "Agrupamento Indígena",
        "NM_RGINT": "Oiapoque - Porto Grande",
        "CD_RGINT": 1602,
        "NM_RGI": "Oiapoque",
        "CD_RGI": 160003,
        "LAT_LOCALIDADE": 3.73130011558533,
        "LONG_LOCALIDADE": -51.7134017944336,
        "CATEGORIA_MAPA": "Rural",
        "DIST_MUNICIPIO": 18.8,
        "DIST_INFOVIA": 417.0
      },
      "geometry": {
        "type": "Point",
        "coordinates": [
          -51.7134455,
          3.731341499877499
        ]
      }
    },
    {
      "type": "Feature",
      "properties": {
        "NM_LOCALIDADE": "Aldeia Indígena Igarapé da Onça",
        "CD_LOCALIDADE": 160050100051.0,
        "SIGLA_UF": "AP",
        "NM_UF": "Amapá",
        "CD_UF": 16,
        "NM_MUN": "Oiapoque",
        "CD_MUN": 1600501,
        "CT_LOCALIDADE": "Localidade Indígena",
        "SCT_LOCALIDADE": "Outras Localidades Indígenas",
        "NM_RGINT": "Oiapoque - Porto Grande",
        "CD_RGINT": 1602,
        "NM_RGI": "Oiapoque",
        "CD_RGI": 160003,
        "LAT_LOCALIDADE": 3.68849992752075,
        "LONG_LOCALIDADE": -51.7188987731934,
        "CATEGORIA_MAPA": "Rural",
        "DIST_MUNICIPIO": 21.97,
        "DIST_INFOVIA": 412.42
      },
      "geometry": {
        "type": "Point",
        "coordinates": [
          -51.7188822,
          3.688462199878899
        ]
      }
    },
    {
      "type": "Feature",
      "properties": {
        "NM_LOCALIDADE": "Aldeia Indígena Igarapé do Palha",
        "CD_LOCALIDADE": 160050100052.0,
        "SIGLA_UF": "AP",
        "NM_UF": "Amapá",
        "CD_UF": 16,
        "NM_MUN": "Oiapoque",
        "CD_MUN": 1600501,
        "CT_LOCALIDADE": "Localidade Indígena",
        "SCT_LOCALIDADE": "Outras Localidades Indígenas",
        "NM_RGINT": "Oiapoque - Porto Grande",
        "CD_RGINT": 1602,
        "NM_RGI": "Oiapoque",
        "CD_RGI": 160003,
        "LAT_LOCALIDADE": 3.65700006484985,
        "LONG_LOCALIDADE": -51.7668991088867,
        "CATEGORIA_MAPA": "Rural",
        "DIST_MUNICIPIO": 22.52,
        "DIST_INFOVIA": 409.97
      },
      "geometry": {
        "type": "Point",
        "coordinates": [
          -51.7668611,
          3.656975699879926
        ]
      }
    },
    {
      "type": "Feature",
      "properties": {
        "NM_LOCALIDADE": "Aldeia Indígena Karibuene",
        "CD_LOCALIDADE": 160050100053.0,
        "SIGLA_UF": "AP",
        "NM_UF": "Amapá",
        "CD_UF": 16,
        "NM_MUN": "Oiapoque",
        "CD_MUN": 1600501,
        "CT_LOCALIDADE": "Localidade Indígena",
        "SCT_LOCALIDADE": "Outras Localidades Indígenas",
        "NM_RGINT": "Oiapoque - Porto Grande",
        "CD_RGINT": 1602,
        "NM_RGI": "Oiapoque",
        "CD_RGI": 160003,
        "LAT_LOCALIDADE": 3.34270000457764,
        "LONG_LOCALIDADE": -51.3044013977051,
        "CATEGORIA_MAPA": "Rural",
        "DIST_MUNICIPIO": 81.48,
        "DIST_INFOVIA": 368.38
      },
      "geometry": {
        "type": "Point",
        "coordinates": [
          -51.30441320000001,
          3.342708199890196
        ]
      }
    },
    {
      "type": "Feature",
      "properties": {
        "NM_LOCALIDADE": "Aldeia Indígena Kaxiuahí",
        "CD_LOCALIDADE": 160050100054.0,
        "SIGLA_UF": "AP",
        "NM_UF": "Amapá",
        "CD_UF": 16,
        "NM_MUN": "Oiapoque",
        "CD_MUN": 1600501,
        "CT_LOCALIDADE": "Localidade Indígena",
        "SCT_LOCALIDADE": "Agrupamento Indígena",
        "NM_RGINT": "Oiapoque - Porto Grande",
        "CD_RGINT": 1602,
        "NM_RGI": "Oiapoque",
        "CD_RGI": 160003,
        "LAT_LOCALIDADE": 3.30699992179871,
        "LONG_LOCALIDADE": -51.3422012329102,
        "CATEGORIA_MAPA": "Rural",
        "DIST_MUNICIPIO": 81.37,
        "DIST_INFOVIA": 364.76
      },
      "geometry": {
        "type": "Point",
        "coordinates": [
          -51.3422175714285,
          3.306989285605645
        ]
      }
    },
    {
      "type": "Feature",
      "properties": {
        "NM_LOCALIDADE": "Aldeia Indígena Kubahí",
        "CD_LOCALIDADE": 160050100055.0,
        "SIGLA_UF": "AP",
        "NM_UF": "Amapá",
        "CD_UF": 16,
        "NM_MUN": "Oiapoque",
        "CD_MUN": 1600501,
        "CT_LOCALIDADE": "Localidade Indígena",
        "SCT_LOCALIDADE": "Agrupamento Indígena",
        "NM_RGINT": "Oiapoque - Porto Grande",
        "CD_RGINT": 1602,
        "NM_RGI": "Oiapoque",
        "CD_RGI": 160003,
        "LAT_LOCALIDADE": 3.78290009498596,
        "LONG_LOCALIDADE": -51.5919990539551,
        "CATEGORIA_MAPA": "Rural",
        "DIST_MUNICIPIO": 28.11,
        "DIST_INFOVIA": 420.53
      },
      "geometry": {
        "type": "Point",
        "coordinates": [
          -51.5919697,
          3.782901199875817
        ]
      }
    },
    {
      "type": "Feature",
      "properties": {
        "NM_LOCALIDADE": "Aldeia Indígena Pacapuá",
        "CD_LOCALIDADE": 160050100056.0,
        "SIGLA_UF": "AP",
        "NM_UF": "Amapá",
        "CD_UF": 16,
        "NM_MUN": "Oiapoque",
        "CD_MUN": 1600501,
        "CT_LOCALIDADE": "Localidade Indígena",
        "SCT_LOCALIDADE": "Agrupamento Indígena",
        "NM_RGINT": "Oiapoque - Porto Grande",
        "CD_RGINT": 1602,
        "NM_RGI": "Oiapoque",
        "CD_RGI": 160003,
        "LAT_LOCALIDADE": 3.76020002365112,
        "LONG_LOCALIDADE": -51.6068992614746,
        "CATEGORIA_MAPA": "Rural",
        "DIST_MUNICIPIO": 27.3,
        "DIST_INFOVIA": 418.27
      },
      "geometry": {
        "type": "Point",
        "coordinates": [
          -51.6069382857142,
          3.760243999876556
        ]
      }
    },
    {
      "type": "Feature",
      "properties": {
        "NM_LOCALIDADE": "Aldeia Indígena Tipoca",
        "CD_LOCALIDADE": 160050100057.0,
        "SIGLA_UF": "AP",
        "NM_UF": "Amapá",
        "CD_UF": 16,
        "NM_MUN": "Oiapoque",
        "CD_MUN": 1600501,
        "CT_LOCALIDADE": "Localidade Indígena",
        "SCT_LOCALIDADE": "Outras Localidades Indígenas",
        "NM_RGINT": "Oiapoque - Porto Grande",
        "CD_RGINT": 1602,
        "NM_RGI": "Oiapoque",
        "CD_RGI": 160003,
        "LAT_LOCALIDADE": 3.61260008811951,
        "LONG_LOCALIDADE": -51.3709983825684,
        "CATEGORIA_MAPA": "Rural",
        "DIST_MUNICIPIO": 57.91,
        "DIST_INFOVIA": 398.89
      },
      "geometry": {
        "type": "Point",
        "coordinates": [
          -51.3710144,
          3.612636599881376
        ]
      }
    },
    {
      "type": "Feature",
      "properties": {
        "NM_LOCALIDADE": "Aldeia Indígena Tuluhí",
        "CD_LOCALIDADE": 160050100058.0,
        "SIGLA_UF": "AP",
        "NM_UF": "Amapá",
        "CD_UF": 16,
        "NM_MUN": "Oiapoque",
        "CD_MUN": 1600501,
        "CT_LOCALIDADE": "Lugarejo",
        "SCT_LOCALIDADE": "",
        "NM_RGINT": "Oiapoque - Porto Grande",
        "CD_RGINT": 1602,
        "NM_RGI": "Oiapoque",
        "CD_RGI": 160003,
        "LAT_LOCALIDADE": 3.67510008811951,
        "LONG_LOCALIDADE": -51.768798828125,
        "CATEGORIA_MAPA": "Rural",
        "DIST_MUNICIPIO": 20.56,
        "DIST_INFOVIA": 411.98
      },
      "geometry": {
        "type": "Point",
        "coordinates": [
          -51.7687766363636,
          3.675052908970236
        ]
      }
    },
    {
      "type": "Feature",
      "properties": {
        "NM_LOCALIDADE": "Aldeia Indígena Tuluhí",
        "CD_LOCALIDADE": 160050100058.0,
        "SIGLA_UF": "AP",
        "NM_UF": "Amapá",
        "CD_UF": 16,
        "NM_MUN": "Oiapoque",
        "CD_MUN": 1600501,
        "CT_LOCALIDADE": "Localidade Indígena",
        "SCT_LOCALIDADE": "Agrupamento Indígena",
        "NM_RGINT": "Oiapoque - Porto Grande",
        "CD_RGINT": 1602,
        "NM_RGI": "Oiapoque",
        "CD_RGI": 160003,
        "LAT_LOCALIDADE": 3.67510008811951,
        "LONG_LOCALIDADE": -51.768798828125,
        "CATEGORIA_MAPA": "Rural",
        "DIST_MUNICIPIO": 20.56,
        "DIST_INFOVIA": 411.98
      },
      "geometry": {
        "type": "Point",
        "coordinates": [
          -51.7687766363636,
          3.675052908970236
        ]
      }
    },
    {
      "type": "Feature",
      "properties": {
        "NM_LOCALIDADE": "Aldeia Indígena Yanawá",
        "CD_LOCALIDADE": 160050100059.0,
        "SIGLA_UF": "AP",
        "NM_UF": "Amapá",
        "CD_UF": 16,
        "NM_MUN": "Oiapoque",
        "CD_MUN": 1600501,
        "CT_LOCALIDADE": "Localidade Indígena",
        "SCT_LOCALIDADE": "Agrupamento Indígena",
        "NM_RGINT": "Oiapoque - Porto Grande",
        "CD_RGINT": 1602,
        "NM_RGI": "Oiapoque",
        "CD_RGI": 160003,
        "LAT_LOCALIDADE": 3.46429991722107,
        "LONG_LOCALIDADE": -51.5066986083984,
        "CATEGORIA_MAPA": "Rural",
        "DIST_MUNICIPIO": 56.17,
        "DIST_INFOVIA": 384.14
      },
      "geometry": {
        "type": "Point",
        "coordinates": [
          -51.506664,
          3.46433699988621
        ]
      }
    },
    {
      "type": "Feature",
      "properties": {
        "NM_LOCALIDADE": "Aldeia Indígena Massika",
        "CD_LOCALIDADE": 160050100060.0,
        "SIGLA_UF": "AP",
        "NM_UF": "Amapá",
        "CD_UF": 16,
        "NM_MUN": "Oiapoque",
        "CD_MUN": 1600501,
        "CT_LOCALIDADE": "Localidade Indígena",
        "SCT_LOCALIDADE": "Outras Localidades Indígenas",
        "NM_RGINT": "Oiapoque - Porto Grande",
        "CD_RGINT": 1602,
        "NM_RGI": "Oiapoque",
        "CD_RGI": 160003,
        "LAT_LOCALIDADE": 3.56820011138916,
        "LONG_LOCALIDADE": -51.4029998779297,
        "CATEGORIA_MAPA": "Rural",
        "DIST_MUNICIPIO": 57.27,
        "DIST_INFOVIA": 394.31
      },
      "geometry": {
        "type": "Point",
        "coordinates": [
          -51.4030492,
          3.568235399882825
        ]
      }
    },
    {
      "type": "Feature",
      "properties": {
        "NM_LOCALIDADE": "Aldeia Indígena Mõbak",
        "CD_LOCALIDADE": 160050100061.0,
        "SIGLA_UF": "AP",
        "NM_UF": "Amapá",
        "CD_UF": 16,
        "NM_MUN": "Oiapoque",
        "CD_MUN": 1600501,
        "CT_LOCALIDADE": "Localidade Indígena",
        "SCT_LOCALIDADE": "Outras Localidades Indígenas",
        "NM_RGINT": "Oiapoque - Porto Grande",
        "CD_RGINT": 1602,
        "NM_RGI": "Oiapoque",
        "CD_RGI": 160003,
        "LAT_LOCALIDADE": 3.70379996299744,
        "LONG_LOCALIDADE": -51.7181015014648,
        "CATEGORIA_MAPA": "Rural",
        "DIST_MUNICIPIO": 20.68,
        "DIST_INFOVIA": 414.08
      },
      "geometry": {
        "type": "Point",
        "coordinates": [
          -51.7181275,
          3.703768699878399
        ]
      }
    },
    {
      "type": "Feature",
      "properties": {
        "NM_LOCALIDADE": "Aldeia Indígena Tawarhu",
        "CD_LOCALIDADE": 160050100062.0,
        "SIGLA_UF": "AP",
        "NM_UF": "Amapá",
        "CD_UF": 16,
        "NM_MUN": "Oiapoque",
        "CD_MUN": 1600501,
        "CT_LOCALIDADE": "Localidade Indígena",
        "SCT_LOCALIDADE": "Outras Localidades Indígenas",
        "NM_RGINT": "Oiapoque - Porto Grande",
        "CD_RGINT": 1602,
        "NM_RGI": "Oiapoque",
        "CD_RGI": 160003,
        "LAT_LOCALIDADE": 3.73329997062683,
        "LONG_LOCALIDADE": -51.6727981567383,
        "CATEGORIA_MAPA": "Rural",
        "DIST_MUNICIPIO": 22.18,
        "DIST_INFOVIA": 416.45
      },
      "geometry": {
        "type": "Point",
        "coordinates": [
          -51.672821,
          3.733300999877435
        ]
      }
    },
    {
      "type": "Feature",
      "properties": {
        "NM_LOCALIDADE": "Aldeia Indígena Ykawakun",
        "CD_LOCALIDADE": 160050100063.0,
        "SIGLA_UF": "AP",
        "NM_UF": "Amapá",
        "CD_UF": 16,
        "NM_MUN": "Oiapoque",
        "CD_MUN": 1600501,
        "CT_LOCALIDADE": "Lugarejo",
        "SCT_LOCALIDADE": "",
        "NM_RGINT": "Oiapoque - Porto Grande",
        "CD_RGINT": 1602,
        "NM_RGI": "Oiapoque",
        "CD_RGI": 160003,
        "LAT_LOCALIDADE": 3.34080004692078,
        "LONG_LOCALIDADE": -51.6548004150391,
        "CATEGORIA_MAPA": "Rural",
        "DIST_MUNICIPIO": 59.81,
        "DIST_INFOVIA": 373.11
      },
      "geometry": {
        "type": "Point",
        "coordinates": [
          -51.6547875714285,
          3.340803999890259
        ]
      }
    },
    {
      "type": "Feature",
      "properties": {
        "NM_LOCALIDADE": "Aldeia Indígena Ykawakun",
        "CD_LOCALIDADE": 160050100063.0,
        "SIGLA_UF": "AP",
        "NM_UF": "Amapá",
        "CD_UF": 16,
        "NM_MUN": "Oiapoque",
        "CD_MUN": 1600501,
        "CT_LOCALIDADE": "Localidade Indígena",
        "SCT_LOCALIDADE": "Agrupamento Indígena",
        "NM_RGINT": "Oiapoque - Porto Grande",
        "CD_RGINT": 1602,
        "NM_RGI": "Oiapoque",
        "CD_RGI": 160003,
        "LAT_LOCALIDADE": 3.34080004692078,
        "LONG_LOCALIDADE": -51.6548004150391,
        "CATEGORIA_MAPA": "Rural",
        "DIST_MUNICIPIO": 59.81,
        "DIST_INFOVIA": 373.11
      },
      "geometry": {
        "type": "Point",
        "coordinates": [
          -51.6547875714285,
          3.340803999890259
        ]
      }
    },
    {
      "type": "Feature",
      "properties": {
        "NM_LOCALIDADE": "Aldeia Indígena Mahipa",
        "CD_LOCALIDADE": 160050100064.0,
        "SIGLA_UF": "AP",
        "NM_UF": "Amapá",
        "CD_UF": 16,
        "NM_MUN": "Oiapoque",
        "CD_MUN": 1600501,
        "CT_LOCALIDADE": "Localidade Indígena",
        "SCT_LOCALIDADE": "Agrupamento Indígena",
        "NM_RGINT": "Oiapoque - Porto Grande",
        "CD_RGINT": 1602,
        "NM_RGI": "Oiapoque",
        "CD_RGI": 160003,
        "LAT_LOCALIDADE": 4.03189992904663,
        "LONG_LOCALIDADE": -51.6250991821289,
        "CATEGORIA_MAPA": "Rural",
        "DIST_MUNICIPIO": 31.24,
        "DIST_INFOVIA": 448.46
      },
      "geometry": {
        "type": "Point",
        "coordinates": [
          -51.6251493333333,
          4.031902999867695
        ]
      }
    },
    {
      "type": "Feature",
      "properties": {
        "NM_LOCALIDADE": "Santo Antônio",
        "CD_LOCALIDADE": 160050100065.0,
        "SIGLA_UF": "AP",
        "NM_UF": "Amapá",
        "CD_UF": 16,
        "NM_MUN": "Oiapoque",
        "CD_MUN": 1600501,
        "CT_LOCALIDADE": "Outras Localidades",
        "SCT_LOCALIDADE": "",
        "NM_RGINT": "Oiapoque - Porto Grande",
        "CD_RGINT": 1602,
        "NM_RGI": "Oiapoque",
        "CD_RGI": 160003,
        "LAT_LOCALIDADE": 3.88940000534058,
        "LONG_LOCALIDADE": -51.7942008972168,
        "CATEGORIA_MAPA": "Rural",
        "DIST_MUNICIPIO": 6.71,
        "DIST_INFOVIA": 435.92
      },
      "geometry": {
        "type": "Point",
        "coordinates": [
          -51.7941513,
          3.88941229987234
        ]
      }
    },
    {
      "type": "Feature",
      "properties": {
        "NM_LOCALIDADE": "Taparabu",
        "CD_LOCALIDADE": 160050100066.0,
        "SIGLA_UF": "AP",
        "NM_UF": "Amapá",
        "CD_UF": 16,
        "NM_MUN": "Oiapoque",
        "CD_MUN": 1600501,
        "CT_LOCALIDADE": "Outras Localidades",
        "SCT_LOCALIDADE": "",
        "NM_RGINT": "Oiapoque - Porto Grande",
        "CD_RGINT": 1602,
        "NM_RGI": "Oiapoque",
        "CD_RGI": 160003,
        "LAT_LOCALIDADE": 4.01420021057129,
        "LONG_LOCALIDADE": -51.6969985961914,
        "CATEGORIA_MAPA": "Rural",
        "DIST_MUNICIPIO": 24.23,
        "DIST_INFOVIA": 447.71
      },
      "geometry": {
        "type": "Point",
        "coordinates": [
          -51.697039,
          4.014227199868271
        ]
      }
    },
    {
      "type": "Feature",
      "properties": {
        "NM_LOCALIDADE": "Aldeia Indígena Anani",
        "CD_LOCALIDADE": 160050100067.0,
        "SIGLA_UF": "AP",
        "NM_UF": "Amapá",
        "CD_UF": 16,
        "NM_MUN": "Oiapoque",
        "CD_MUN": 1600501,
        "CT_LOCALIDADE": "Localidade Indígena",
        "SCT_LOCALIDADE": "Outras Localidades Indígenas",
        "NM_RGINT": "Oiapoque - Porto Grande",
        "CD_RGINT": 1602,
        "NM_RGI": "Oiapoque",
        "CD_RGI": 160003,
        "LAT_LOCALIDADE": 3.97779989242554,
        "LONG_LOCALIDADE": -51.763500213623,
        "CATEGORIA_MAPA": "Rural",
        "DIST_MUNICIPIO": 16.68,
        "DIST_INFOVIA": 444.95
      },
      "geometry": {
        "type": "Point",
        "coordinates": [
          -51.7634976,
          3.977763099869461
        ]
      }
    },
    {
      "type": "Feature",
      "properties": {
        "NM_LOCALIDADE": "Aldeia Indígena Biscot",
        "CD_LOCALIDADE": 160050100068.0,
        "SIGLA_UF": "AP",
        "NM_UF": "Amapá",
        "CD_UF": 16,
        "NM_MUN": "Oiapoque",
        "CD_MUN": 1600501,
        "CT_LOCALIDADE": "Localidade Indígena",
        "SCT_LOCALIDADE": "Agrupamento Indígena",
        "NM_RGINT": "Oiapoque - Porto Grande",
        "CD_RGINT": 1602,
        "NM_RGI": "Oiapoque",
        "CD_RGI": 160003,
        "LAT_LOCALIDADE": 3.32310009002686,
        "LONG_LOCALIDADE": -51.3321990966797,
        "CATEGORIA_MAPA": "Rural",
        "DIST_MUNICIPIO": 80.83,
        "DIST_INFOVIA": 366.45
      },
      "geometry": {
        "type": "Point",
        "coordinates": [
          -51.3321514,
          3.323139799890837
        ]
      }
    },
    {
      "type": "Feature",
      "properties": {
        "NM_LOCALIDADE": "Kuaikuai",
        "CD_LOCALIDADE": 160050100071.0,
        "SIGLA_UF": "AP",
        "NM_UF": "Amapá",
        "CD_UF": 16,
        "NM_MUN": "Oiapoque",
        "CD_MUN": 1600501,
        "CT_LOCALIDADE": "Localidade Indígena",
        "SCT_LOCALIDADE": "Outras Localidades Indígenas",
        "NM_RGINT": "Oiapoque - Porto Grande",
        "CD_RGINT": 1602,
        "NM_RGI": "Oiapoque",
        "CD_RGI": 160003,
        "LAT_LOCALIDADE": 3.99239993095398,
        "LONG_LOCALIDADE": -51.6963005065918,
        "CATEGORIA_MAPA": "Rural",
        "DIST_MUNICIPIO": 22.49,
        "DIST_INFOVIA": 445.3
      },
      "geometry": {
        "type": "Point",
        "coordinates": [
          -51.6962545333333,
          3.992400816535643
        ]
      }
    },
    {
      "type": "Feature",
      "properties": {
        "NM_LOCALIDADE": "Terra Indígena Jumina",
        "CD_LOCALIDADE": 160050100073.0,
        "SIGLA_UF": "AP",
        "NM_UF": "Amapá",
        "CD_UF": 16,
        "NM_MUN": "Oiapoque",
        "CD_MUN": 1600501,
        "CT_LOCALIDADE": "Localidade Indígena",
        "SCT_LOCALIDADE": "Outras Localidades Indígenas",
        "NM_RGINT": "Oiapoque - Porto Grande",
        "CD_RGINT": 1602,
        "NM_RGI": "Oiapoque",
        "CD_RGI": 160003,
        "LAT_LOCALIDADE": 4.13290023803711,
        "LONG_LOCALIDADE": -51.584098815918,
        "CATEGORIA_MAPA": "Rural",
        "DIST_MUNICIPIO": 42.42,
        "DIST_INFOVIA": 458.97
      },
      "geometry": {
        "type": "Point",
        "coordinates": [
          -51.584052813,
          4.132939187364474
        ]
      }
    },
    {
      "type": "Feature",
      "properties": {
        "NM_LOCALIDADE": "Aldeia Indígena Kahapa",
        "CD_LOCALIDADE": 160050100074.0,
        "SIGLA_UF": "AP",
        "NM_UF": "Amapá",
        "CD_UF": 16,
        "NM_MUN": "Oiapoque",
        "CD_MUN": 1600501,
        "CT_LOCALIDADE": "Localidade Indígena",
        "SCT_LOCALIDADE": "Outras Localidades Indígenas",
        "NM_RGINT": "Oiapoque - Porto Grande",
        "CD_RGINT": 1602,
        "NM_RGI": "Oiapoque",
        "CD_RGI": 160003,
        "LAT_LOCALIDADE": 3.53649997711182,
        "LONG_LOCALIDADE": -51.7672004699707,
        "CATEGORIA_MAPA": "Rural",
        "DIST_MUNICIPIO": 35.39,
        "DIST_INFOVIA": 396.84
      },
      "geometry": {
        "type": "Point",
        "coordinates": [
          -51.76718425,
          3.536479983217192
        ]
      }
    },
    {
      "type": "Feature",
      "properties": {
        "NM_LOCALIDADE": "Cupixi",
        "CD_LOCALIDADE": 160053500001.0,
        "SIGLA_UF": "AP",
        "NM_UF": "Amapá",
        "CD_UF": 16,
        "NM_MUN": "Porto Grande",
        "CD_MUN": 1600535,
        "CT_LOCALIDADE": "Povoado",
        "SCT_LOCALIDADE": "",
        "NM_RGINT": "Oiapoque - Porto Grande",
        "CD_RGINT": 1602,
        "NM_RGI": "Porto Grande",
        "CD_RGI": 160004,
        "LAT_LOCALIDADE": 0.610499978065491,
        "LONG_LOCALIDADE": -51.7677001953125,
        "CATEGORIA_MAPA": "Rural",
        "DIST_MUNICIPIO": 41.22,
        "DIST_INFOVIA": 101.49
      },
      "geometry": {
        "type": "Point",
        "coordinates": [
          -51.7677084703832,
          0.610480658516487
        ]
      }
    },
    {
      "type": "Feature",
      "properties": {
        "NM_LOCALIDADE": "Garimpo do Vila Nova",
        "CD_LOCALIDADE": 160053500002.0,
        "SIGLA_UF": "AP",
        "NM_UF": "Amapá",
        "CD_UF": 16,
        "NM_MUN": "Porto Grande",
        "CD_MUN": 1600535,
        "CT_LOCALIDADE": "Povoado",
        "SCT_LOCALIDADE": "",
        "NM_RGINT": "Oiapoque - Porto Grande",
        "CD_RGINT": 1602,
        "NM_RGI": "Porto Grande",
        "CD_RGI": 160004,
        "LAT_LOCALIDADE": 0.410199999809265,
        "LONG_LOCALIDADE": -51.7369003295898,
        "CATEGORIA_MAPA": "Rural",
        "DIST_MUNICIPIO": 49.03,
        "DIST_INFOVIA": 84.66
      },
      "geometry": {
        "type": "Point",
        "coordinates": [
          -51.736930415872905,
          0.410239073002366
        ]
      }
    },
    {
      "type": "Feature",
      "properties": {
        "NM_LOCALIDADE": "Km-142",
        "CD_LOCALIDADE": 160053500003.0,
        "SIGLA_UF": "AP",
        "NM_UF": "Amapá",
        "CD_UF": 16,
        "NM_MUN": "Porto Grande",
        "CD_MUN": 1600535,
        "CT_LOCALIDADE": "Povoado",
        "SCT_LOCALIDADE": "",
        "NM_RGINT": "Oiapoque - Porto Grande",
        "CD_RGINT": 1602,
        "NM_RGI": "Porto Grande",
        "CD_RGI": 160004,
        "LAT_LOCALIDADE": 0.619300007820129,
        "LONG_LOCALIDADE": -51.7014007568359,
        "CATEGORIA_MAPA": "Rural",
        "DIST_MUNICIPIO": 33.86,
        "DIST_INFOVIA": 96.5
      },
      "geometry": {
        "type": "Point",
        "coordinates": [
          -51.7014492089552,
          0.619262238785583
        ]
      }
    },
    {
      "type": "Feature",
      "properties": {
        "NM_LOCALIDADE": "Monte Tabor",
        "CD_LOCALIDADE": 160053500004.0,
        "SIGLA_UF": "AP",
        "NM_UF": "Amapá",
        "CD_UF": 16,
        "NM_MUN": "Porto Grande",
        "CD_MUN": 1600535,
        "CT_LOCALIDADE": "Núcleo Rural",
        "SCT_LOCALIDADE": "",
        "NM_RGINT": "Oiapoque - Porto Grande",
        "CD_RGINT": 1602,
        "NM_RGI": "Porto Grande",
        "CD_RGI": 160004,
        "LAT_LOCALIDADE": 0.494500011205673,
        "LONG_LOCALIDADE": -51.1306991577148,
        "CATEGORIA_MAPA": "Rural",
        "DIST_MUNICIPIO": 38.86,
        "DIST_INFOVIA": 51.31
      },
      "geometry": {
        "type": "Point",
        "coordinates": [
          -51.1307302795699,
          0.494482215037484
        ]
      }
    },
    {
      "type": "Feature",
      "properties": {
        "NM_LOCALIDADE": "Tessalônica",
        "CD_LOCALIDADE": 160053500005.0,
        "SIGLA_UF": "AP",
        "NM_UF": "Amapá",
        "CD_UF": 16,
        "NM_MUN": "Porto Grande",
        "CD_MUN": 1600535,
        "CT_LOCALIDADE": "Povoado",
        "SCT_LOCALIDADE": "",
        "NM_RGINT": "Oiapoque - Porto Grande",
        "CD_RGINT": 1602,
        "NM_RGI": "Porto Grande",
        "CD_RGI": 160004,
        "LAT_LOCALIDADE": 0.357499986886978,
        "LONG_LOCALIDADE": -51.1263008117676,
        "CATEGORIA_MAPA": "Rural",
        "DIST_MUNICIPIO": 49.86,
        "DIST_INFOVIA": 36.26
      },
      "geometry": {
        "type": "Point",
        "coordinates": [
          -51.1263466346153,
          0.357535173065152
        ]
      }
    },
    {
      "type": "Feature",
      "properties": {
        "NM_LOCALIDADE": "Comunidade Quilombola São Francisco do Matapi",
        "CD_LOCALIDADE": 160053500006.0,
        "SIGLA_UF": "AP",
        "NM_UF": "Amapá",
        "CD_UF": 16,
        "NM_MUN": "Porto Grande",
        "CD_MUN": 1600535,
        "CT_LOCALIDADE": "Localidade Quilombola",
        "SCT_LOCALIDADE": "Agrupamento Quilombola",
        "NM_RGINT": "Oiapoque - Porto Grande",
        "CD_RGINT": 1602,
        "NM_RGI": "Porto Grande",
        "CD_RGI": 160004,
        "LAT_LOCALIDADE": 0.315299987792969,
        "LONG_LOCALIDADE": -51.1691017150879,
        "CATEGORIA_MAPA": "Rural",
        "DIST_MUNICIPIO": 50.94,
        "DIST_INFOVIA": 33.19
      },
      "geometry": {
        "type": "Point",
        "coordinates": [
          -51.16911346666661,
          0.315324533322952
        ]
      }
    },
    {
      "type": "Feature",
      "properties": {
        "NM_LOCALIDADE": "Agrovila do PA Munguba",
        "CD_LOCALIDADE": 160053500007.0,
        "SIGLA_UF": "AP",
        "NM_UF": "Amapá",
        "CD_UF": 16,
        "NM_MUN": "Porto Grande",
        "CD_MUN": 1600535,
        "CT_LOCALIDADE": "Outras Localidades",
        "SCT_LOCALIDADE": "",
        "NM_RGINT": "Oiapoque - Porto Grande",
        "CD_RGINT": 1602,
        "NM_RGI": "Porto Grande",
        "CD_RGI": 160004,
        "LAT_LOCALIDADE": 0.610099971294403,
        "LONG_LOCALIDADE": -51.9011001586914,
        "CATEGORIA_MAPA": "Rural",
        "DIST_MUNICIPIO": 55.7,
        "DIST_INFOVIA": 113.31
      },
      "geometry": {
        "type": "Point",
        "coordinates": [
          -51.9011337,
          0.610146599979913
        ]
      }
    },
    {
      "type": "Feature",
      "properties": {
        "NM_LOCALIDADE": "Munguba",
        "CD_LOCALIDADE": 160053500008.0,
        "SIGLA_UF": "AP",
        "NM_UF": "Amapá",
        "CD_UF": 16,
        "NM_MUN": "Porto Grande",
        "CD_MUN": 1600535,
        "CT_LOCALIDADE": "Outras Localidades",
        "SCT_LOCALIDADE": "",
        "NM_RGINT": "Oiapoque - Porto Grande",
        "CD_RGINT": 1602,
        "NM_RGI": "Porto Grande",
        "CD_RGI": 160004,
        "LAT_LOCALIDADE": 0.665199995040894,
        "LONG_LOCALIDADE": -51.8591003417969,
        "CATEGORIA_MAPA": "Rural",
        "DIST_MUNICIPIO": 50.2,
        "DIST_INFOVIA": 113.23
      },
      "geometry": {
        "type": "Point",
        "coordinates": [
          -51.8591004,
          0.6652268999781
        ]
      }
    },
    {
      "type": "Feature",
      "properties": {
        "NM_LOCALIDADE": "Comunidade Quilombola São Pedro do Caranã",
        "CD_LOCALIDADE": 160053500009.0,
        "SIGLA_UF": "AP",
        "NM_UF": "Amapá",
        "CD_UF": 16,
        "NM_MUN": "Porto Grande",
        "CD_MUN": 1600535,
        "CT_LOCALIDADE": "Localidade Quilombola",
        "SCT_LOCALIDADE": "Agrupamento Quilombola",
        "NM_RGINT": "Oiapoque - Porto Grande",
        "CD_RGINT": 1602,
        "NM_RGI": "Porto Grande",
        "CD_RGI": 160004,
        "LAT_LOCALIDADE": 0.385699987411499,
        "LONG_LOCALIDADE": -51.2095985412598,
        "CATEGORIA_MAPA": "Rural",
        "DIST_MUNICIPIO": 41.92,
        "DIST_INFOVIA": 42.15
      },
      "geometry": {
        "type": "Point",
        "coordinates": [
          -51.20961645833331,
          0.385684833320635
        ]
      }
    },
    {
      "type": "Feature",
      "properties": {
        "NM_LOCALIDADE": "Agrovila do PA Nova Colina",
        "CD_LOCALIDADE": 160053500010.0,
        "SIGLA_UF": "AP",
        "NM_UF": "Amapá",
        "CD_UF": 16,
        "NM_MUN": "Porto Grande",
        "CD_MUN": 1600535,
        "CT_LOCALIDADE": "Outras Localidades",
        "SCT_LOCALIDADE": "",
        "NM_RGINT": "Oiapoque - Porto Grande",
        "CD_RGINT": 1602,
        "NM_RGI": "Porto Grande",
        "CD_RGI": 160004,
        "LAT_LOCALIDADE": 0.528500020503998,
        "LONG_LOCALIDADE": -51.3413009643555,
        "CATEGORIA_MAPA": "Rural",
        "DIST_MUNICIPIO": 21.08,
        "DIST_INFOVIA": 62.99
      },
      "geometry": {
        "type": "Point",
        "coordinates": [
          -51.3413171,
          0.528479399982602
        ]
      }
    },
    {
      "type": "Feature",
      "properties": {
        "NM_LOCALIDADE": "Comunidade Quilombola Tessalônica",
        "CD_LOCALIDADE": 160053500011.0,
        "SIGLA_UF": "AP",
        "NM_UF": "Amapá",
        "CD_UF": 16,
        "NM_MUN": "Porto Grande",
        "CD_MUN": 1600535,
        "CT_LOCALIDADE": "Localidade Quilombola",
        "SCT_LOCALIDADE": "Agrupamento Quilombola",
        "NM_RGINT": "Oiapoque - Porto Grande",
        "CD_RGINT": 1602,
        "NM_RGI": "Porto Grande",
        "CD_RGI": 160004,
        "LAT_LOCALIDADE": 0.352299988269806,
        "LONG_LOCALIDADE": -51.1330986022949,
        "CATEGORIA_MAPA": "Rural",
        "DIST_MUNICIPIO": 49.85,
        "DIST_INFOVIA": 35.86
      },
      "geometry": {
        "type": "Point",
        "coordinates": [
          -51.1330755,
          0.352279499988402
        ]
      }
    },
    {
      "type": "Feature",
      "properties": {
        "NM_LOCALIDADE": "Flechal",
        "CD_LOCALIDADE": 160055000001.0,
        "SIGLA_UF": "AP",
        "NM_UF": "Amapá",
        "CD_UF": 16,
        "NM_MUN": "Pracuúba",
        "CD_MUN": 1600550,
        "CT_LOCALIDADE": "Povoado",
        "SCT_LOCALIDADE": "",
        "NM_RGINT": "Oiapoque - Porto Grande",
        "CD_RGINT": 1602,
        "NM_RGI": "Oiapoque",
        "CD_RGI": 160003,
        "LAT_LOCALIDADE": 1.72930002212524,
        "LONG_LOCALIDADE": -50.8773994445801,
        "CATEGORIA_MAPA": "Rural",
        "DIST_MUNICIPIO": 10.63,
        "DIST_INFOVIA": 188.99
      },
      "geometry": {
        "type": "Point",
        "coordinates": [
          -50.8774097833333,
          1.729342277720869
        ]
      }
    },
    {
      "type": "Feature",
      "properties": {
        "NM_LOCALIDADE": "Cujubim",
        "CD_LOCALIDADE": 160055000002.0,
        "SIGLA_UF": "AP",
        "NM_UF": "Amapá",
        "CD_UF": 16,
        "NM_MUN": "Pracuúba",
        "CD_MUN": 1600550,
        "CT_LOCALIDADE": "Povoado",
        "SCT_LOCALIDADE": "",
        "NM_RGINT": "Oiapoque - Porto Grande",
        "CD_RGINT": 1602,
        "NM_RGI": "Oiapoque",
        "CD_RGI": 160003,
        "LAT_LOCALIDADE": 1.66139996051788,
        "LONG_LOCALIDADE": -50.9184989929199,
        "CATEGORIA_MAPA": "Rural",
        "DIST_MUNICIPIO": 17.74,
        "DIST_INFOVIA": 181.03
      },
      "geometry": {
        "type": "Point",
        "coordinates": [
          -50.9184945829145,
          1.661426035121201
        ]
      }
    },
    {
      "type": "Feature",
      "properties": {
        "NM_LOCALIDADE": "Breu",
        "CD_LOCALIDADE": 160055000003.0,
        "SIGLA_UF": "AP",
        "NM_UF": "Amapá",
        "CD_UF": 16,
        "NM_MUN": "Pracuúba",
        "CD_MUN": 1600550,
        "CT_LOCALIDADE": "Povoado",
        "SCT_LOCALIDADE": "",
        "NM_RGINT": "Oiapoque - Porto Grande",
        "CD_RGINT": 1602,
        "NM_RGI": "Oiapoque",
        "CD_RGI": 160003,
        "LAT_LOCALIDADE": 1.8173999786377,
        "LONG_LOCALIDADE": -50.8764991760254,
        "CATEGORIA_MAPA": "Rural",
        "DIST_MUNICIPIO": 13.04,
        "DIST_INFOVIA": 198.74
      },
      "geometry": {
        "type": "Point",
        "coordinates": [
          -50.8765434565217,
          1.817407485447444
        ]
      }
    },
    {
      "type": "Feature",
      "properties": {
        "NM_LOCALIDADE": "Agrovila do PA Cujubim",
        "CD_LOCALIDADE": 160055000004.0,
        "SIGLA_UF": "AP",
        "NM_UF": "Amapá",
        "CD_UF": 16,
        "NM_MUN": "Pracuúba",
        "CD_MUN": 1600550,
        "CT_LOCALIDADE": "Agrovila do PA",
        "SCT_LOCALIDADE": "",
        "NM_RGINT": "Oiapoque - Porto Grande",
        "CD_RGINT": 1602,
        "NM_RGI": "Oiapoque",
        "CD_RGI": 160003,
        "LAT_LOCALIDADE": 1.65659999847412,
        "LONG_LOCALIDADE": -50.9626007080078,
        "CATEGORIA_MAPA": "Rural",
        "DIST_MUNICIPIO": 22.28,
        "DIST_INFOVIA": 180.15
      },
      "geometry": {
        "type": "Point",
        "coordinates": [
          -50.96257281944439,
          1.65657619438993
        ]
      }
    },
    {
      "type": "Feature",
      "properties": {
        "NM_LOCALIDADE": "Agrovila do PA Cujubim",
        "CD_LOCALIDADE": 160055000004.0,
        "SIGLA_UF": "AP",
        "NM_UF": "Amapá",
        "CD_UF": 16,
        "NM_MUN": "Pracuúba",
        "CD_MUN": 1600550,
        "CT_LOCALIDADE": "Povoado",
        "SCT_LOCALIDADE": "",
        "NM_RGINT": "Oiapoque - Porto Grande",
        "CD_RGINT": 1602,
        "NM_RGI": "Oiapoque",
        "CD_RGI": 160003,
        "LAT_LOCALIDADE": 1.65659999847412,
        "LONG_LOCALIDADE": -50.9626007080078,
        "CATEGORIA_MAPA": "Rural",
        "DIST_MUNICIPIO": 22.28,
        "DIST_INFOVIA": 180.15
      },
      "geometry": {
        "type": "Point",
        "coordinates": [
          -50.96257281944439,
          1.65657619438993
        ]
      }
    },
    {
      "type": "Feature",
      "properties": {
        "NM_LOCALIDADE": "Pernambuco",
        "CD_LOCALIDADE": 160055000005.0,
        "SIGLA_UF": "AP",
        "NM_UF": "Amapá",
        "CD_UF": 16,
        "NM_MUN": "Pracuúba",
        "CD_MUN": 1600550,
        "CT_LOCALIDADE": "Povoado",
        "SCT_LOCALIDADE": "",
        "NM_RGINT": "Oiapoque - Porto Grande",
        "CD_RGINT": 1602,
        "NM_RGI": "Oiapoque",
        "CD_RGI": 160003,
        "LAT_LOCALIDADE": 1.7282999753952,
        "LONG_LOCALIDADE": -50.9300994873047,
        "CATEGORIA_MAPA": "Rural",
        "DIST_MUNICIPIO": 16.44,
        "DIST_INFOVIA": 188.35
      },
      "geometry": {
        "type": "Point",
        "coordinates": [
          -50.930117610389594,
          1.728304259683382
        ]
      }
    },
    {
      "type": "Feature",
      "properties": {
        "NM_LOCALIDADE": "Porto Franco",
        "CD_LOCALIDADE": 160055000006.0,
        "SIGLA_UF": "AP",
        "NM_UF": "Amapá",
        "CD_UF": 16,
        "NM_MUN": "Pracuúba",
        "CD_MUN": 1600550,
        "CT_LOCALIDADE": "Outras Localidades",
        "SCT_LOCALIDADE": "",
        "NM_RGINT": "Oiapoque - Porto Grande",
        "CD_RGINT": 1602,
        "NM_RGI": "Oiapoque",
        "CD_RGI": 160003,
        "LAT_LOCALIDADE": 1.73370003700256,
        "LONG_LOCALIDADE": -50.8003005981445,
        "CATEGORIA_MAPA": "Rural",
        "DIST_MUNICIPIO": 2.35,
        "DIST_INFOVIA": 190.55
      },
      "geometry": {
        "type": "Point",
        "coordinates": [
          -50.8003196,
          1.733682799942956
        ]
      }
    },
    {
      "type": "Feature",
      "properties": {
        "NM_LOCALIDADE": "Comunidade Quilombola São Raimundo da Pirativa",
        "CD_LOCALIDADE": 160060000004.0,
        "SIGLA_UF": "AP",
        "NM_UF": "Amapá",
        "CD_UF": 16,
        "NM_MUN": "Santana",
        "CD_MUN": 1600600,
        "CT_LOCALIDADE": "Povoado",
        "SCT_LOCALIDADE": "",
        "NM_RGINT": "Macapá",
        "CD_RGINT": 1601,
        "NM_RGI": "Macapá",
        "CD_RGI": 160001,
        "LAT_LOCALIDADE": 0.0381000004708767,
        "LONG_LOCALIDADE": -51.2508010864258,
        "CATEGORIA_MAPA": "Rural",
        "DIST_MUNICIPIO": 11.14,
        "DIST_INFOVIA": 18.76
      },
      "geometry": {
        "type": "Point",
        "coordinates": [
          -51.250800428571395,
          0.038138767855887
        ]
      }
    },
    {
      "type": "Feature",
      "properties": {
        "NM_LOCALIDADE": "Comunidade Quilombola São Raimundo da Pirativa",
        "CD_LOCALIDADE": 160060000004.0,
        "SIGLA_UF": "AP",
        "NM_UF": "Amapá",
        "CD_UF": 16,
        "NM_MUN": "Santana",
        "CD_MUN": 1600600,
        "CT_LOCALIDADE": "Localidade Quilombola",
        "SCT_LOCALIDADE": "Agrupamento Quilombola",
        "NM_RGINT": "Macapá",
        "CD_RGINT": 1601,
        "NM_RGI": "Macapá",
        "CD_RGI": 160001,
        "LAT_LOCALIDADE": 0.0381000004708767,
        "LONG_LOCALIDADE": -51.2508010864258,
        "CATEGORIA_MAPA": "Rural",
        "DIST_MUNICIPIO": 11.14,
        "DIST_INFOVIA": 18.76
      },
      "geometry": {
        "type": "Point",
        "coordinates": [
          -51.250800428571395,
          0.038138767855887
        ]
      }
    },
    {
      "type": "Feature",
      "properties": {
        "NM_LOCALIDADE": "Comunidade Quilombola Cinco Chagas",
        "CD_LOCALIDADE": 160060000005.0,
        "SIGLA_UF": "AP",
        "NM_UF": "Amapá",
        "CD_UF": 16,
        "NM_MUN": "Santana",
        "CD_MUN": 1600600,
        "CT_LOCALIDADE": "Localidade Quilombola",
        "SCT_LOCALIDADE": "Agrupamento Quilombola",
        "NM_RGINT": "Macapá",
        "CD_RGINT": 1601,
        "NM_RGI": "Macapá",
        "CD_RGI": 160001,
        "LAT_LOCALIDADE": 0.0206000003963709,
        "LONG_LOCALIDADE": -51.2360992431641,
        "CATEGORIA_MAPA": "Rural",
        "DIST_MUNICIPIO": 8.62,
        "DIST_INFOVIA": 16.35
      },
      "geometry": {
        "type": "Point",
        "coordinates": [
          -51.236089,
          0.020623499999321
        ]
      }
    },
    {
      "type": "Feature",
      "properties": {
        "NM_LOCALIDADE": "Comunidade Quilombola Engenho do Matapi",
        "CD_LOCALIDADE": 160060000006.0,
        "SIGLA_UF": "AP",
        "NM_UF": "Amapá",
        "CD_UF": 16,
        "NM_MUN": "Santana",
        "CD_MUN": 1600600,
        "CT_LOCALIDADE": "Localidade Quilombola",
        "SCT_LOCALIDADE": "Agrupamento Quilombola",
        "NM_RGINT": "Macapá",
        "CD_RGINT": 1601,
        "NM_RGI": "Macapá",
        "CD_RGI": 160001,
        "LAT_LOCALIDADE": 0.0636000037193298,
        "LONG_LOCALIDADE": -51.2206993103027,
        "CATEGORIA_MAPA": "Rural",
        "DIST_MUNICIPIO": 11.52,
        "DIST_INFOVIA": 18.06
      },
      "geometry": {
        "type": "Point",
        "coordinates": [
          -51.22071893749991,
          0.063601437497906
        ]
      }
    },
    {
      "type": "Feature",
      "properties": {
        "NM_LOCALIDADE": "Comunidade Quilombola Nossa Senhora do Desterro dos Dois Irmãos",
        "CD_LOCALIDADE": 160060000007.0,
        "SIGLA_UF": "AP",
        "NM_UF": "Amapá",
        "CD_UF": 16,
        "NM_MUN": "Santana",
        "CD_MUN": 1600600,
        "CT_LOCALIDADE": "Localidade Quilombola",
        "SCT_LOCALIDADE": "Agrupamento Quilombola",
        "NM_RGINT": "Macapá",
        "CD_RGINT": 1601,
        "NM_RGI": "Macapá",
        "CD_RGI": 160001,
        "LAT_LOCALIDADE": 0.10700000077486,
        "LONG_LOCALIDADE": -51.2004013061523,
        "CATEGORIA_MAPA": "Rural",
        "DIST_MUNICIPIO": 15.52,
        "DIST_INFOVIA": 17.75
      },
      "geometry": {
        "type": "Point",
        "coordinates": [
          -51.2004451499999,
          0.106967749996478
        ]
      }
    },
    {
      "type": "Feature",
      "properties": {
        "NM_LOCALIDADE": "Comunidade Quilombola Santo Antônio do Matapi",
        "CD_LOCALIDADE": 160060000008.0,
        "SIGLA_UF": "AP",
        "NM_UF": "Amapá",
        "CD_UF": 16,
        "NM_MUN": "Santana",
        "CD_MUN": 1600600,
        "CT_LOCALIDADE": "Povoado",
        "SCT_LOCALIDADE": "",
        "NM_RGINT": "Macapá",
        "CD_RGINT": 1601,
        "NM_RGI": "Macapá",
        "CD_RGI": 160001,
        "LAT_LOCALIDADE": 0.0903000012040138,
        "LONG_LOCALIDADE": -51.2103004455566,
        "CATEGORIA_MAPA": "Rural",
        "DIST_MUNICIPIO": 13.93,
        "DIST_INFOVIA": 18.08
      },
      "geometry": {
        "type": "Point",
        "coordinates": [
          -51.210252030302996,
          0.090273424239452
        ]
      }
    },
    {
      "type": "Feature",
      "properties": {
        "NM_LOCALIDADE": "Comunidade Quilombola Santo Antônio do Matapi",
        "CD_LOCALIDADE": 160060000008.0,
        "SIGLA_UF": "AP",
        "NM_UF": "Amapá",
        "CD_UF": 16,
        "NM_MUN": "Santana",
        "CD_MUN": 1600600,
        "CT_LOCALIDADE": "Localidade Quilombola",
        "SCT_LOCALIDADE": "Agrupamento Quilombola",
        "NM_RGINT": "Macapá",
        "CD_RGINT": 1601,
        "NM_RGI": "Macapá",
        "CD_RGI": 160001,
        "LAT_LOCALIDADE": 0.0903000012040138,
        "LONG_LOCALIDADE": -51.2103004455566,
        "CATEGORIA_MAPA": "Rural",
        "DIST_MUNICIPIO": 13.93,
        "DIST_INFOVIA": 18.08
      },
      "geometry": {
        "type": "Point",
        "coordinates": [
          -51.210252030302996,
          0.090273424239452
        ]
      }
    },
    {
      "type": "Feature",
      "properties": {
        "NM_LOCALIDADE": "Comunidade Quilombola Igarapé do Lago",
        "CD_LOCALIDADE": 160060000009.0,
        "SIGLA_UF": "AP",
        "NM_UF": "Amapá",
        "CD_UF": 16,
        "NM_MUN": "Santana",
        "CD_MUN": 1600600,
        "CT_LOCALIDADE": "Localidade Quilombola",
        "SCT_LOCALIDADE": "Agrupamento Quilombola",
        "NM_RGINT": "Macapá",
        "CD_RGINT": 1601,
        "NM_RGI": "Macapá",
        "CD_RGI": 160001,
        "LAT_LOCALIDADE": 0.0731000006198883,
        "LONG_LOCALIDADE": -51.4408988952637,
        "CATEGORIA_MAPA": "Rural",
        "DIST_MUNICIPIO": 31.42,
        "DIST_INFOVIA": 35.01
      },
      "geometry": {
        "type": "Point",
        "coordinates": [
          -51.4408553469387,
          0.073099877548614
        ]
      }
    },
    {
      "type": "Feature",
      "properties": {
        "NM_LOCALIDADE": "Comunidade Quilombola São Tomé do Alto Pirativa",
        "CD_LOCALIDADE": 160060000010.0,
        "SIGLA_UF": "AP",
        "NM_UF": "Amapá",
        "CD_UF": 16,
        "NM_MUN": "Santana",
        "CD_MUN": 1600600,
        "CT_LOCALIDADE": "Localidade Quilombola",
        "SCT_LOCALIDADE": "Agrupamento Quilombola",
        "NM_RGINT": "Macapá",
        "CD_RGINT": 1601,
        "NM_RGI": "Macapá",
        "CD_RGI": 160001,
        "LAT_LOCALIDADE": 0.059799998998642,
        "LONG_LOCALIDADE": -51.2994995117188,
        "CATEGORIA_MAPA": "Rural",
        "DIST_MUNICIPIO": 16.85,
        "DIST_INFOVIA": 23.37
      },
      "geometry": {
        "type": "Point",
        "coordinates": [
          -51.2995307272727,
          0.059783840907123
        ]
      }
    },
    {
      "type": "Feature",
      "properties": {
        "NM_LOCALIDADE": "Comunidade Quilombola Conceição do Maruanum",
        "CD_LOCALIDADE": 160060000011.0,
        "SIGLA_UF": "AP",
        "NM_UF": "Amapá",
        "CD_UF": 16,
        "NM_MUN": "Santana",
        "CD_MUN": 1600600,
        "CT_LOCALIDADE": "Localidade Quilombola",
        "SCT_LOCALIDADE": "Agrupamento Quilombola",
        "NM_RGINT": "Macapá",
        "CD_RGINT": 1601,
        "NM_RGI": "Macapá",
        "CD_RGI": 160001,
        "LAT_LOCALIDADE": 0.187199994921684,
        "LONG_LOCALIDADE": -51.287899017334,
        "CATEGORIA_MAPA": "Rural",
        "DIST_MUNICIPIO": 27.14,
        "DIST_INFOVIA": 30.6
      },
      "geometry": {
        "type": "Point",
        "coordinates": [
          -51.2878635999999,
          0.187246784609219
        ]
      }
    },
    {
      "type": "Feature",
      "properties": {
        "NM_LOCALIDADE": "Comunidade Quilombola Conceição do Maruanum",
        "CD_LOCALIDADE": 160060000011.0,
        "SIGLA_UF": "AP",
        "NM_UF": "Amapá",
        "CD_UF": 16,
        "NM_MUN": "Santana",
        "CD_MUN": 1600600,
        "CT_LOCALIDADE": "Lugarejo",
        "SCT_LOCALIDADE": "",
        "NM_RGINT": "Macapá",
        "CD_RGINT": 1601,
        "NM_RGI": "Macapá",
        "CD_RGI": 160001,
        "LAT_LOCALIDADE": 0.187199994921684,
        "LONG_LOCALIDADE": -51.287899017334,
        "CATEGORIA_MAPA": "Rural",
        "DIST_MUNICIPIO": 27.14,
        "DIST_INFOVIA": 30.6
      },
      "geometry": {
        "type": "Point",
        "coordinates": [
          -51.2878635999999,
          0.187246784609219
        ]
      }
    },
    {
      "type": "Feature",
      "properties": {
        "NM_LOCALIDADE": "Matão do Piaçacá II",
        "CD_LOCALIDADE": 160060000012.0,
        "SIGLA_UF": "AP",
        "NM_UF": "Amapá",
        "CD_UF": 16,
        "NM_MUN": "Santana",
        "CD_MUN": 1600600,
        "CT_LOCALIDADE": "Outras Localidades",
        "SCT_LOCALIDADE": "",
        "NM_RGINT": "Macapá",
        "CD_RGINT": 1601,
        "NM_RGI": "Macapá",
        "CD_RGI": 160001,
        "LAT_LOCALIDADE": 0.256900012493134,
        "LONG_LOCALIDADE": -51.5140991210938,
        "CATEGORIA_MAPA": "Rural",
        "DIST_MUNICIPIO": 49.19,
        "DIST_INFOVIA": 55.27
      },
      "geometry": {
        "type": "Point",
        "coordinates": [
          -51.5141178,
          0.256897599991542
        ]
      }
    },
    {
      "type": "Feature",
      "properties": {
        "NM_LOCALIDADE": "Comunidade Quilombola São Raimundo do Maruanum",
        "CD_LOCALIDADE": 160060000013.0,
        "SIGLA_UF": "AP",
        "NM_UF": "Amapá",
        "CD_UF": 16,
        "NM_MUN": "Santana",
        "CD_MUN": 1600600,
        "CT_LOCALIDADE": "Localidade Quilombola",
        "SCT_LOCALIDADE": "Outras Localidades Quilombolas",
        "NM_RGINT": "Macapá",
        "CD_RGINT": 1601,
        "NM_RGI": "Macapá",
        "CD_RGI": 160001,
        "LAT_LOCALIDADE": 0.232500001788139,
        "LONG_LOCALIDADE": -51.3311004638672,
        "CATEGORIA_MAPA": "Rural",
        "DIST_MUNICIPIO": 33.87,
        "DIST_INFOVIA": 37.4
      },
      "geometry": {
        "type": "Point",
        "coordinates": [
          -51.3311496,
          0.232530399992344
        ]
      }
    },
    {
      "type": "Feature",
      "properties": {
        "NM_LOCALIDADE": "São Sebastião do Igarapé do Lago",
        "CD_LOCALIDADE": 160060000014.0,
        "SIGLA_UF": "AP",
        "NM_UF": "Amapá",
        "CD_UF": 16,
        "NM_MUN": "Santana",
        "CD_MUN": 1600600,
        "CT_LOCALIDADE": "Outras Localidades",
        "SCT_LOCALIDADE": "",
        "NM_RGINT": "Macapá",
        "CD_RGINT": 1601,
        "NM_RGI": "Macapá",
        "CD_RGI": 160001,
        "LAT_LOCALIDADE": 0.140699997544289,
        "LONG_LOCALIDADE": -51.4244003295898,
        "CATEGORIA_MAPA": "Rural",
        "DIST_MUNICIPIO": 33.38,
        "DIST_INFOVIA": 38.98
      },
      "geometry": {
        "type": "Point",
        "coordinates": [
          -51.424436,
          0.140676499995368
        ]
      }
    },
    {
      "type": "Feature",
      "properties": {
        "NM_LOCALIDADE": "Comunidade Quilombola Lagoa dos Índios",
        "CD_LOCALIDADE": 160060000015.0,
        "SIGLA_UF": "AP",
        "NM_UF": "Amapá",
        "CD_UF": 16,
        "NM_MUN": "Santana",
        "CD_MUN": 1600600,
        "CT_LOCALIDADE": "Localidade Quilombola",
        "SCT_LOCALIDADE": "Outras Localidades Quilombolas",
        "NM_RGINT": "Macapá",
        "CD_RGINT": 1601,
        "NM_RGI": "Macapá",
        "CD_RGI": 160001,
        "LAT_LOCALIDADE": -0.00469999993219972,
        "LONG_LOCALIDADE": -51.1223983764648,
        "CATEGORIA_MAPA": "Rural",
        "DIST_MUNICIPIO": 6.83,
        "DIST_INFOVIA": 5.81
      },
      "geometry": {
        "type": "Point",
        "coordinates": [
          -51.1224452945,
          -0.004690678357296
        ]
      }
    },
    {
      "type": "Feature",
      "properties": {
        "NM_LOCALIDADE": "Comunidade Quilombola Vila São José",
        "CD_LOCALIDADE": 160060000016.0,
        "SIGLA_UF": "AP",
        "NM_UF": "Amapá",
        "CD_UF": 16,
        "NM_MUN": "Santana",
        "CD_MUN": 1600600,
        "CT_LOCALIDADE": "Localidade Quilombola",
        "SCT_LOCALIDADE": "Outras Localidades Quilombolas",
        "NM_RGINT": "Macapá",
        "CD_RGINT": 1601,
        "NM_RGI": "Macapá",
        "CD_RGI": 160001,
        "LAT_LOCALIDADE": 0.158700004220009,
        "LONG_LOCALIDADE": -51.2724990844727,
        "CATEGORIA_MAPA": "Rural",
        "DIST_MUNICIPIO": 23.54,
        "DIST_INFOVIA": 27.51
      },
      "geometry": {
        "type": "Point",
        "coordinates": [
          -51.2724916528,
          0.158738333325774
        ]
      }
    },
    {
      "type": "Feature",
      "properties": {
        "NM_LOCALIDADE": "Comunidade Quilombola São José",
        "CD_LOCALIDADE": 160060000017.0,
        "SIGLA_UF": "AP",
        "NM_UF": "Amapá",
        "CD_UF": 16,
        "NM_MUN": "Santana",
        "CD_MUN": 1600600,
        "CT_LOCALIDADE": "Localidade Quilombola",
        "SCT_LOCALIDADE": "Outras Localidades Quilombolas",
        "NM_RGINT": "Macapá",
        "CD_RGINT": 1601,
        "NM_RGI": "Macapá",
        "CD_RGI": 160001,
        "LAT_LOCALIDADE": 0.008500000461936,
        "LONG_LOCALIDADE": -51.2088012695312,
        "CATEGORIA_MAPA": "Rural",
        "DIST_MUNICIPIO": 5.54,
        "DIST_INFOVIA": 13.05
      },
      "geometry": {
        "type": "Point",
        "coordinates": [
          -51.208754,
          0.008475555555231
        ]
      }
    },
    {
      "type": "Feature",
      "properties": {
        "NM_LOCALIDADE": "Comunidade Quilombola São Tomé",
        "CD_LOCALIDADE": 160060000019.0,
        "SIGLA_UF": "AP",
        "NM_UF": "Amapá",
        "CD_UF": 16,
        "NM_MUN": "Santana",
        "CD_MUN": 1600600,
        "CT_LOCALIDADE": "Localidade Quilombola",
        "SCT_LOCALIDADE": "Outras Localidades Quilombolas",
        "NM_RGINT": "Macapá",
        "CD_RGINT": 1601,
        "NM_RGI": "Macapá",
        "CD_RGI": 160001,
        "LAT_LOCALIDADE": 0.0505999997258186,
        "LONG_LOCALIDADE": -51.2929000854492,
        "CATEGORIA_MAPA": "Rural",
        "DIST_MUNICIPIO": 15.65,
        "DIST_INFOVIA": 22.11
      },
      "geometry": {
        "type": "Point",
        "coordinates": [
          -51.2928733194,
          0.050574999997935
        ]
      }
    },
    {
      "type": "Feature",
      "properties": {
        "NM_LOCALIDADE": "Itaubal",
        "CD_LOCALIDADE": 160070900001.0,
        "SIGLA_UF": "AP",
        "NM_UF": "Amapá",
        "CD_UF": 16,
        "NM_MUN": "Tartarugalzinho",
        "CD_MUN": 1600709,
        "CT_LOCALIDADE": "Povoado",
        "SCT_LOCALIDADE": "",
        "NM_RGINT": "Oiapoque - Porto Grande",
        "CD_RGINT": 1602,
        "NM_RGI": "Oiapoque",
        "CD_RGI": 160003,
        "LAT_LOCALIDADE": 1.58120000362396,
        "LONG_LOCALIDADE": -50.9034996032715,
        "CATEGORIA_MAPA": "Rural",
        "DIST_MUNICIPIO": 8.4,
        "DIST_INFOVIA": 172.31
      },
      "geometry": {
        "type": "Point",
        "coordinates": [
          -50.903504233333294,
          1.581228139947956
        ]
      }
    },
    {
      "type": "Feature",
      "properties": {
        "NM_LOCALIDADE": "Agrovila do PA Bom Jesus",
        "CD_LOCALIDADE": 160070900002.0,
        "SIGLA_UF": "AP",
        "NM_UF": "Amapá",
        "CD_UF": 16,
        "NM_MUN": "Tartarugalzinho",
        "CD_MUN": 1600709,
        "CT_LOCALIDADE": "Agrovila do PA",
        "SCT_LOCALIDADE": "",
        "NM_RGINT": "Oiapoque - Porto Grande",
        "CD_RGINT": 1602,
        "NM_RGI": "Oiapoque",
        "CD_RGI": 160003,
        "LAT_LOCALIDADE": 1.38150000572205,
        "LONG_LOCALIDADE": -50.9906997680664,
        "CATEGORIA_MAPA": "Rural",
        "DIST_MUNICIPIO": 16.48,
        "DIST_INFOVIA": 149.43
      },
      "geometry": {
        "type": "Point",
        "coordinates": [
          -50.9907004335259,
          1.381452751399615
        ]
      }
    },
    {
      "type": "Feature",
      "properties": {
        "NM_LOCALIDADE": "Agrovila do PA Bom Jesus",
        "CD_LOCALIDADE": 160070900002.0,
        "SIGLA_UF": "AP",
        "NM_UF": "Amapá",
        "CD_UF": 16,
        "NM_MUN": "Tartarugalzinho",
        "CD_MUN": 1600709,
        "CT_LOCALIDADE": "Povoado",
        "SCT_LOCALIDADE": "",
        "NM_RGINT": "Oiapoque - Porto Grande",
        "CD_RGINT": 1602,
        "NM_RGI": "Oiapoque",
        "CD_RGI": 160003,
        "LAT_LOCALIDADE": 1.38150000572205,
        "LONG_LOCALIDADE": -50.9906997680664,
        "CATEGORIA_MAPA": "Rural",
        "DIST_MUNICIPIO": 16.48,
        "DIST_INFOVIA": 149.43
      },
      "geometry": {
        "type": "Point",
        "coordinates": [
          -50.9907004335259,
          1.381452751399615
        ]
      }
    },
    {
      "type": "Feature",
      "properties": {
        "NM_LOCALIDADE": "Agrovila do PA Cedro",
        "CD_LOCALIDADE": 160070900003.0,
        "SIGLA_UF": "AP",
        "NM_UF": "Amapá",
        "CD_UF": 16,
        "NM_MUN": "Tartarugalzinho",
        "CD_MUN": 1600709,
        "CT_LOCALIDADE": "Povoado",
        "SCT_LOCALIDADE": "",
        "NM_RGINT": "Oiapoque - Porto Grande",
        "CD_RGINT": 1602,
        "NM_RGI": "Oiapoque",
        "CD_RGI": 160003,
        "LAT_LOCALIDADE": 1.25020003318787,
        "LONG_LOCALIDADE": -51.124698638916,
        "CATEGORIA_MAPA": "Rural",
        "DIST_MUNICIPIO": 37.1,
        "DIST_INFOVIA": 134.88
      },
      "geometry": {
        "type": "Point",
        "coordinates": [
          -51.12465952380951,
          1.250222385673131
        ]
      }
    },
    {
      "type": "Feature",
      "properties": {
        "NM_LOCALIDADE": "Agrovila do PA Cedro",
        "CD_LOCALIDADE": 160070900003.0,
        "SIGLA_UF": "AP",
        "NM_UF": "Amapá",
        "CD_UF": 16,
        "NM_MUN": "Tartarugalzinho",
        "CD_MUN": 1600709,
        "CT_LOCALIDADE": "Agrovila do PA",
        "SCT_LOCALIDADE": "",
        "NM_RGINT": "Oiapoque - Porto Grande",
        "CD_RGINT": 1602,
        "NM_RGI": "Oiapoque",
        "CD_RGI": 160003,
        "LAT_LOCALIDADE": 1.25020003318787,
        "LONG_LOCALIDADE": -51.124698638916,
        "CATEGORIA_MAPA": "Rural",
        "DIST_MUNICIPIO": 37.1,
        "DIST_INFOVIA": 134.88
      },
      "geometry": {
        "type": "Point",
        "coordinates": [
          -51.12465952380951,
          1.250222385673131
        ]
      }
    },
    {
      "type": "Feature",
      "properties": {
        "NM_LOCALIDADE": "Terra Firme",
        "CD_LOCALIDADE": 160070900004.0,
        "SIGLA_UF": "AP",
        "NM_UF": "Amapá",
        "CD_UF": 16,
        "NM_MUN": "Tartarugalzinho",
        "CD_MUN": 1600709,
        "CT_LOCALIDADE": "Povoado",
        "SCT_LOCALIDADE": "",
        "NM_RGINT": "Oiapoque - Porto Grande",
        "CD_RGINT": 1602,
        "NM_RGI": "Oiapoque",
        "CD_RGI": 160003,
        "LAT_LOCALIDADE": 1.26579999923706,
        "LONG_LOCALIDADE": -50.6590995788574,
        "CATEGORIA_MAPA": "Rural",
        "DIST_MUNICIPIO": 38.65,
        "DIST_INFOVIA": 143.35
      },
      "geometry": {
        "type": "Point",
        "coordinates": [
          -50.6591448999999,
          1.265785509958329
        ]
      }
    },
    {
      "type": "Feature",
      "properties": {
        "NM_LOCALIDADE": "Agrovila do PA Nova Vida",
        "CD_LOCALIDADE": 160070900005.0,
        "SIGLA_UF": "AP",
        "NM_UF": "Amapá",
        "CD_UF": 16,
        "NM_MUN": "Tartarugalzinho",
        "CD_MUN": 1600709,
        "CT_LOCALIDADE": "Povoado",
        "SCT_LOCALIDADE": "",
        "NM_RGINT": "Oiapoque - Porto Grande",
        "CD_RGINT": 1602,
        "NM_RGI": "Oiapoque",
        "CD_RGI": 160003,
        "LAT_LOCALIDADE": 0.990599989891052,
        "LONG_LOCALIDADE": -51.2820014953613,
        "CATEGORIA_MAPA": "Rural",
        "DIST_MUNICIPIO": 70.65,
        "DIST_INFOVIA": 108.74
      },
      "geometry": {
        "type": "Point",
        "coordinates": [
          -51.2819747227722,
          0.990587980165412
        ]
      }
    },
    {
      "type": "Feature",
      "properties": {
        "NM_LOCALIDADE": "Agrovila do PA Nova Vida",
        "CD_LOCALIDADE": 160070900005.0,
        "SIGLA_UF": "AP",
        "NM_UF": "Amapá",
        "CD_UF": 16,
        "NM_MUN": "Tartarugalzinho",
        "CD_MUN": 1600709,
        "CT_LOCALIDADE": "Agrovila do PA",
        "SCT_LOCALIDADE": "",
        "NM_RGINT": "Oiapoque - Porto Grande",
        "CD_RGINT": 1602,
        "NM_RGI": "Oiapoque",
        "CD_RGI": 160003,
        "LAT_LOCALIDADE": 0.990599989891052,
        "LONG_LOCALIDADE": -51.2820014953613,
        "CATEGORIA_MAPA": "Rural",
        "DIST_MUNICIPIO": 70.65,
        "DIST_INFOVIA": 108.74
      },
      "geometry": {
        "type": "Point",
        "coordinates": [
          -51.2819747227722,
          0.990587980165412
        ]
      }
    },
    {
      "type": "Feature",
      "properties": {
        "NM_LOCALIDADE": "Andiroba",
        "CD_LOCALIDADE": 160070900006.0,
        "SIGLA_UF": "AP",
        "NM_UF": "Amapá",
        "CD_UF": 16,
        "NM_MUN": "Tartarugalzinho",
        "CD_MUN": 1600709,
        "CT_LOCALIDADE": "Povoado",
        "SCT_LOCALIDADE": "",
        "NM_RGINT": "Oiapoque - Porto Grande",
        "CD_RGINT": 1602,
        "NM_RGI": "Oiapoque",
        "CD_RGI": 160003,
        "LAT_LOCALIDADE": 1.40289998054504,
        "LONG_LOCALIDADE": -50.7220001220703,
        "CATEGORIA_MAPA": "Rural",
        "DIST_MUNICIPIO": 23.88,
        "DIST_INFOVIA": 156.12
      },
      "geometry": {
        "type": "Point",
        "coordinates": [
          -50.72202026315779,
          1.402867508725751
        ]
      }
    },
    {
      "type": "Feature",
      "properties": {
        "NM_LOCALIDADE": "Lago Novo",
        "CD_LOCALIDADE": 160070900007.0,
        "SIGLA_UF": "AP",
        "NM_UF": "Amapá",
        "CD_UF": 16,
        "NM_MUN": "Tartarugalzinho",
        "CD_MUN": 1600709,
        "CT_LOCALIDADE": "Povoado",
        "SCT_LOCALIDADE": "",
        "NM_RGINT": "Oiapoque - Porto Grande",
        "CD_RGINT": 1602,
        "NM_RGI": "Oiapoque",
        "CD_RGI": 160003,
        "LAT_LOCALIDADE": 1.38069999217987,
        "LONG_LOCALIDADE": -50.6818008422852,
        "CATEGORIA_MAPA": "Rural",
        "DIST_MUNICIPIO": 28.98,
        "DIST_INFOVIA": 154.86
      },
      "geometry": {
        "type": "Point",
        "coordinates": [
          -50.681826505154596,
          1.38070340201641
        ]
      }
    },
    {
      "type": "Feature",
      "properties": {
        "NM_LOCALIDADE": "Comunidade Quilombola São Tomé do Aporema",
        "CD_LOCALIDADE": 160070900008.0,
        "SIGLA_UF": "AP",
        "NM_UF": "Amapá",
        "CD_UF": 16,
        "NM_MUN": "Tartarugalzinho",
        "CD_MUN": 1600709,
        "CT_LOCALIDADE": "Localidade Quilombola",
        "SCT_LOCALIDADE": "Agrupamento Quilombola",
        "NM_RGINT": "Oiapoque - Porto Grande",
        "CD_RGINT": 1602,
        "NM_RGI": "Oiapoque",
        "CD_RGI": 160003,
        "LAT_LOCALIDADE": 1.11010003089905,
        "LONG_LOCALIDADE": -50.8339004516602,
        "CATEGORIA_MAPA": "Rural",
        "DIST_MUNICIPIO": 44.84,
        "DIST_INFOVIA": 121.62
      },
      "geometry": {
        "type": "Point",
        "coordinates": [
          -50.8339459545454,
          1.11011609087255
        ]
      }
    },
    {
      "type": "Feature",
      "properties": {
        "NM_LOCALIDADE": "Tartarugal Grande",
        "CD_LOCALIDADE": 160070900009.0,
        "SIGLA_UF": "AP",
        "NM_UF": "Amapá",
        "CD_UF": 16,
        "NM_MUN": "Tartarugalzinho",
        "CD_MUN": 1600709,
        "CT_LOCALIDADE": "Outras Localidades",
        "SCT_LOCALIDADE": "",
        "NM_RGINT": "Oiapoque - Porto Grande",
        "CD_RGINT": 1602,
        "NM_RGI": "Oiapoque",
        "CD_RGI": 160003,
        "LAT_LOCALIDADE": 1.39719998836517,
        "LONG_LOCALIDADE": -50.923900604248,
        "CATEGORIA_MAPA": "Rural",
        "DIST_MUNICIPIO": 12.2,
        "DIST_INFOVIA": 151.72
      },
      "geometry": {
        "type": "Point",
        "coordinates": [
          -50.9238802,
          1.397185099954018
        ]
      }
    },
    {
      "type": "Feature",
      "properties": {
        "NM_LOCALIDADE": "Santa Rosa",
        "CD_LOCALIDADE": 160070900010.0,
        "SIGLA_UF": "AP",
        "NM_UF": "Amapá",
        "CD_UF": 16,
        "NM_MUN": "Tartarugalzinho",
        "CD_MUN": 1600709,
        "CT_LOCALIDADE": "Outras Localidades",
        "SCT_LOCALIDADE": "",
        "NM_RGINT": "Oiapoque - Porto Grande",
        "CD_RGINT": 1602,
        "NM_RGI": "Oiapoque",
        "CD_RGI": 160003,
        "LAT_LOCALIDADE": 1.12810003757477,
        "LONG_LOCALIDADE": -50.4729995727539,
        "CATEGORIA_MAPA": "Rural",
        "DIST_MUNICIPIO": 64.27,
        "DIST_INFOVIA": 137.34
      },
      "geometry": {
        "type": "Point",
        "coordinates": [
          -50.4730162,
          1.128120399962868
        ]
      }
    },
    {
      "type": "Feature",
      "properties": {
        "NM_LOCALIDADE": "Ponta do Socorro",
        "CD_LOCALIDADE": 160070900011.0,
        "SIGLA_UF": "AP",
        "NM_UF": "Amapá",
        "CD_UF": 16,
        "NM_MUN": "Tartarugalzinho",
        "CD_MUN": 1600709,
        "CT_LOCALIDADE": "Lugarejo",
        "SCT_LOCALIDADE": "",
        "NM_RGINT": "Oiapoque - Porto Grande",
        "CD_RGINT": 1602,
        "NM_RGI": "Oiapoque",
        "CD_RGI": 160003,
        "LAT_LOCALIDADE": 1.21150004863739,
        "LONG_LOCALIDADE": -50.6657981872559,
        "CATEGORIA_MAPA": "Rural",
        "DIST_MUNICIPIO": 42.57,
        "DIST_INFOVIA": 137.39
      },
      "geometry": {
        "type": "Point",
        "coordinates": [
          -50.66575289130431,
          1.211513499960124
        ]
      }
    },
    {
      "type": "Feature",
      "properties": {
        "NM_LOCALIDADE": "Nazaré do Aporema",
        "CD_LOCALIDADE": 160070900012.0,
        "SIGLA_UF": "AP",
        "NM_UF": "Amapá",
        "CD_UF": 16,
        "NM_MUN": "Tartarugalzinho",
        "CD_MUN": 1600709,
        "CT_LOCALIDADE": "Outras Localidades",
        "SCT_LOCALIDADE": "",
        "NM_RGINT": "Oiapoque - Porto Grande",
        "CD_RGINT": 1602,
        "NM_RGI": "Oiapoque",
        "CD_RGI": 160003,
        "LAT_LOCALIDADE": 1.23080003261566,
        "LONG_LOCALIDADE": -50.8469009399414,
        "CATEGORIA_MAPA": "Rural",
        "DIST_MUNICIPIO": 31.41,
        "DIST_INFOVIA": 134.53
      },
      "geometry": {
        "type": "Point",
        "coordinates": [
          -50.8468865,
          1.230779499959491
        ]
      }
    },
    {
      "type": "Feature",
      "properties": {
        "NM_LOCALIDADE": "Agrovila do PA São Benedito do Aporema",
        "CD_LOCALIDADE": 160070900013.0,
        "SIGLA_UF": "AP",
        "NM_UF": "Amapá",
        "CD_UF": 16,
        "NM_MUN": "Tartarugalzinho",
        "CD_MUN": 1600709,
        "CT_LOCALIDADE": "Outras Localidades",
        "SCT_LOCALIDADE": "",
        "NM_RGINT": "Oiapoque - Porto Grande",
        "CD_RGINT": 1602,
        "NM_RGI": "Oiapoque",
        "CD_RGI": 160003,
        "LAT_LOCALIDADE": 1.09019994735718,
        "LONG_LOCALIDADE": -50.9136009216309,
        "CATEGORIA_MAPA": "Rural",
        "DIST_MUNICIPIO": 46.24,
        "DIST_INFOVIA": 117.94
      },
      "geometry": {
        "type": "Point",
        "coordinates": [
          -50.9136389,
          1.090231899964115
        ]
      }
    },
    {
      "type": "Feature",
      "properties": {
        "NM_LOCALIDADE": "Bonito do Aporema",
        "CD_LOCALIDADE": 160070900014.0,
        "SIGLA_UF": "AP",
        "NM_UF": "Amapá",
        "CD_UF": 16,
        "NM_MUN": "Tartarugalzinho",
        "CD_MUN": 1600709,
        "CT_LOCALIDADE": "Outras Localidades",
        "SCT_LOCALIDADE": "",
        "NM_RGINT": "Oiapoque - Porto Grande",
        "CD_RGINT": 1602,
        "NM_RGI": "Oiapoque",
        "CD_RGI": 160003,
        "LAT_LOCALIDADE": 1.15499997138977,
        "LONG_LOCALIDADE": -50.826000213623,
        "CATEGORIA_MAPA": "Rural",
        "DIST_MUNICIPIO": 40.15,
        "DIST_INFOVIA": 126.68
      },
      "geometry": {
        "type": "Point",
        "coordinates": [
          -50.8259907,
          1.155003899961984
        ]
      }
    },
    {
      "type": "Feature",
      "properties": {
        "NM_LOCALIDADE": "Fazenda Modelo",
        "CD_LOCALIDADE": 160070900015.0,
        "SIGLA_UF": "AP",
        "NM_UF": "Amapá",
        "CD_UF": 16,
        "NM_MUN": "Tartarugalzinho",
        "CD_MUN": 1600709,
        "CT_LOCALIDADE": "Outras Localidades",
        "SCT_LOCALIDADE": "",
        "NM_RGINT": "Oiapoque - Porto Grande",
        "CD_RGINT": 1602,
        "NM_RGI": "Oiapoque",
        "CD_RGI": 160003,
        "LAT_LOCALIDADE": 1.22599995136261,
        "LONG_LOCALIDADE": -50.8961982727051,
        "CATEGORIA_MAPA": "Rural",
        "DIST_MUNICIPIO": 31.18,
        "DIST_INFOVIA": 133.16
      },
      "geometry": {
        "type": "Point",
        "coordinates": [
          -50.8962093,
          1.226012499959647
        ]
      }
    },
    {
      "type": "Feature",
      "properties": {
        "NM_LOCALIDADE": "Entre Rios",
        "CD_LOCALIDADE": 160070900016.0,
        "SIGLA_UF": "AP",
        "NM_UF": "Amapá",
        "CD_UF": 16,
        "NM_MUN": "Tartarugalzinho",
        "CD_MUN": 1600709,
        "CT_LOCALIDADE": "Outras Localidades",
        "SCT_LOCALIDADE": "",
        "NM_RGINT": "Oiapoque - Porto Grande",
        "CD_RGINT": 1602,
        "NM_RGI": "Oiapoque",
        "CD_RGI": 160003,
        "LAT_LOCALIDADE": 1.14590001106262,
        "LONG_LOCALIDADE": -51.1912994384766,
        "CATEGORIA_MAPA": "Rural",
        "DIST_MUNICIPIO": 50.78,
        "DIST_INFOVIA": 123.98
      },
      "geometry": {
        "type": "Point",
        "coordinates": [
          -51.1912984,
          1.145908599962283
        ]
      }
    },
    {
      "type": "Feature",
      "properties": {
        "NM_LOCALIDADE": "Agrovila do PA Governador Janary",
        "CD_LOCALIDADE": 160070900017.0,
        "SIGLA_UF": "AP",
        "NM_UF": "Amapá",
        "CD_UF": 16,
        "NM_MUN": "Tartarugalzinho",
        "CD_MUN": 1600709,
        "CT_LOCALIDADE": "Outras Localidades",
        "SCT_LOCALIDADE": "",
        "NM_RGINT": "Oiapoque - Porto Grande",
        "CD_RGINT": 1602,
        "NM_RGI": "Oiapoque",
        "CD_RGI": 160003,
        "LAT_LOCALIDADE": 1.31079995632172,
        "LONG_LOCALIDADE": -51.0185012817383,
        "CATEGORIA_MAPA": "Rural",
        "DIST_MUNICIPIO": 24.81,
        "DIST_INFOVIA": 141.46
      },
      "geometry": {
        "type": "Point",
        "coordinates": [
          -51.0184608,
          1.310817399956858
        ]
      }
    },
    {
      "type": "Feature",
      "properties": {
        "NM_LOCALIDADE": "Janary 2",
        "CD_LOCALIDADE": 160070900018.0,
        "SIGLA_UF": "AP",
        "NM_UF": "Amapá",
        "CD_UF": 16,
        "NM_MUN": "Tartarugalzinho",
        "CD_MUN": 1600709,
        "CT_LOCALIDADE": "Outras Localidades",
        "SCT_LOCALIDADE": "",
        "NM_RGINT": "Oiapoque - Porto Grande",
        "CD_RGINT": 1602,
        "NM_RGI": "Oiapoque",
        "CD_RGI": 160003,
        "LAT_LOCALIDADE": 1.28149998188019,
        "LONG_LOCALIDADE": -50.9786987304688,
        "CATEGORIA_MAPA": "Rural",
        "DIST_MUNICIPIO": 26.1,
        "DIST_INFOVIA": 138.41
      },
      "geometry": {
        "type": "Point",
        "coordinates": [
          -50.97866,
          1.281469999957823
        ]
      }
    },
    {
      "type": "Feature",
      "properties": {
        "NM_LOCALIDADE": "Jarilândia",
        "CD_LOCALIDADE": 160080800001.0,
        "SIGLA_UF": "AP",
        "NM_UF": "Amapá",
        "CD_UF": 16,
        "NM_MUN": "Vitória do Jari",
        "CD_MUN": 1600808,
        "CT_LOCALIDADE": "Povoado",
        "SCT_LOCALIDADE": "",
        "NM_RGINT": "Macapá",
        "CD_RGINT": 1601,
        "NM_RGI": "Laranjal do Jari",
        "CD_RGI": 160002,
        "LAT_LOCALIDADE": -1.12339997291565,
        "LONG_LOCALIDADE": -51.9958000183105,
        "CATEGORIA_MAPA": "Rural",
        "DIST_MUNICIPIO": 52.73,
        "DIST_INFOVIA": 12.6
      },
      "geometry": {
        "type": "Point",
        "coordinates": [
          -51.9958116836734,
          -1.123377096901794
        ]
      }
    },
    {
      "type": "Feature",
      "properties": {
        "NM_LOCALIDADE": "Comunidade Quilombola Taperera",
        "CD_LOCALIDADE": 160080800002.0,
        "SIGLA_UF": "AP",
        "NM_UF": "Amapá",
        "CD_UF": 16,
        "NM_MUN": "Vitória do Jari",
        "CD_MUN": 1600808,
        "CT_LOCALIDADE": "Localidade Quilombola",
        "SCT_LOCALIDADE": "Agrupamento Quilombola",
        "NM_RGINT": "Macapá",
        "CD_RGINT": 1601,
        "NM_RGI": "Laranjal do Jari",
        "CD_RGI": 160002,
        "LAT_LOCALIDADE": -0.885500013828278,
        "LONG_LOCALIDADE": -51.9015998840332,
        "CATEGORIA_MAPA": "Rural",
        "DIST_MUNICIPIO": 58.76,
        "DIST_INFOVIA": 22.35
      },
      "geometry": {
        "type": "Point",
        "coordinates": [
          -51.90161703448269,
          -0.885484586177747
        ]
      }
    },
    {
      "type": "Feature",
      "properties": {
        "NM_LOCALIDADE": "Aterro",
        "CD_LOCALIDADE": 160080800003.0,
        "SIGLA_UF": "AP",
        "NM_UF": "Amapá",
        "CD_UF": 16,
        "NM_MUN": "Vitória do Jari",
        "CD_MUN": 1600808,
        "CT_LOCALIDADE": "Lugarejo",
        "SCT_LOCALIDADE": "",
        "NM_RGINT": "Macapá",
        "CD_RGINT": 1601,
        "NM_RGI": "Laranjal do Jari",
        "CD_RGI": 160002,
        "LAT_LOCALIDADE": -0.916000008583069,
        "LONG_LOCALIDADE": -52.1352005004883,
        "CATEGORIA_MAPA": "Rural",
        "DIST_MUNICIPIO": 32.62,
        "DIST_INFOVIA": 38.72
      },
      "geometry": {
        "type": "Point",
        "coordinates": [
          -52.1352044857142,
          -0.916037542826988
        ]
      }
    },
    {
      "type": "Feature",
      "properties": {
        "NM_LOCALIDADE": "Vila Nova",
        "CD_LOCALIDADE": 160080800004.0,
        "SIGLA_UF": "AP",
        "NM_UF": "Amapá",
        "CD_UF": 16,
        "NM_MUN": "Vitória do Jari",
        "CD_MUN": 1600808,
        "CT_LOCALIDADE": "Outras Localidades",
        "SCT_LOCALIDADE": "",
        "NM_RGINT": "Macapá",
        "CD_RGINT": 1601,
        "NM_RGI": "Laranjal do Jari",
        "CD_RGI": 160002,
        "LAT_LOCALIDADE": -0.916000008583069,
        "LONG_LOCALIDADE": -52.0752983093262,
        "CATEGORIA_MAPA": "Rural",
        "DIST_MUNICIPIO": 39.28,
        "DIST_INFOVIA": 34.24
      },
      "geometry": {
        "type": "Point",
        "coordinates": [
          -52.0752675,
          -0.915971499969848
        ]
      }
    },
    {
      "type": "Feature",
      "properties": {
        "NM_LOCALIDADE": "Comércio",
        "CD_LOCALIDADE": 160080800005.0,
        "SIGLA_UF": "AP",
        "NM_UF": "Amapá",
        "CD_UF": 16,
        "NM_MUN": "Vitória do Jari",
        "CD_MUN": 1600808,
        "CT_LOCALIDADE": "Lugarejo",
        "SCT_LOCALIDADE": "",
        "NM_RGINT": "Macapá",
        "CD_RGINT": 1601,
        "NM_RGI": "Laranjal do Jari",
        "CD_RGI": 160002,
        "LAT_LOCALIDADE": -0.923399984836578,
        "LONG_LOCALIDADE": -52.0648994445801,
        "CATEGORIA_MAPA": "Rural",
        "DIST_MUNICIPIO": 40.41,
        "DIST_INFOVIA": 32.88
      },
      "geometry": {
        "type": "Point",
        "coordinates": [
          -52.0649155555555,
          -0.923409499969602
        ]
      }
    },
    {
      "type": "Feature",
      "properties": {
        "NM_LOCALIDADE": "Boa Vista",
        "CD_LOCALIDADE": 160080800006.0,
        "SIGLA_UF": "AP",
        "NM_UF": "Amapá",
        "CD_UF": 16,
        "NM_MUN": "Vitória do Jari",
        "CD_MUN": 1600808,
        "CT_LOCALIDADE": "Outras Localidades",
        "SCT_LOCALIDADE": "",
        "NM_RGINT": "Macapá",
        "CD_RGINT": 1601,
        "NM_RGI": "Laranjal do Jari",
        "CD_RGI": 160002,
        "LAT_LOCALIDADE": -0.904600024223328,
        "LONG_LOCALIDADE": -52.0434989929199,
        "CATEGORIA_MAPA": "Rural",
        "DIST_MUNICIPIO": 42.88,
        "DIST_INFOVIA": 33.23
      },
      "geometry": {
        "type": "Point",
        "coordinates": [
          -52.0434686,
          -0.904638499970221
        ]
      }
    },
    {
      "type": "Feature",
      "properties": {
        "NM_LOCALIDADE": "Santa Helena",
        "CD_LOCALIDADE": 160080800007.0,
        "SIGLA_UF": "AP",
        "NM_UF": "Amapá",
        "CD_UF": 16,
        "NM_MUN": "Vitória do Jari",
        "CD_MUN": 1600808,
        "CT_LOCALIDADE": "Outras Localidades",
        "SCT_LOCALIDADE": "",
        "NM_RGINT": "Macapá",
        "CD_RGINT": 1601,
        "NM_RGI": "Laranjal do Jari",
        "CD_RGI": 160002,
        "LAT_LOCALIDADE": -0.913999974727631,
        "LONG_LOCALIDADE": -52.1073989868164,
        "CATEGORIA_MAPA": "Rural",
        "DIST_MUNICIPIO": 35.73,
        "DIST_INFOVIA": 36.72
      },
      "geometry": {
        "type": "Point",
        "coordinates": [
          -52.10736820000001,
          -0.914009199969913
        ]
      }
    },
    {
      "type": "Feature",
      "properties": {
        "NM_LOCALIDADE": "Furo do Limão",
        "CD_LOCALIDADE": 160080800008.0,
        "SIGLA_UF": "AP",
        "NM_UF": "Amapá",
        "CD_UF": 16,
        "NM_MUN": "Vitória do Jari",
        "CD_MUN": 1600808,
        "CT_LOCALIDADE": "Outras Localidades",
        "SCT_LOCALIDADE": "",
        "NM_RGINT": "Macapá",
        "CD_RGINT": 1601,
        "NM_RGI": "Laranjal do Jari",
        "CD_RGI": 160002,
        "LAT_LOCALIDADE": -1.05579996109009,
        "LONG_LOCALIDADE": -51.6986999511719,
        "CATEGORIA_MAPA": "Rural",
        "DIST_MUNICIPIO": 82.34,
        "DIST_INFOVIA": 4.11
      },
      "geometry": {
        "type": "Point",
        "coordinates": [
          -51.6986854,
          -1.055759399965248
        ]
      }
    },
    {
      "type": "Feature",
      "properties": {
        "NM_LOCALIDADE": "São Sebastião",
        "CD_LOCALIDADE": 160080800009.0,
        "SIGLA_UF": "AP",
        "NM_UF": "Amapá",
        "CD_UF": 16,
        "NM_MUN": "Vitória do Jari",
        "CD_MUN": 1600808,
        "CT_LOCALIDADE": "Outras Localidades",
        "SCT_LOCALIDADE": "",
        "NM_RGINT": "Macapá",
        "CD_RGINT": 1601,
        "NM_RGI": "Laranjal do Jari",
        "CD_RGI": 160002,
        "LAT_LOCALIDADE": -0.877300024032593,
        "LONG_LOCALIDADE": -51.9310989379883,
        "CATEGORIA_MAPA": "Rural",
        "DIST_MUNICIPIO": 55.58,
        "DIST_INFOVIA": 25.61
      },
      "geometry": {
        "type": "Point",
        "coordinates": [
          -51.9311467,
          -0.877284399971121
        ]
      }
    },
    {
      "type": "Feature",
      "properties": {
        "NM_LOCALIDADE": "Santa Rita",
        "CD_LOCALIDADE": 160080800010.0,
        "SIGLA_UF": "AP",
        "NM_UF": "Amapá",
        "CD_UF": 16,
        "NM_MUN": "Vitória do Jari",
        "CD_MUN": 1600808,
        "CT_LOCALIDADE": "Outras Localidades",
        "SCT_LOCALIDADE": "",
        "NM_RGINT": "Macapá",
        "CD_RGINT": 1601,
        "NM_RGI": "Laranjal do Jari",
        "CD_RGI": 160002,
        "LAT_LOCALIDADE": -0.888899981975555,
        "LONG_LOCALIDADE": -51.8685989379883,
        "CATEGORIA_MAPA": "Rural",
        "DIST_MUNICIPIO": 62.39,
        "DIST_INFOVIA": 18.69
      },
      "geometry": {
        "type": "Point",
        "coordinates": [
          -51.8685994,
          -0.888931899970738
        ]
      }
    },
    {
      "type": "Feature",
      "properties": {
        "NM_LOCALIDADE": "São João",
        "CD_LOCALIDADE": 160080800011.0,
        "SIGLA_UF": "AP",
        "NM_UF": "Amapá",
        "CD_UF": 16,
        "NM_MUN": "Vitória do Jari",
        "CD_MUN": 1600808,
        "CT_LOCALIDADE": "Povoado",
        "SCT_LOCALIDADE": "",
        "NM_RGINT": "Macapá",
        "CD_RGINT": 1601,
        "NM_RGI": "Laranjal do Jari",
        "CD_RGI": 160002,
        "LAT_LOCALIDADE": -0.870899975299835,
        "LONG_LOCALIDADE": -51.8209991455078,
        "CATEGORIA_MAPA": "Rural",
        "DIST_MUNICIPIO": 67.83,
        "DIST_INFOVIA": 13.35
      },
      "geometry": {
        "type": "Point",
        "coordinates": [
          -51.82099171833391,
          -0.870891516049785
        ]
      }
    },
    {
      "type": "Feature",
      "properties": {
        "NM_LOCALIDADE": "Santana do Cajari",
        "CD_LOCALIDADE": 160080800012.0,
        "SIGLA_UF": "AP",
        "NM_UF": "Amapá",
        "CD_UF": 16,
        "NM_MUN": "Vitória do Jari",
        "CD_MUN": 1600808,
        "CT_LOCALIDADE": "Outras Localidades",
        "SCT_LOCALIDADE": "",
        "NM_RGINT": "Macapá",
        "CD_RGINT": 1601,
        "NM_RGI": "Laranjal do Jari",
        "CD_RGI": 160002,
        "LAT_LOCALIDADE": -0.805199980735779,
        "LONG_LOCALIDADE": -51.7144012451172,
        "CATEGORIA_MAPA": "Rural",
        "DIST_MUNICIPIO": 80.56,
        "DIST_INFOVIA": 2.13
      },
      "geometry": {
        "type": "Point",
        "coordinates": [
          -51.7143905,
          -0.805216199973493
        ]
      }
    },
    {
      "type": "Feature",
      "properties": {
        "NM_LOCALIDADE": "Vila Progresso",
        "CD_LOCALIDADE": 160080800013.0,
        "SIGLA_UF": "AP",
        "NM_UF": "Amapá",
        "CD_UF": 16,
        "NM_MUN": "Vitória do Jari",
        "CD_MUN": 1600808,
        "CT_LOCALIDADE": "Outras Localidades",
        "SCT_LOCALIDADE": "",
        "NM_RGINT": "Macapá",
        "CD_RGINT": 1601,
        "NM_RGI": "Laranjal do Jari",
        "CD_RGI": 160002,
        "LAT_LOCALIDADE": -0.923099994659424,
        "LONG_LOCALIDADE": -51.7072982788086,
        "CATEGORIA_MAPA": "Rural",
        "DIST_MUNICIPIO": 80.17,
        "DIST_INFOVIA": 1.36
      },
      "geometry": {
        "type": "Point",
        "coordinates": [
          -51.7072691,
          -0.923132399969612
        ]
      }
    },
    {
      "type": "Feature",
      "properties": {
        "NM_LOCALIDADE": "Tapaiúna",
        "CD_LOCALIDADE": 160080800014.0,
        "SIGLA_UF": "AP",
        "NM_UF": "Amapá",
        "CD_UF": 16,
        "NM_MUN": "Vitória do Jari",
        "CD_MUN": 1600808,
        "CT_LOCALIDADE": "Outras Localidades",
        "SCT_LOCALIDADE": "",
        "NM_RGINT": "Macapá",
        "CD_RGINT": 1601,
        "NM_RGI": "Laranjal do Jari",
        "CD_RGI": 160002,
        "LAT_LOCALIDADE": -0.877799987792969,
        "LONG_LOCALIDADE": -51.9844017028809,
        "CATEGORIA_MAPA": "Rural",
        "DIST_MUNICIPIO": 49.68,
        "DIST_INFOVIA": 31.53
      },
      "geometry": {
        "type": "Point",
        "coordinates": [
          -51.9844101,
          -0.877777999971105
        ]
      }
    }
  ]
}